# 3D point list with one line of data per point:
#   POINT3D_ID, X, Y, Z, R, G, B, ERROR, TRACK[] as (IMAGE_ID, POINT2D_IDX)
# Number of points: 5640, mean track length: 5.2395390070921986
1 -0.58756153411531808 0.60361677721407958 1.9651266240511074 255 233 72 0.43757904315661889 26 0 89 14 97 12 59 723 51 767 46 689 22 697 94 667 52 651 13 60 34 84
2 -0.32391895918735003 0.6238226294036241 1.9368280878925359 255 220 62 0.27121932524358694 26 2 89 19 97 18 16 299 95 6 24 121 68 197 38 241 7 245
3 0.61498121474352818 0.77143339506927755 1.7383744364708476 208 206 226 0.20442878592866215 26 40 89 47 41 34 97 33
4 1.0824971691896934 0.94642950984099328 1.7327037060195236 254 220 61 0.087752430835309161 26 383 89 78 41 419 97 410 95 394
5 1.0817239459453918 0.94610366834171722 1.7285918567899732 254 220 61 0.10367286060714358 26 384 89 79 41 420 97 411 16 388
6 1.2797231366592812 0.98561064834645395 1.6976750538455827 171 113 31 0.28316972217624581 26 148 89 85 41 89 97 78 16 182
7 -0.035493603636545315 1.0669686436934176 2.1369998541382533 246 202 54 0.32544045576146724 26 46 89 130 41 455 97 447 16 327
8 -0.012612236781742043 1.1038510478858581 2.1266867679584562 254 209 59 0.20913412495312325 26 56 89 147 97 461 8 709 16 58 95 72 24 158 8 217 54 497
10 -0.18938925140164273 1.2638660326809528 2.094987061849551 170 179 205 0.18735820242606843 26 75 89 202 8 314 95 87 59 356
11 0.077577324159808808 1.9322810588855033 2.3598267570817635 68 52 45 0.84033740748842811 26 539 89 395 97 292
12 0.18278362156308051 1.974659242048928 2.3288389054753771 190 175 140 0.44730600851924163 26 552 89 410 41 330 97 306 8 782 16 462 95 259 24 607 61 613 54 507 59 516 68 352 86 484 7 548 23 169
13 0.79518205507472572 2.2877660209596593 2.0238838039968683 148 98 70 0.24349059470725751 26 570 89 473 41 376 97 367 16 517 95 511 72 590
14 -0.66781091000744286 0.6947512585355845 2.0011324021771086 10 9 3 2.3119148838524071 26 1070 89 492 41 16 72 904
16 1.0882847747969591 0.88498994162747391 1.7799956159955079 143 76 11 0.33436837194625108 26 89 89 515 41 410 97 401 16 129 95 101 91 196 42 139 21 75
17 1.2571057789112199 0.94140551848882548 1.7083171701459812 148 81 11 0.3586050701195605 26 406 89 523 41 421 97 408 8 16 16 417 95 407 24 18 61 12 54 6 93 16 87 48 70 175 42 193 91 239 72 124 37 98
18 1.2924281422010191 0.9562984966856265 1.6958859564087256 131 77 15 0.20827919443916165 26 417 89 526 41 425 97 414 95 414 72 311
19 1.2920441627334296 0.95538539745215478 1.694437053685548 131 77 15 0.31801337737265356 26 418 89 527 41 426 97 415 8 583 16 428 95 415 24 390 61 402 54 334 44 45 70 427 87 305 36 111 91 243 42 450 72 312 76 89
20 1.1452658848765889 0.96900110191178357 1.7050838346778083 254 221 58 0.10347956519258664 26 402 89 533 41 430 97 417 16 405
21 -0.37256811215546809 1.165721296575758 2.1252880346793841 253 211 59 0.29575476303350257 26 44 89 603 41 485 97 480 8 925 16 41 95 54 24 745 61 779 59 1081 68 993 34 589 86 745 54 853 38 804 7 813 81 759 63 559 23 799 30 127
23 1.3866504208951613 2.0581350224599304 2.2376205401121929 225 212 177 0.31385875328943968 26 567 89 754 41 663 97 666 16 519 95 739 72 598 29 879 21 670 37 490 96 627 85 580
24 0.74171673243713721 2.3017271080734218 2.0350826052692859 105 71 52 0.17152786159269925 26 568 89 758 41 671 97 673 8 788 24 608 61 601 68 257
25 0.88541819911644692 0.68371143791510758 1.5365649565986179 128 139 163 0.17272227668826687 26 808 89 787 41 691 97 698 16 731 95 756
26 1.0649279674384651 0.91494178335674747 1.7787373529645532 254 209 50 0.3102662549685033 26 829 89 823 41 710 97 726 95 786 91 662 42 594
27 1.1294128385770059 0.92864704179518354 1.7341518421317772 254 201 49 0.19816511725253128 26 639 89 825 41 714 97 728
29 1.354151932444678 0.97980047028734452 1.7214987054999542 254 245 112 0.31746908820317576 26 843 89 834 41 726 97 740 95 805 16 625 24 639
30 -0.0037130706548907182 1.0439133668898526 2.1610301860691115 123 90 21 0.40886396627411725 26 334 89 846 41 442 97 746 8 866 24 692 61 697 54 673 13 789 93 95
31 -0.22735836568865389 1.1568535234332027 2.1266041008368735 247 206 57 0.25309277445805078 26 340 89 863 41 736 97 758 8 908 16 326 95 66 24 724 61 748 59 1066 51 1131 13 800 21 95
32 -0.12829845220274383 1.2788083341644947 2.1029606535275094 128 140 170 0.51355078048400238 26 615 89 876 41 747 97 773 16 560 95 377 21 455 49 580 3 396 29 448
38 -0.12966259636612298 1.241250284380276 2.1105115097811664 74 64 14 0.4504937732039615 26 612 89 1041 41 876 97 901 8 1024 16 342 95 565 24 731 61 749 54 508 59 1218 86 500 21 1033 49 1087 29 667
39 1.1228135029441948 1.8612501409114992 2.3542850281109344 239 221 182 0.13449894693617048 26 971 89 1110 41 956 97 982 16 852
41 1.1848122006780235 1.8960125250086854 2.3378603517879823 237 220 181 0.3055702551812885 26 1135 89 1119 41 966 97 992 8 1019 16 875 95 1091 59 1185 51 1349 13 1386 72 893 21 1084 29 1077 37 735
44 0.41380551860923265 1.9727562353523918 2.318832732890411 220 202 163 0.12518707722910716 26 904 89 1142 41 980 97 1012 16 772
45 0.41361266083636788 1.9728993985843677 2.3194058882041091 220 202 163 0.14295234761256606 26 903 89 1143 97 1013 16 771
46 1.4505895626983469 2.0059411564946701 2.2754823434470022 234 218 180 1.084145237137623 26 1147 89 1148 41 1149 97 1031 8 1012 16 1042 95 1146 59 1001 51 1180 52 208 90 161 99 711 84 902 93 947 13 1390 91 1014 42 877 72 967 21 1250 10 1041 49 1176 29 1146 49 1208 96 972
47 0.03827868437385145 1.9808422129013943 2.2454958674282053 89 64 54 0.77476994640717811 26 721 89 1149 41 982 97 1020 8 1149 95 487 24 791 59 1307 51 1460 13 1272 81 922 72 345
49 0.37658191305612893 2.0326368904513896 2.2716182004761589 222 205 168 0.28764915826163923 26 922 89 1168 97 1034 95 877 21 1081
50 1.3112181879007034 2.0831635196219547 2.2162744573714139 233 218 179 0.20846007373402697 26 1043 89 1188 41 1029 97 1062 16 939
51 0.56708752328046108 2.105235296672606 2.2145505471657336 223 206 169 0.62541868030212877 26 982 89 1192 41 1026 97 1064 8 1134 59 1286 51 1248 46 1174 22 1177
52 0.58566424489481705 2.1565645411527012 2.1888729711239545 105 71 53 0.77620643274374501 26 996 89 1208 95 945 61 958 72 705
53 0.6931415032657533 2.158312712722382 2.1679718114226096 228 210 170 0.40158989767768538 26 1011 89 1216 41 1048 97 1084 8 1131 59 1280 51 1245
54 0.98616499937200974 2.2107336741546191 2.1315693431142666 234 217 178 0.16958295674974005 26 1045 89 1224 41 1062 97 1095
56 1.0149959764283956 2.2915148872416342 2.0813810893839682 234 217 178 0.3389541371046973 26 1059 89 1233 41 1071 97 1107 8 1129 16 940 95 1012 24 960 61 938 59 1257 51 1418 46 1125 22 1127 94 1087 98 786 52 1028 90 922 13 1490 37 484
57 1.1430423109846364 2.3356998051703273 2.0199188909297252 237 219 179 0.25868468961267055 26 1065 89 1238 41 1076 97 1112
58 -0.38082208074684715 0.638562455724622 1.9360646451026853 255 218 68 0.64276179267460898 26 1071 89 1243 41 1084 97 1118 8 1175 16 955 95 1027 24 1097 61 1097 54 1026 59 1346 51 1298 68 1210 46 1278 22 1254 94 1022 98 657 52 937 33 59 39 78 93 818 13 991 86 1054 38 1150 7 1150 81 1050 55 1083 9 1089 63 1072 70 960 36 1018 15 1016 23 1054 72 836
60 0.85984009519877169 0.8271253028918174 1.4665321241513534 19 15 9 0.088452172923140629 26 1184 89 1248 41 1100 97 1134
61 -0.2247004677553488 0.82192191795360081 1.8323024644269428 255 234 65 0.3128533367215961 26 1076 89 1250 41 1096 97 1130 8 1190 16 960 24 1037 61 1044 72 603 21 682
62 -0.012944402844728203 1.0860233603685918 2.1418425854006338 246 197 51 0.66071526697993999 26 1178 89 1268 41 1112 97 1152 8 1200 16 1067 24 1041 61 1045 54 943 59 1351 51 1330 46 1291 22 1280 94 1218 98 993 39 620 52 970 33 617 90 619 99 641 93 868 13 1326 87 908 70 979 91 969 42 962
63 -0.24921917650026712 1.2041026463069011 2.1337562112275563 56 54 61 0.89171803158562868 26 816 89 1278 41 1120 97 1161 16 723 95 560 24 1054 42 694 21 449
65 1.3742552304584723 1.9748058262371979 2.277900543323939 236 219 182 0.25594741063592358 26 1143 89 1304 41 1148 97 1190 16 1039 95 1101 72 899 21 1201 29 1083 37 740
67 0.82105999814227804 2.2145410069503431 2.1186206604085629 233 216 177 0.13789766796945233 26 1146 89 1306 41 1150 97 1193 16 1035
69 0.96939480632329722 2.3348751811604553 2.0350501587956531 227 210 173 0.70211094937866581 26 1152 89 1308 41 1152 97 1194 95 1106 51 1429 94 852 98 370 21 1135
71 1.2126900499464965 2.3747257510659767 2.0254923018610924 235 217 180 0.77529530390002377 26 1158 89 1310 97 1196 8 1127 41 1077 16 1049 95 1112 61 918 54 775 51 1239 52 814 90 738 99 1049 84 1043 93 1070 13 1496 88 750 40 803 72 946 21 1254 49 1182 43 201 29 1128 37 764
74 0.47252049489059406 2.1179753236355499 2.1782161387761789 103 70 54 0.92052488843247315 26 1219 89 1363 41 1199 97 1248 16 1092 95 1142 24 1118 61 1119 87 983 72 932 37 761 76 918
77 0.68184808515784634 2.3035618225167651 2.0582236870242441 103 70 51 0.6855972124346349 26 1221 89 1367 41 1202 97 1251 8 1291 16 1033 95 1145 24 1060 61 959 54 828 59 1429 70 862 42 752
80 -0.070436513361897685 1.3008206863488456 2.1022603757159901 17 16 14 1.2136268093376008 26 1191 89 1385 8 1321 16 979 95 1126 24 1163 61 1112 24 1111 54 961 59 1453 51 1580 68 1276 22 1440 94 1376 84 1242 13 1594 86 873 87 824
81 0.42965501066074951 2.1827970378791774 2.1186535207663466 96 66 54 0.83167282125844721 26 1220 89 1392 41 1232 97 1275 8 1329 16 1024
82 -0.39057557232479767 0.59904984346352674 1.2158785705467374 252 230 73 0.88592247794842149 89 2 41 3 97 2
83 -0.23737009210713772 0.61576565305269237 1.9366156127307101 172 129 43 0.09778923528200173 89 15 41 10 97 13
84 -0.51465248634999661 0.6757897861640636 1.8781351445132242 255 234 74 0.10818421575434922 89 32 41 14 97 22
85 -0.51465248634999661 0.6757897861640636 1.8781351445132242 255 234 74 0.10818421575434922 89 33 41 15 97 23
86 -0.30441478726896543 0.71753332207322007 1.8623165874207792 173 139 46 0.057784913108580964 89 42 41 23 97 28
87 0.87006128634435531 0.7025321038651321 1.530436596168913 77 77 80 0.14075206591438855 26 327 41 24 97 26 16 344
88 -0.62544770072616096 0.73976904862780513 1.9740890818803603 111 96 28 0.3125749356206215 89 48 41 26 97 31
89 -0.20661009296210739 0.76224535718584963 1.8425790229359003 254 230 70 0.55120893534648752 89 50 41 27 59 691 51 90 46 54 22 114 94 89 98 96 52 639 39 71 33 55 90 578 99 29 99 833 84 31 13 77 34 49
90 -0.56526302415150442 0.78077029907369 2.1132024682427901 106 61 7 0.018507536452067427 89 61 41 31 97 34
91 0.02551121067068839 0.77004745425383647 2.1877109116585012 254 239 65 0.077218310348687383 89 56 41 33 97 36
92 0.47884107163428874 0.76781412084691703 2.1346135586818296 210 215 240 0.20252233873325101 89 54 41 37 97 37 24 441 61 460
93 -0.55935971628360981 0.8235378191775532 2.1452736400205259 101 58 7 0.014593187930656745 89 65 41 40 97 49
94 0.049123583803442991 0.82108156563377144 2.219421241200044 255 238 64 0.0095821520037657221 89 513 41 47 97 51
95 0.57794622613342395 0.81562258039341962 1.7697071226084113 59 65 82 0.17387557366231179 89 506 41 48 97 48
96 -0.14061950063442488 0.85284800563969598 2.2174459383041563 153 110 32 0.46196670570428133 89 69 41 55 97 397
97 0.0039068624982626417 0.8531488297573504 2.2724131921444721 142 95 13 0.082852182687108616 89 516 41 57 97 54
98 0.45794636286478851 0.85858912720050129 2.0470375664066305 129 87 16 0.071272109752003945 89 67 41 59 97 55
99 -0.65328616358184266 0.94291126490450106 2.1801641737160051 48 59 84 0.049661566164479642 89 87 41 65 97 61
100 1.3120030989166673 0.906352303810949 1.6947509363732045 164 94 15 0.59293176066272013 26 130 41 67 97 60 95 404 24 11 61 8 54 333 72 430 76 401
101 1.339712046945017 0.90525240024028519 1.7190293852903282 254 254 77 0.67636604624335628 89 68 41 68 97 406 16 607 95 578 24 9 61 7 54 331 21 723 10 22 49 526 3 26 29 654
102 -0.18709686153088878 0.97286486882218992 1.9248391175251176 126 78 11 0.20418112399091259 26 313 89 91 41 72 24 169 8 210 61 209
103 -0.55489812342545641 1.0041750717586553 2.3707940343138882 236 182 46 0.058295221397058471 89 116 41 77 97 74
104 0.48602798138352127 0.97841442300011372 2.2005165116805632 254 192 47 0.078121338172080959 26 70 41 79 97 70
105 1.1696879754034555 0.96742506932247341 1.700395660328518 176 101 14 0.067061379912712257 89 81 41 80 97 72
106 -0.77476478410352878 1.0553349382149868 2.5246179993834859 1 1 1 0.044564668475195475 89 135 41 82 97 87
107 -0.77476478410352878 1.0553349382149868 2.5246179993834859 1 1 1 0.044564668475195475 89 136 41 83 97 88
108 -0.55535567873952063 1.0461057475344733 2.3186922513947477 202 160 43 0.15437868543673075 89 125 41 84 97 436
109 0.63259463090925216 1.0035071564897831 1.281539170208442 74 88 119 0.2203394757764594 89 88 41 91 97 433
111 1.2336360128371802 0.98927421087137257 1.6782556622814209 172 104 19 0.28029132241767141 89 86 41 93 97 81 26 145 95 134
112 1.2339198582665567 0.98895163488211324 1.6845055521536796 172 104 19 0.33139083187709084 26 146 41 94 97 82 16 176
113 -0.072503726009161149 1.0878657106419685 2.1461936479795254 254 219 57 0.3655992699783101 89 140 41 100 97 100 61 566 24 562 54 262
114 -0.80866395721344664 1.1423203230834691 2.4797847082380686 60 70 96 0.20491945604847203 89 600 41 108 97 105
115 -0.062487836472308864 1.1495211257418954 2.1537243545962235 255 205 53 0.41707084775806458 26 349 89 162 41 114 97 120 16 335
116 2.2574646810956351 1.2029090460015097 4.7628124313954947 252 242 99 1.0021403747538742 89 167 41 120 97 106
117 2.2574646810956351 1.2029090460015097 4.7628124313954947 252 242 99 1.0021403747538742 89 168 41 121 97 107
118 1.0946757058850209 1.211318482616762 2.7262460903512933 223 128 19 0.52898920922025117 89 180 41 140 97 129
120 0.36678888428165607 1.1804045611342351 1.5132100594367459 98 108 134 0.095446631244078192 89 173 41 153 97 498
122 1.3110458086602657 1.2698806992072822 2.6198925297233333 186 110 23 0.46827051435381928 89 191 41 165
123 0.64741115629168189 1.2201903564717207 1.5079325704296516 27 21 11 0.17520996478302139 89 187 41 171 97 156
124 0.14239099864068377 1.285546296150569 1.813649811341463 51 60 85 0.066216264574358738 89 209 41 176 97 167
125 1.112998850137199 1.2403407438760323 1.500654630872756 183 116 30 0.14051862268393769 89 188 41 181 97 164
126 -0.98323274882872402 1.4255139264715946 2.7343191953451278 125 129 121 0.10155341075502478 89 234 41 186 97 182
127 -0.70716037698388567 1.4136718142697762 2.6054856781189271 3 3 4 0.12209911659556272 89 231 41 193 97 184
128 -0.69177973092176837 1.4343926066727313 2.6236280408336956 2 2 3 0.050107059664282361 89 666 41 196 97 544
129 -0.92169036820813077 1.4523326662251965 2.7289358457714412 121 125 118 0.13649667420710715 89 243 41 197 97 185
130 -0.66814674297849486 1.4533322958008581 2.6216938283963862 0 1 3 0.078082260343505197 89 246 41 202 97 190
131 0.46118223708433687 1.3264402845618575 1.7061782681365825 42 51 73 0.1896568435580003 89 646 41 203 97 548
132 0.46118223708433687 1.3264402845618575 1.7061782681365825 42 51 73 0.1896568435580003 89 647 41 204 97 549
133 -0.62230850646650215 1.4884188402694467 2.6349733385048779 1 2 3 0.08723663283735876 89 679 41 217 97 196
134 0.20702668054864576 1.4092031758058623 1.9972900816096206 61 46 33 0.11854536883064726 89 239 41 220 97 197
135 0.20702668054864576 1.4092031758058623 1.9972900816096206 61 46 33 0.11854536883064726 89 240 41 221 97 198
136 -0.55972643325621529 1.5064272403083363 2.569321509618709 1 1 3 0.22373282997290653 89 260 41 224 97 202 68 428
137 -0.64484261056082637 1.5214782668692657 2.6231971611309697 2 3 6 0.073298891392640453 89 262 41 225 97 203
138 0.29175699434459335 1.4279059475751776 2.0301217595019359 136 106 25 0.24514445223491033 26 660 89 244 41 226 95 588
139 1.6828073248939137 1.5129938038304838 2.8724582653852231 76 54 41 0.56009732124264466 41 229 95 286
140 -0.18487882016684573 1.5167600677338307 2.3364206730131856 6 5 6 0.043055674540157532 89 268 41 232
141 0.58014656099289552 1.4749994076318425 2.0932411017970294 56 55 66 0.065733581055945331 89 250 41 235 97 211
142 0.58153495033767499 1.4783698709052355 2.1273231036562916 56 55 66 0.16977588952432396 89 251 41 236 97 212 93 143
143 -0.77813625804801034 1.6222201803140339 2.5656140551378663 48 39 41 0.63548565673728596 89 315 41 245 24 385 54 327 59 857 51 978 68 455 93 499 38 618 16 71 7 640 55 567 9 288 44 261 63 615 87 269 70 39 23 656 65 358
144 0.4293703121972744 1.5487931533552104 2.3178438162861648 113 87 23 0.15727466339118187 89 690 41 246 97 221
145 0.59202478468266873 1.526843407650575 2.1667677039193216 63 72 94 0.21609597734548402 89 689 41 247 97 222
146 1.697563211127268 1.5613309944427247 2.620979692316705 123 118 103 0.24415493294250817 89 265 41 252 97 217 26 272 16 289
147 1.6981190987050201 1.560647448806008 2.6256807995751203 123 118 103 0.18425589405496454 89 266 41 253 97 218
148 -0.63097487550190656 1.640944745268395 2.4864672005375961 78 57 49 0.30314145872393905 26 380 89 320 41 256 97 240 16 349 95 140 24 625 61 627 54 718 86 763 38 834 7 862 81 791 55 991 63 825 87 702 70 597 23 857 91 555 42 517
149 0.26078653670582452 1.5624116817386273 2.1121197986662379 16 11 6 0.08532021077175761 89 302 41 258 97 237
150 0.27925067619301686 1.5772859850777614 2.1272946482041153 17 10 6 0.028472879440814766 89 311 41 260 97 241
151 1.7796496232518346 1.9067399790319184 4.6864094889615409 255 235 73 1.243371086380455 89 318 41 261 97 232
152 -0.56597048409868833 1.6710052348028865 2.4707459605852367 69 52 46 0.21809755319415935 89 333 41 265 97 248 61 624 24 623 54 530
154 -0.52851335412628642 1.7168475119072415 2.4642606151262711 24 15 13 0.25391850978766273 89 344 41 276 8 562 16 107 24 626 61 625 54 527 86 539 38 596 42 48
155 0.53115936542443898 1.6996711262904007 2.5263167970632083 197 178 139 0.07520430264846574 89 334 41 279 97 255 24 182
156 -0.56952207490619722 1.7466697713220887 2.4424525360970999 48 31 23 0.073610544045033588 89 350 41 281 97 260
159 0.86253100380611869 1.7918217464738484 2.4256018221089795 227 211 172 0.19142694087530224 89 357 41 297 97 276 8 296 24 156 59 269 51 418 13 475
160 0.84938190997709417 1.8147402142995996 2.4224498317056802 82 74 59 0.25723304172188355 89 365 41 302 97 283 8 302 95 274 24 163 61 163 59 280 51 433 22 341 94 340 98 327 52 260 90 211 99 193 84 189 93 260 13 495 77 175
161 0.84807599196493455 1.8123616925019648 2.4206320468244793 82 74 59 0.2194344131204598 89 366 41 303 8 301 95 275 24 162 61 162 59 279 68 166 46 262
162 0.2000930642145117 1.8776996194929882 2.3679181519353349 1 1 4 0.18889175575358128 89 390 41 312 97 290 8 482 24 325 61 316 51 623
163 0.81693055823741478 1.8828046410543107 2.3895052070649956 228 211 169 0.1530875587371035 26 271 41 319
164 0.041405429745913484 1.9216103757944816 2.3193568793107553 39 29 27 0.33891963172281075 26 237 41 322 61 364 54 280 86 243 7 246
165 0.30077836272552128 1.8955329213760963 2.1897905571709084 215 194 151 1.2738406348158533 89 397 41 325 97 295 24 320 61 309 51 593
166 1.4136565800345502 2.0461358635666715 2.2565097586586793 109 101 83 0.12316320773505328 89 432 41 346 97 327
167 1.3596849144996528 2.0675922033365692 2.2311150005174571 126 121 106 0.17970655253512238 89 434 41 356 97 331
168 0.4900852073729729 2.1080866536616867 2.1792102002129465 43 28 25 0.28962943522144075 26 283 41 362 8 527 24 347 54 257 86 196 38 502 7 186 81 451 87 472 70 399 23 113
169 0.29428818282798269 2.1366267372619037 2.1365651077423129 37 26 23 0.18077509193961022 89 755 41 363 97 350 8 567 68 341
170 1.23259536235708 2.1466756012628103 2.1861179441169094 122 118 106 0.036770734665545944 89 454 41 369
171 0.95090388661709202 2.2962632795722362 2.0824998587583936 224 207 167 0.47601818387751982 26 294 41 375 97 366 16 297 24 306
173 -0.6352503586147199 0.66336826800095272 1.9502580812536365 253 230 73 0.11967283342229952 89 31 41 385 95 2
174 -0.48774785018097327 0.71363102769205566 1.8672225005410577 255 234 72 0.071306668762205885 89 496 41 386 97 380
175 -0.42603964329160732 0.73979787227484561 1.8476999933179137 254 231 71 0.084329384911768723 89 499 41 387 97 382
176 -0.026137897925039847 0.71986823868005556 2.1774807463959602 139 78 12 0.11603013845608184 89 812 41 388 97 383
178 1.1999394255827511 0.76353145326289162 1.603947930102896 161 96 13 0.084019508376866725 89 495 41 393 97 385
179 0.13387414922288354 0.77152028678698392 2.4359174387747591 208 211 233 0.047725976827548776 89 509 41 396 97 393
180 1.2478431551871594 0.81214652886013938 1.6721907945122192 164 99 14 0.44463890132806255 89 503 41 398 24 387 8 576 61 397 54 332
181 -0.55832059020226354 0.86322778857695148 2.2140321268149283 99 54 5 0.052418663492935967 89 520 41 399 97 396
182 -0.20827280993257707 0.87875915147737715 1.8630526020629865 253 229 62 0.2086778998505335 89 518 41 401 97 399 8 185 24 153 61 189
183 -0.15469253372405198 0.87658180410607167 1.939461580879482 168 106 15 0.13627114863634146 89 70 41 403 97 56
184 0.76982658213116473 0.85984426684373672 1.4011934286371808 2 2 3 0.13240279298315957 89 508 41 404 97 395
185 0.71432422610855106 0.8576388372501057 1.9101037931037668 208 142 33 0.034721928075557275 89 514 41 405 97 398
186 1.0402916485825104 0.86787797521983367 1.7407870805376939 255 223 58 0.039396749292842377 89 511 41 407 97 400
187 -0.58011591979275634 0.91999876526939106 2.1443299746043478 74 92 125 0.08432452619645027 89 534 41 408 97 403
188 0.42323416538239617 0.90733818118433118 1.9934272457325899 124 84 15 0.071621406045050476 89 827 41 411 97 724
189 0.48790001706744024 0.90812009191344145 2.2078251214164792 254 231 60 0.037411501457492426 89 524 41 412 97 404
190 0.76888703613304066 0.9043458859895579 1.3804028502215362 6 4 3 0.11353915881406174 89 66 41 413 97 402
191 0.38836709481416182 0.95628244762024839 1.9997541077147987 126 89 17 0.076123092324958758 89 537 41 415 97 409
192 -0.1606415037235851 0.97824608604962227 1.936499746256948 253 231 62 0.012025255043480275 89 549 41 416 97 413
193 1.0578529641238483 0.95600820534154296 1.7198303103104051 199 115 15 0.030709155875158503 89 529 41 423 97 412
194 1.2184199199461434 0.95438110064401738 1.7220853017170996 185 111 18 0.16789071333541969 89 525 41 424 24 397 61 409 54 337 87 350 70 395 91 233 42 183
195 1.123263035057197 0.98007987289248955 1.7017473982571405 187 112 18 0.031966232462955303 89 538 41 431 97 422
196 1.123263035057197 0.98007987289248955 1.7017473982571405 187 112 18 0.031966232462955303 89 539 41 432 97 423
197 1.0941632868046476 0.98964671381214686 1.6901891727201881 254 215 54 0.050122821976562017 89 541 41 433 97 426
198 1.468209224842743 0.98066531107482813 1.6972102801816804 252 246 113 0.11403749611997201 26 458 41 435 97 76 16 644
199 1.4685425213626335 0.98317928141500821 1.7032680025327225 252 246 113 0.43283520161940547 26 459 41 436 97 77 16 645 95 591 72 635
200 1.2075568740598588 0.99216872304263715 1.6768113382493472 254 224 59 0.15235742077116171 26 423 89 540 41 441 97 428 16 425
201 1.1846159505835869 1.003516497724775 1.6692900562887278 179 113 22 0.061713268424895072 89 547 41 448 97 434
203 -0.1197361883775301 1.0770771378776152 2.0523177307094227 254 226 60 0.061976910505084505 26 333 41 460 95 334
204 1.2232600840213583 1.0430404806121583 1.6497078128383027 255 234 88 0.55879624967517916 26 443 41 470 97 453
205 1.1520548708923006 1.0548986212509375 1.6340582968226876 187 119 37 0.062091660765597433 89 563 41 474 97 455
206 -0.0976848609063692 1.1253507531504257 2.1014809770322898 254 225 58 0.16182071956944122 89 593 41 477 97 466 8 238 24 181 21 441 95 344
207 0.047545783968391105 1.1280563059212247 2.1121444600092709 228 186 53 0.34457093355366342 89 594 41 480 97 467 8 708 24 558 61 563 59 749 51 828 68 629 46 171 22 217 94 188 98 176 52 83 39 133 33 113 90 74
208 1.1881608912622534 1.096591887273993 1.5998479384551103 255 232 83 0.04707913051966682 89 575 41 489
210 -0.20441447458657636 1.2237215846522824 2.0949596038534657 162 173 202 0.21262779169369389 26 350 89 617 41 506 97 497 8 736 16 332 95 77 24 589 61 582 59 798 46 813 22 824 34 556
211 0.36706761531158488 1.236337103304785 1.5698397949170062 42 53 77 0.44948282680865281 89 871 41 526 97 513
212 0.6917621954248695 1.1850570218220544 1.050012648524528 253 248 79 0.24870943175110882 89 606 41 528 97 511
213 -0.014369293624331758 1.29868870157546 2.0935863819616292 86 81 22 0.74254141446476596 89 635 41 529 97 519 8 728 59 1061 51 1152 46 1083 52 993 39 1003 90 1040 99 896 13 1072 77 688 75 364 34 545 21 749 10 815 49 909 29 671
214 0.61454550509597616 1.2537330517372123 1.5721231871374628 80 91 117 0.1329293314136594 89 198 41 535 97 522
215 0.64246910629697174 1.2278259421128057 1.254671242389003 143 124 37 0.32255502452805179 89 869 41 537 97 775
217 0.35252085399827104 1.3418554506472655 1.9734558976297267 108 88 22 0.12709798366491673 89 881 41 547 97 539
218 0.35252085399827104 1.3418554506472655 1.9734558976297267 108 88 22 0.12709798366491673 89 882 41 548 97 540
219 -1.1187557461463966 1.5153037678055177 2.6337594364720176 137 94 73 0.42487556618077055 89 682 41 562 97 566 8 956 95 365 51 980
220 0.12893756502807396 1.4085959876747649 2.0291642698286565 9 12 20 0.71006937047155538 89 669 41 564 97 561 8 924 95 581
221 1.0701381703534607 1.3520150919966052 1.4387360875455728 254 229 77 0.39724861352351121 26 713 41 578 97 572
222 -0.88154381196059917 1.5714833439877767 2.6111691614592405 149 149 135 0.29333641814651967 26 76 89 691 41 579 97 594 8 792 95 390 24 794 61 797 54 722 59 1127 51 979 68 1058 46 1249 22 1226 94 1176 98 1102 52 1096 99 801 90 534 84 795 93 777 13 911 34 958 86 784 38 862 7 896 81 817 55 837 9 844 44 749 63 862 87 714 70 303 23 903 42 509 91 547 65 815 48 599 72 110 21 152 49 214
223 -0.72244931831069592 1.5706542753519621 2.6094691601968858 89 99 98 0.55184850069299307 26 365 89 692 41 582 97 595 8 948 16 340 95 122 61 796 59 1122 94 1170 98 1095 52 1182 39 485 33 472 90 511 84 488 90 506 93 768 13 899 13 1418 70 309 72 114 21 158
224 0.16432802472928634 1.4944188014056607 2.1974512755144224 21 15 8 0.096587687427506244 89 901 41 583 97 793
225 0.69840526844501327 1.349541595146714 1.1894486303440652 254 233 77 0.29764376529723957 89 660 41 585 97 586 8 696
226 -0.85484118307645884 1.5909674118779502 2.5964786933714197 53 43 44 0.24247873805815895 26 79 89 697 41 590 97 604 95 112 21 154 29 232
227 -0.12913214371477366 1.5212772812627258 2.2781355967537249 4 4 5 0.13873365977097799 89 686 41 591 97 599
228 -0.12913214371477366 1.5212772812627258 2.2781355967537249 4 4 5 0.13873365977097799 89 687 41 592 97 600
229 1.6047936885610277 1.4961907528396068 2.439519941509388 227 214 179 0.79577915471727656 89 678 41 594 97 590 95 501
230 0.81873194092815071 1.3593793948699084 1.1516354526481849 118 94 22 0.22983355713500098 26 521 41 595 97 596
231 1.0130164157492234 1.3932273571098042 1.3834153759903531 201 125 34 0.11819316590894773 89 671 41 597 97 601
232 1.03136794960296 1.4052861778232524 1.3817534112649759 254 230 68 0.19259577235896858 26 720 89 677 41 609 97 608
234 -0.4803413482150905 1.6235247127970827 2.5583066543207877 4 5 7 0.078938656430746768 89 704 41 613 97 610 95 153
235 1.6301272634665356 1.5697835930698443 2.6083565819191552 231 217 181 0.10786130211371063 26 748 41 617 95 696
237 0.45350166528641411 1.6078636745362365 2.3160224242324143 123 93 21 0.19940854140074152 89 703 41 624 97 622
238 0.93606390885541413 1.4234412361530531 1.2221306905222928 255 230 67 0.687495937397264 89 261 41 625 97 616 95 614
239 0.978542656755505 1.4445914372234365 1.3396108105665443 208 126 34 0.13471989398670306 89 683 41 626 97 619
240 0.59409101234421191 1.6411709912750283 2.2634088049905992 225 203 159 0.35410010883074039 89 916 41 629 97 633 8 731
241 0.011205802678747535 1.6929418877737865 2.3542385907996355 1 1 2 0.2908967925734986 89 719 41 631 97 820 8 766 59 831
242 0.55966030793759791 1.7120646703305122 2.4993453463643767 215 194 154 0.1992381525047385 89 718 41 633 97 635 8 745 95 482 72 351 21 580
243 0.68916344187694412 1.7680733958681567 2.4672392965400998 220 203 164 0.086942025543700438 89 725 41 638 97 638
244 0.75295911111135816 1.794652534154427 2.4455367713990732 225 208 170 0.063314735181055168 89 728 41 641 97 642
246 0.81755974927503128 1.8248814980993371 2.4192775253851941 223 208 170 0.36342898068705864 89 733 41 645 97 648 8 740 95 499 24 565 61 556 59 785 51 878 68 600 46 271 22 351 94 351 52 268 90 217 99 201 93 268 13 862 72 370 21 616 49 326
247 0.27047158851341679 1.8011494599510387 2.1624482178991977 2 1 2 1.245562547122095 89 740 41 648 97 652 59 820 46 1163 98 1025 39 900 33 911
248 0.82546627016111229 1.8571303035906246 2.3984358706433118 105 100 89 0.37269243287714532 89 739 41 650 97 653 8 927 24 572 61 560 59 1056 51 1196 68 603 46 809 22 853 94 796 98 760 52 773 33 687 90 684 99 953 84 928 93 954 13 1215 77 607 10 680 3 316
249 0.84704593013081042 1.9009292834784268 2.3703339559791696 227 211 173 0.15939238481071852 89 742 41 653 97 655 8 752 24 578 61 562 59 791 51 470 84 235 99 232 93 303 13 543
250 0.9740710312265396 1.9522905147788108 2.3276967595606228 226 212 174 0.080485386016863267 89 748 41 655 97 658
252 0.64711274367222238 2.1589262156828624 2.1341210630210572 106 75 58 0.1193562665471143 89 756 41 667 97 668
253 0.71509516677167773 2.2010367924936807 2.1658058604377892 106 74 57 0.51365334213464486 89 460 41 668 97 669 8 946 95 732 59 825
254 0.67711125128548744 2.266013428992252 2.0565339231959388 103 70 52 0.19428416818245375 26 774 89 757 41 670 97 671 8 787 95 735 24 610 61 605 72 581
255 0.74170779436690837 2.300073651638141 2.0299618577235941 105 70 53 0.11369642512953268 89 759 41 672 97 674 8 789
256 0.95610521515304114 2.3181317315072549 2.055528030351923 225 207 167 0.25816865005286393 89 760 41 673 97 675 8 520 16 682 24 318
257 -0.51280437359918318 0.40360096953838415 2.1202003876909479 250 228 72 0.25014084707594603 26 571 89 485 41 674 97 676 8 610 37 292
258 -0.34932862041646151 0.40510923971833945 2.1299876291472826 253 228 72 0.22583774731181183 26 572 89 486 41 675 95 515 72 384
259 -0.53974920551983496 0.45711760930052286 2.0707454421237848 253 230 74 0.70234670930767806 89 762 41 676 97 677 8 827 16 684 91 721 42 653
260 -0.57645499041893722 0.50562496366215148 2.0389543226012812 253 228 72 0.24900162988013469 89 767 41 677 97 680 8 970 95 514
261 -0.40052529757742805 0.51620167441622478 2.0491172383518643 255 233 73 0.10469863625841992 89 769 41 678 97 681
262 -0.24421578388476273 0.51720209902416048 2.0114011435450916 255 232 73 0.21567733647953855 89 768 41 679 97 682
263 -0.18125783568622308 0.54343882426235113 1.9949834879344084 255 233 74 0.10790371077643297 89 775 41 681 97 683
264 -0.44494993177582182 0.56199302220155534 1.9870792709128271 255 226 72 0.076620153378807329 89 781 41 682 97 684
265 -0.24756876243531087 0.64591862524068433 1.9159337684258901 255 233 74 0.074605484709226622 89 794 41 683 97 690
266 -0.24756876243531087 0.64591862524068433 1.9159337684258901 255 233 74 0.074605484709226622 89 795 41 684 97 691
267 -0.087758874922240285 0.64761994790359945 1.9151403176591204 255 233 74 0.054550568722328392 89 797 41 685 97 693
268 -0.34251280163496078 0.67054563417624535 1.8962215548788535 255 228 72 0.27913561006290105 89 798 41 686 97 694
269 -0.18213667693021451 0.67339465490316353 1.8964594349089963 255 233 74 0.091410938332060307 89 799 41 687 97 696
270 -0.18213667693021451 0.67339465490316353 1.8964594349089963 255 233 74 0.091410938332060307 89 800 41 688 97 697
271 -0.27755540145902019 0.69880091165281522 1.8668104551728444 255 231 73 0.092199849915977863 89 805 41 689 97 702
272 -0.27755540145902019 0.69880091165281522 1.8668104551728444 255 231 73 0.092199849915977863 89 806 41 690 97 703
273 -0.12099504932843248 0.69882716883751017 1.8800176770549413 255 232 74 0.11085576809138836 89 802 41 692 97 704
274 -0.12099504932843248 0.69882716883751017 1.8800176770549413 255 232 74 0.11085576809138836 89 803 41 693 97 705
275 -0.075043407203752882 0.6927320455238607 1.9368950697089884 254 229 68 0.25887136329995708 89 804 41 694 97 379
276 1.1991342803699059 0.72329253981523656 1.6109001127039841 251 248 73 0.43102442772057142 26 821 89 490 41 697 95 767 72 848 21 685 29 881
277 0.60357193418160948 0.74529752309087316 1.7489543989345442 124 108 33 0.089412465600864161 89 807 41 698 97 707 95 547
278 0.81590163114929781 0.78657567288332531 1.4452556160610921 10 10 12 0.1862985672179103 89 497 41 701 97 389
279 0.81590163114929781 0.78657567288332531 1.4452556160610921 10 10 12 0.1862985672179103 89 498 41 702 97 390
280 -0.6634993570339619 0.85360611275366938 2.176499209543775 1 0 0 0.055606470231590467 89 822 41 703 97 715
281 -0.046502288452946454 0.84183639862471304 2.3567283440013913 49 38 30 0.07937912794061848 89 820 41 704 97 716
282 -0.42390582499753338 0.97427846347856784 2.1363684755004577 232 181 45 0.22743112699367718 89 1024 41 711 97 730
283 1.1302128344658056 0.92630653736422863 1.7499689107317107 252 201 50 0.40364304874386797 89 824 41 713 97 727 42 746 91 819
284 -0.094591603577467903 0.97375218486821991 2.245933814674995 252 203 59 0.075931323149171198 89 551 41 716 97 733
285 -0.25439489411677046 0.98468713807421271 1.9067106727561531 50 62 89 0.11623919286268153 89 840 41 717 97 736
286 0.10871691874542816 0.98621696709850259 2.2116171096318968 213 173 57 0.17592582140671328 89 554 41 719 97 420
287 0.0058890549448375792 0.99790883258809049 2.1918840459401498 251 201 53 0.071013672511617776 89 1028 41 722 97 892
288 1.2616405484952262 0.97106514332579219 1.7033470052956028 250 197 49 0.2325567620584014 89 832 41 723 97 738 24 640 61 643 54 538
289 1.2558615148445831 0.97076909154845104 1.6732551622310514 250 197 49 0.025898388165083094 89 833 41 724 97 739
290 0.2671266870468732 1.0205327704257281 2.183351717765889 127 92 19 0.076659520132396006 89 844 41 725 97 742
292 -0.84635836000862152 1.0831359672439336 2.4721956688877853 88 106 143 0.064464819380830318 89 853 41 729 97 748
293 0.23260296442262421 1.0718571869830991 2.1478049888924144 129 97 23 0.098556891211448741 89 849 41 730 97 751 91 603 42 546
294 -0.84155289165840819 1.1286184482221577 2.4828018586184548 1 1 1 0.1113195020167726 89 858 41 732
295 -0.17766708479703605 1.123080431631708 2.1317615259513287 76 64 16 0.085233018088476331 89 856 41 733 97 757
296 0.10033990740638779 1.115974364032609 2.0943392865730361 221 182 51 0.042050183967092924 89 854 41 735 97 755
297 -0.90534781907180717 1.2208101282175399 2.8495207686257689 124 126 117 0.11529709113030062 89 868 41 737 97 761
298 -0.54169499506010865 1.2487213755503079 2.3516430700611206 31 26 5 0.20065825811487162 89 872 41 741 97 900 26 335
299 -0.98247889316277326 1.327125168382016 2.8056520174344737 125 129 121 0.20915981548721599 89 877 41 742 97 769
300 0.95939210969611655 1.1068332250739916 0.41598325897810817 254 234 77 0.97456077952332232 89 847 41 745 97 764
301 -0.12747183480965657 1.2792427511551825 2.1071495395635322 131 142 171 0.24976246615510406 89 875 41 746 97 772 95 376 68 969
302 -1.0117820982587369 1.3783114757671504 2.7497422845043178 126 129 123 0.15668376211535648 89 885 41 749 97 774
303 -0.78538268084692797 1.3765951812719213 2.48226223999897 5 5 8 1.377594992634853 89 884 41 750 8 942 24 614 61 388 51 1251 13 456 42 14
304 -1.0837176976909533 1.4825730693842492 2.6795976455703698 167 163 144 0.83765479534924592 26 342 89 897 41 756 97 784 8 1150 16 541 95 86 24 1067 61 1066 54 983 59 1384 51 1471 68 1294 46 1449 22 1396 94 1364 98 1290 52 1188 39 1081 90 1082 84 1067 90 1002 93 1051 13 1252 34 1197 98 1314 86 1068 38 1166 7 1194 81 1157 55 1179 44 998 87 954 70 901 36 1019 91 537 42 495
307 0.36552150644733689 1.5467423706159125 2.5844576893391036 103 78 55 0.056390461745816578 89 1053 41 770 97 795
308 -0.85028326585205838 1.6262633086646199 2.5339742619735399 122 85 67 0.63917221915443434 89 913 41 772 97 801 59 1323 51 1273 46 1350 99 804 84 526 93 782 13 922 34 1064
310 -0.78642672695109439 1.653292204412282 2.5169797856804155 115 80 64 0.28348609119721241 89 917 41 775 97 806 8 951 59 1128 51 1272 46 1244 22 1223 94 1174 98 1097 52 1094 39 788 90 790 99 803 84 797 93 785 13 926 10 243 49 631
311 -0.72431626819525807 1.6593027707543797 2.479667888194057 108 77 62 0.21664178687338304 26 630 89 921 41 777 97 814 8 1152 24 990 61 987 59 1319 68 1167
312 0.20244297808369563 1.6192970025945872 2.2976468952961606 7 7 8 0.44844625781334152 89 1065 41 779 97 815
313 1.8537831906450346 1.9239384996404456 4.5944982110769326 181 128 37 1.2658567813235981 89 918 41 781 97 809
315 0.98736683715871398 1.5383352865896247 1.3187336287087936 254 229 66 0.26780467517332018 89 915 41 795 97 823 95 644
317 -0.31340382838785447 1.8112163432164441 2.4324847506351781 84 95 96 0.23660593932254945 26 672 89 943 41 797 97 829 8 1148 16 588 95 457 24 986 61 979 54 863 59 1310 34 922 86 888 38 809 7 831 7 1005 81 767 63 795 70 625 23 833 91 585 42 540 30 278 72 324 21 201 29 268
318 -0.12450392200886479 1.8380315448858795 2.4079226259036393 65 72 71 0.44578302476092024 89 949 41 802 97 834 8 947 24 786 61 791 86 729 7 577 23 818
319 0.79046713093702603 1.876544419417735 2.3875828706259323 228 212 173 0.62727971860197129 89 952 41 809 97 839 8 929 24 717 61 706 59 792 51 888 68 608 46 292 51 886 22 369 94 362 98 347 52 300 90 238 99 241 84 243 93 293 13 871
320 1.1119867126332335 1.8587254936082052 2.364197055489957 232 216 179 0.22226382051490723 89 950 41 810 97 840
321 0.21141789896234639 1.9377021723538783 2.3492997677658147 191 179 147 0.76864757900651326 26 545 41 813 97 844 8 944 24 606 61 604 59 1101 51 1254 68 713 46 426 22 530 94 515 7 229 54 504
323 1.1114543156754022 2.0081186664966655 2.3077341068675445 230 214 178 0.44572858011205579 89 963 41 816 16 897
324 1.4095361462028793 2.0825181852684422 2.2548287706906613 233 216 178 0.9031274389311037 89 969 41 822 97 849 26 1050 8 921 16 943 95 1009 59 748 51 873 68 512 46 170 22 276 94 279 98 272 52 227 91 938 42 876 72 902 21 1206 10 1042 3 882 29 1124 37 741 83 813 96 943 76 927
325 -0.55391395689984335 0.41272019430188822 2.096393532865648 1 1 0 0.49222232641035751 26 778 89 985 41 828 8 1166 95 741 87 955 70 886
326 -0.58566515515704587 0.45641405919589978 2.0604277885252076 0 0 0 0.081582321459646917 89 1241 41 829 97 1116
327 -0.22398038816810306 0.52734225961362069 2.0015573118528551 255 243 69 0.057222922284692369 89 770 41 832 97 858
328 -0.22535846274408958 0.52455023355234354 2.0167502012220275 255 243 69 0.2118154818136869 26 783 41 833 97 859 16 691 95 520 72 390
329 -0.19487611368702093 0.60436218912151241 1.9489802520547097 255 244 70 0.062638032926024059 89 785 41 836 97 862
330 -0.45142278524405011 0.62625046689926478 1.948845031676075 255 234 69 0.61604541681370417 89 990 41 838 24 1029 61 1040 54 969 68 1218 22 1040 94 657 86 991 38 1080 7 1083 81 1055 55 1089 9 1094 44 984 87 945 70 897 36 1021
331 -0.13225420804997021 0.6294152445030422 1.9422862621070673 255 241 70 0.10134014016124238 89 790 41 839 97 864
332 -0.063619874775469917 0.66652550116383347 1.9083050912685164 255 240 69 0.075980432829322112 89 992 41 843 97 867
333 -0.16666385963458727 0.6812959631192147 1.898380867184192 255 239 72 0.21289971440172004 89 995 41 845 97 868
334 -0.26145078730258903 0.70783987150093219 1.8942097389967267 255 242 67 0.32696918688436344 26 793 89 998 41 848 97 871 16 956
335 -0.096582716182314537 0.71007186154891522 1.9197387042726906 255 238 72 0.32506196550032779 89 999 41 849 97 1121
336 -0.12560060023451897 0.82866938304799209 1.9142587275764247 255 212 55 0.76730893135603151 26 1165 89 1008 41 856 97 876 21 1220
337 -0.11236277099768914 0.89915762292147716 2.3108237487368899 255 217 63 0.029219685884418523 89 1016 41 858 97 881
338 -0.16062982862340347 0.90802326161191615 1.8882819199737362 254 234 60 0.14822888004471521 26 804 41 859 97 882 16 964
339 0.14896595660963938 0.89908261144978852 2.3034924204704992 151 86 6 0.22610282075929691 89 1017 41 860 97 883
340 -0.70007461527475867 0.938195809047351 2.1877151823943182 1 1 1 0.025286679887160421 89 1021 41 861
341 0.10913126848442987 0.91775239291513566 2.2282653573147257 254 217 65 0.15557578406086534 89 831 41 862 97 886
342 -0.69951740188996725 0.97486142236562612 2.2768546190959715 142 127 64 0.071267878886123473 89 1262 41 865 97 889
343 0.30142458359328833 0.95971475486692837 2.2487056188280463 23 26 33 0.22548386336862439 89 1022 41 866 97 1143
344 0.69987661335514484 0.96527807329336579 1.3180241990320321 8 8 11 0.18059724892273463 89 829 41 868 97 890
345 0.12268957720668909 1.0560966187440783 2.1486327414223063 195 162 54 0.057539371969383662 89 1034 41 871 97 894
346 0.45213740419236287 1.0711642371836518 1.4696211921039322 56 59 72 0.26358815625766246 89 1031 41 874 97 1153
347 0.16132630896037578 1.2111099642418026 1.8073467634397724 83 84 44 0.26098275890457162 89 1039 41 877 97 902
348 0.27540574205679891 1.2353172937430796 1.6594012249768368 5 4 5 0.19171361537681217 89 1040 41 878 97 903
349 -0.2647901433453812 1.3158376933977214 2.2146025720402909 112 100 27 0.21946021591422982 89 1044 41 879 97 906 8 1211 59 1367
351 -0.12219645168705463 1.3554555015015413 2.2253609293362957 105 72 13 0.094135351400169529 89 1048 41 883 97 908
352 0.16796916166663037 1.4115291274149846 1.965823828957997 85 97 127 0.30191692975077539 89 891 41 886 97 914
353 0.41203703993282675 1.5006395617713935 2.4200941309545367 65 46 7 0.14423296569131933 89 1285 41 889 97 916
354 0.41203703993282675 1.5006395617713935 2.4200941309545367 65 46 7 0.14423296569131933 89 1286 41 890 97 917
355 1.6616784613718207 1.4869053294836554 2.6755991687924627 105 69 49 1.0923414173132087 26 901 89 1052 41 891 97 915 16 837 87 734 70 843 36 922 91 946 42 838 47 959 88 852 100 1013 82 998 40 907 28 781 32 839 58 910 73 1003 67 1100 12 1095 71 953 72 752 83 769 92 809 37 673
357 -1.0388648680226409 1.5929798763911349 2.5966606755839847 114 77 59 0.70055699226170431 89 1061 41 894 97 921 8 1238 95 386 59 1386 42 501
358 -0.6612938285411265 1.5895496586543236 2.5924765981360443 88 97 95 0.47175654918236853 26 1106 89 1058 41 895 97 922 8 1230 16 975 95 1065 24 1124 61 1126 54 1035 59 1381 51 1461 68 1289 46 1413 22 1346 94 1283 98 1211 52 1180 39 959 33 979 90 995 99 1089 84 1059 93 1030 13 1419 34 1124 86 1066 7 1162 30 921 45 691 80 834 72 869 29 923 21 762
359 -0.97513815164219597 1.6160353865341897 2.5829548662075759 108 74 58 0.97979553435493161 89 1064 41 897 97 924 8 1153 95 392 26 361 24 800 59 1385 68 1250 86 919 38 1015 7 1033 81 989 55 1016 9 1026 63 1027 87 718 87 855 36 695 36 900 91 541 42 506
360 -0.59400895033417134 1.613047954863384 2.5754020522871719 75 85 86 0.21107144961079796 26 831 89 1062 41 898 97 925 8 1143 16 732 95 580 24 1064 61 1064 54 979 59 1313 68 1244 86 1006 7 1102 21 764
361 -0.90967761344195663 1.6394813683335059 2.5588711064758329 105 72 57 0.95561156949753812 26 366 89 1068 41 900 97 929 8 1237 95 574 24 799 61 632 54 879 68 1248 86 916 38 1009 7 1032 81 984 55 1009 9 1022 44 880 63 1024 87 715 70 582 36 896 23 1027 91 543 42 508 65 810 48 803
362 -0.52545163107740867 1.6428553193020869 2.5535102158153231 72 81 83 0.26630348312426705 89 1066 41 901 97 1173 8 1142 16 736 24 1063 54 977 59 1312 68 1241 86 1001 7 1100 23 1003
364 1.881103179367229 1.8820296326977497 4.0516229544457527 237 220 182 0.33829435470296437 89 1070 41 907 97 934
365 0.67045887203168053 1.6735286508938219 2.4444868552062595 232 210 166 0.060749958001210823 89 1291 41 910 97 937
366 1.9701691433787825 1.9200635315641421 4.0435098600504524 238 220 181 0.32259677480181265 89 1075 41 912 97 938
367 1.9701691433787825 1.9200635315641421 4.0435098600504524 238 220 181 0.32259677480181265 89 1076 41 913 97 939
370 0.54985709101278568 1.7695728456037429 2.4804330380681261 223 201 157 0.041673475283286833 89 1083 41 924 97 949
372 0.61153779913503348 1.7919930440784919 2.433749159975136 222 202 160 0.061279185017190374 89 1089 41 929 97 955
373 -0.080647328345449548 1.8283333690481303 2.416757120984208 79 89 89 0.29038386924045601 26 853 89 1103 41 933 97 958 16 755 95 821 24 975 61 970 54 847 59 1303 51 1258 68 1146 46 1211 59 1111 22 1203 94 1141 98 1070 13 1260 34 905 86 879 7 994 23 811 30 513 80 458 45 439 2 181
374 1.5104769855824107 1.7791832831874941 2.4418112521466071 236 219 181 0.042735472292973115 89 1086 41 935
375 0.51675232010926542 1.8245873143366667 2.4596421068807399 223 202 158 0.092789540198097722 89 1098 41 936 97 959
376 0.67600824159799622 1.8203539225141074 2.4217331117911511 230 211 169 0.090758326868382075 89 1100 41 938 97 961
377 0.57848633045508879 1.8476144293175745 2.4174326233592178 224 203 162 0.054647760230065789 89 1104 41 944 97 966
378 0.57848633045508879 1.8476144293175745 2.4174326233592178 224 203 162 0.054647760230065789 89 1105 41 945 97 967
379 0.73812314251698985 1.8425820826858774 2.3793909947465086 236 216 173 0.18769694700687364 89 1106 41 946 97 971
381 0.4818465188300059 1.8705593537765086 2.3925691060290046 223 202 160 0.1247976803672048 89 1115 41 952 97 975
382 0.64285343854636978 1.8747100795588272 2.3995931932033838 229 209 168 0.065975515246161368 89 1117 41 954 97 979
383 0.64285343854636978 1.8747100795588272 2.3995931932033838 229 209 168 0.065975515246161368 89 1118 41 955 97 980
384 0.70581259548344388 1.9008684826394688 2.3732672695920138 234 215 172 0.061444217935207678 89 1122 41 962 97 990
385 0.70581259548344388 1.9008684826394688 2.3732672695920138 234 215 172 0.061444217935207678 89 1123 41 963 97 991
386 0.7687223697612342 1.9255931964494628 2.3461421523428854 235 217 175 0.013819815110586636 89 1131 41 969 97 1000
387 1.5137337714244399 1.9138297786539629 2.3719637638035658 236 219 180 0.12098207663136977 89 1124 41 971 97 999
388 0.51089207779969747 1.9504152297073984 2.3435993562750426 225 206 165 0.08819298600754534 89 1135 41 973 97 1005
389 0.67318087187408315 1.9553523684865466 2.351988572110268 231 213 172 0.086728847895722327 89 1136 41 974 97 1007
390 0.67318087187408315 1.9553523684865466 2.351988572110268 231 213 172 0.086728847895722327 89 1137 41 975 97 1008
391 0.83232269826817007 1.9530709925374408 2.3330457889155718 234 216 175 0.16642040894957169 89 1138 41 978 97 1009
392 0.83232269826817007 1.9530709925374408 2.3330457889155718 234 216 175 0.16642040894957169 89 1139 41 979 97 1010
393 0.57428787990499963 1.9734953626248295 2.306269233410422 226 208 167 0.085539168700611554 89 1145 41 984 97 1015
394 0.73479851035956134 1.9761021814385114 2.305260972490685 233 215 174 0.071337041211396793 89 1146 41 985 97 1016
395 0.73479851035956134 1.9761021814385114 2.305260972490685 233 215 174 0.071337041211396793 89 1147 41 986 97 1017
396 1.4841890693615627 1.9597258464800553 2.3296993458247055 235 218 181 0.34821536008489201 26 1145 41 987 97 1011 16 1041 95 1104
397 0.89780120550023246 1.9805175876032151 2.3167802252844494 234 216 175 0.11444819819498965 89 1140 41 988 97 1018
398 0.89803373481453341 1.9793620055553767 2.3109682624327585 234 216 175 0.20779864474902646 89 1141 41 989 97 1019 8 1057 59 1213 51 1365 13 1406
399 0.47728248261412742 1.9995428576411496 2.2982313856885592 223 205 166 0.084651926309904008 26 924 89 1150 41 990 97 1021
400 0.47715321667832522 1.9981947758657492 2.2909618960059075 223 205 166 0.068708659138518924 89 1151 41 991 97 1022
401 0.63825701451734762 2.0024518241862395 2.2960802713466211 229 212 171 0.033661926191627764 89 1152 41 992 97 1024
402 0.63825701451734762 2.0024518241862395 2.2960802713466211 229 212 171 0.033661926191627764 89 1153 41 993 97 1025
403 0.96082016451171803 2.0069397966873845 2.2958822053755794 235 219 178 0.058154102905860039 89 1156 41 996 97 1028
404 0.96082016451171803 2.0069397966873845 2.2958822053755794 235 219 178 0.058154102905860039 89 1157 41 997 97 1029
405 0.54124728518957876 2.0278667276824338 2.2852497072874782 225 207 168 0.058229241560369967 89 1159 41 998 97 1032
406 0.54124728518957876 2.0278667276824338 2.2852497072874782 225 207 168 0.058229241560369967 89 1160 41 999 97 1033
407 0.70209154145053121 2.0282523401002481 2.272138007492178 233 214 174 0.05247418972272181 89 1161 41 1001 97 1035
408 0.70209154145053121 2.0282523401002481 2.272138007492178 233 214 174 0.05247418972272181 89 1162 41 1002 97 1036
409 1.0226974597554728 2.0298720643280244 2.2623367494225204 235 218 177 0.12721758139696845 26 1009 89 1165 41 1005 97 1039
410 0.6051438595098082 2.0533771795884905 2.2583613586790023 229 212 173 0.070069938525162148 89 1178 41 1006 97 1044
411 1.184543070089906 2.0314840942889183 2.2601290648853536 235 218 179 0.094573898536165088 89 1166 41 1007 97 1041
412 1.184543070089906 2.0314840942889183 2.2601290648853536 235 218 179 0.094573898536165088 89 1167 41 1008 97 1042
413 1.0846552639177172 2.0554827533776607 2.2352555175895712 236 219 178 0.17472538614125924 89 1173 41 1013 97 1049
414 1.0858657454008249 2.0569773492395242 2.2445049853971768 236 219 178 0.1850057213128094 89 1174 41 1014 97 1050 16 905 26 1023
415 1.2473093470786829 2.0567481968878143 2.2335458568715572 234 218 178 0.18555783357897901 89 1176 41 1017 97 1052
416 0.50024303412019622 2.0783407164467866 2.1961097447723197 220 203 164 0.11714209611052724 89 1190 41 1018 97 1055
417 0.99108904343123538 2.0863669127201083 2.2441314003323143 235 219 178 0.061725430743017201 89 1184 41 1021 97 1058
418 0.99108904343123538 2.0863669127201083 2.2441314003323143 235 219 178 0.061725430743017201 89 1185 41 1022 97 1059
419 1.1514229626322434 2.0859026022115197 2.231960047793899 234 218 178 0.057017569608567874 89 1186 41 1023 97 1060
420 1.1514229626322434 2.0859026022115197 2.231960047793899 234 218 178 0.057017569608567874 89 1187 41 1024 97 1061
421 1.4038151566724959 2.0709260455376066 2.2277739950264852 232 216 177 0.077638168578368333 89 1180 41 1025
423 0.62949296514890873 2.1286699579462267 2.1960107422425073 227 208 169 0.75191553440905401 89 1206 41 1037 97 1075 8 1135 59 1283 22 1173 46 1170 94 869 98 410
424 1.3788428141707807 2.1169470890624154 2.2139679894682343 237 220 181 0.1998521090051899 89 1191 41 1040 97 1073 16 1043 26 1149 13 1405
425 0.43624369042538369 2.1560117396479819 2.1243293174934275 104 72 59 0.093867745171900649 89 1217 41 1045 97 1083 8 1146
426 1.2796843956038804 2.1401790865032111 2.1958826475703215 234 218 180 0.074253126169496739 89 1204 41 1046 97 1080
427 1.2796843956038804 2.1401790865032111 2.1958826475703215 234 218 180 0.074253126169496739 89 1205 41 1047 97 1081
428 0.85873971867909682 2.1586238255907668 2.1744185343133822 234 216 176 0.0539682240312137 89 1210 41 1049 97 1082
429 0.75644215180111629 2.1841260828179618 2.1494830322053518 232 214 174 0.42645001468418914 89 1223 41 1054 8 1132 59 1278 51 1244
430 0.92448442348545334 2.191012325764401 2.1761301195892684 234 218 177 0.098883292387159774 89 1218 41 1055 97 1090
431 1.3434923791808466 2.1684821516197292 2.174066114908205 236 219 180 0.11129471323250367 89 1215 41 1056 97 1089
432 1.2445632758168874 2.1891909079354273 2.1507840665044853 236 219 180 0.095879474826794472 89 1221 41 1059 97 1093
433 1.2445632758168874 2.1891909079354273 2.1507840665044853 236 219 180 0.095879474826794472 89 1222 41 1060 97 1094
434 1.0514612954074272 2.2403025637684228 2.1230467356863332 236 218 180 0.05947811578186718 89 1228 41 1066 97 1100
435 1.1118763753836778 2.2605164464920873 2.0810153170798809 235 218 180 0.056086478357699587 89 1231 41 1069 97 1104
436 1.07879297786652 2.3136109246001251 2.0518193819108013 233 216 179 0.061774625374207671 26 1063 89 1236 41 1074 97 1110 16 947
437 -0.4372689290520157 0.39283553019084899 2.1625789142467955 255 236 74 0.13940979197843892 89 1240 41 1080 97 1115
438 -0.29004762538670092 0.51054091354995124 1.9896155222454284 255 227 68 0.066475691466744688 89 986 41 1082 97 856
439 1.0182374080885941 0.61030908869090872 1.5463611456106423 2 2 0 0.23306344730477821 89 1242 41 1083 97 1201
440 -0.61367718010832017 0.66333573684273395 1.9522100063440688 255 228 72 0.19446306732235152 26 1068 89 1244 41 1085 97 1120 16 953 95 744 42 886 72 601 37 493
441 1.0912790293400592 0.6694842229561373 1.4767258493060744 185 113 13 2.0061112401665468 26 1234 41 1086 97 1119 16 1080 70 1036
442 0.022344015726990917 0.7063873884083236 2.1520915451990899 254 241 63 0.127728468182225 89 1002 41 1089 97 872
443 0.072749929847025802 0.734193293758023 2.3594439618268068 2 1 1 0.31353026051889571 89 1004 41 1091 97 873
444 0.69009130263843577 0.73872825271493403 1.7956213534482144 199 203 224 0.14764918129876706 89 1001 41 1092 97 1125
445 -0.28419774201171916 0.78144720986382843 1.7637367925231604 255 236 66 0.20642301278341302 89 1247 41 1093 97 874
446 0.040940825318146336 0.75350268349289529 2.1925197732006616 255 244 65 0.097079325922996298 89 1005 41 1094 97 1128
447 0.58178044545325036 0.78522323254435455 1.740106433928404 146 160 189 0.08056780285259578 89 1246 41 1095 97 1129
448 -0.16594500493523071 0.82405817115728008 1.8479447962090285 146 104 20 0.19119496848419812 26 799 89 1251 41 1097 97 1132 16 533 95 751
449 0.38516455295621599 0.80551889677713018 2.1092697145719193 242 206 69 0.032869079759353201 89 1252 41 1099 97 1131
450 -0.24151969222310204 0.88442273904004431 1.8697908897302775 53 66 92 0.19815651708658255 89 1014 41 1101 97 1136
451 -0.52790079638269249 0.92963968466887281 2.144848268571105 7 7 9 0.11123042082321809 89 1259 41 1102 97 1139
452 -0.22205760180186496 0.95200439856432062 1.8493269033384672 206 212 236 0.10352042124960442 89 1260 41 1103 97 1142
453 1.0403155879469226 0.91272846995033108 1.7430228792222 242 207 50 0.29774186398307484 89 1257 41 1104 97 1141
454 -0.065317513563579233 1.0346579086607579 2.1322646951351945 16 15 19 0.06456333802897192 89 1263 41 1108 97 1147
455 1.3317113348253085 1.0181339059857375 1.6762011142136681 1 0 0 0.99898382507657602 89 1026 41 1110 97 1150 26 1203 8 1155 95 1132 24 1070 61 1069 54 987 16 1119 72 922
456 0.25486378036843332 1.1204476852230854 1.8509182553544199 208 176 58 0.074076395928786787 89 1275 41 1113 97 1155
457 0.25486378036843332 1.1204476852230854 1.8509182553544199 208 176 58 0.074076395928786787 89 1276 41 1114 97 1156
458 0.36374329691956303 1.1166230245088886 1.5295289762170856 90 82 41 0.19998253973931934 89 1344 41 1115 97 1157
459 1.2602966194334144 1.11970656239445 1.6137597683506311 1 1 0 0.12592936639700633 89 1270 41 1118 97 1158
460 1.2602966194334144 1.11970656239445 1.6137597683506311 1 1 0 0.12592936639700633 89 1271 41 1119 97 1159
461 -0.6818866720163802 1.2644423787507297 2.4212203611997678 6 8 14 0.12735850609279714 89 1281 41 1121 97 1162
462 0.14524237303640522 1.2520997516910606 1.7944156074450084 88 104 141 0.10017887905447814 89 1280 41 1123 97 1164
463 -0.75618608847057767 1.3581783038148521 2.4242180409492615 8 11 17 0.76897396852247135 26 605 41 1124 97 1166
464 -0.83302583069972158 1.5743784627034063 2.6083306089931773 69 51 48 1.142839013430293 26 1099 89 1287 41 1129 97 1244 8 1292 16 972 95 1061 24 1128 61 1065 54 982 59 1434 51 1532 68 1246 46 1417 22 1395 94 1327 98 1258 52 1231 39 1043 33 1055 90 1079 99 1184 84 1165 93 1177 13 1538 34 1128 86 1017 38 1094 7 1112 81 1070 55 1095 9 1107 63 1100 23 1091 77 633 30 926 65 1010 48 1018 75 466 53 480 45 620 30 753 80 702 2 703 21 1182 10 854 49 1108 3 193 43 350 64 192 29 920 56 358 69 331
466 -0.50873172527092847 1.709560451905501 2.4881020359537529 32 25 25 0.7259013929537298 26 1197 89 1294 41 1134 97 1178 8 1231 16 1081 95 1133 24 1126 61 1127 54 1034 59 1380 51 1465 68 1242 13 1257 86 1060 70 980 87 1003 42 959 72 920 21 1185 29 1069
467 -0.34130000208357775 1.7266110027124462 2.4908591930752397 80 90 90 0.36453314080450244 26 1120 89 1295 41 1135 97 1179 8 1226 16 994 95 1071 24 1062 61 1063 54 973 59 1374 51 1449 68 1235 46 1336 22 1338 94 1272 98 1202 52 1084 33 968 39 950 90 984 99 1087 93 1047 13 1432 34 1050 86 989 7 1093 70 616 38 815 23 1071 77 196 30 845 21 1058 10 627 49 961
468 -0.30448289584499599 1.8472278424982436 2.3793137130572739 36 32 35 1.3611735998462866 89 1298 41 1139 97 1184 8 1236 16 590 26 681 95 613 24 989 61 981 54 521 51 1561 68 1236 7 1002 70 627 70 789 23 990 42 541 42 703
469 -0.018592414025482895 1.8616524162908028 2.3931285136995379 85 94 94 0.46158046390521817 26 1127 89 1112 41 1140 97 970 8 1225 24 1059 61 1060 54 971 59 1300 51 1447 68 1141 46 1327 22 1326 94 1140 98 1068 52 1076 39 770 33 781 90 774 99 1078 84 776 93 1054 13 1266 34 898 86 875 38 783 7 990 70 352 23 808 30 689 45 438 80 455 2 443 21 1068 49 976 10 681 29 1072
471 0.045802760010381235 1.8885300169546104 2.3756847834696049 91 97 95 0.3655093058410076 26 1129 89 1300 41 1142 97 1186 8 1222 16 1017 95 1080 24 1058 61 1059 54 970 59 1298 51 1444 68 1231 46 1325 22 1324 94 1259 98 1065 52 1075 39 766 33 780 90 973 99 1180 84 1161 93 1178 13 1459 34 1042 86 965 7 1076 23 1115 30 687 75 429 45 433 80 654 2 442
473 1.3105695213038513 1.946075686075754 2.2877751070442369 236 219 181 0.092834640578534036 89 1303 41 1146 97 1189
477 0.0082398718768532317 0.59022309406308571 2.1512298927671725 214 217 237 0.046546081989616496 89 1315 41 1158 97 1204
478 1.0810445689722628 0.60956306203821364 1.5136427224516911 253 243 77 0.72863617692628069 26 1230 89 1313 41 1160 97 1202 16 1107 95 1115 13 1504 72 912 21 1142 95 1157 29 1022 96 628 76 604 85 467
479 1.0796704037139688 0.61482474433768697 1.5001415718353892 253 243 77 0.11509399004165337 89 1314 41 1161 97 1203
480 1.026895467783087 0.66599451132385379 1.4666045498415552 255 253 82 0.30344415557952631 26 1084 41 1162 16 981 95 1039
481 -0.48867603281350985 0.69073418942016673 1.9004370432398237 255 234 65 0.05745505658283822 89 1319 41 1163 97 1206
482 0.83920061624477882 0.74277497705453521 1.4749791118041851 193 205 234 0.10401451804294999 89 1316 41 1166 97 1209
483 0.83920061624477882 0.74277497705453521 1.4749791118041851 193 205 234 0.10401451804294999 89 1317 41 1167 97 1210
484 0.90831206814412357 0.74433182431467337 1.5310659411441971 0 0 0 0.094697606933690337 89 1318 41 1168 97 1211
485 -0.47662176118925509 0.77248530597445264 1.9470444464167032 0 0 0 0.3806112976566296 89 1375 41 1169 97 1213
486 0.80100124576636789 0.8288000085987739 1.43140902541138 174 185 212 0.21764187220121181 89 1321 41 1171 97 1214
488 0.0674837550900379 1.0329445370982888 2.1448592654826655 31 25 12 0.013380299576010862 89 1336 41 1174 97 1223
489 0.67838293278983397 1.0108898795007446 1.3489092324918066 194 204 232 0.33327493575175698 89 1332 41 1176 97 1225
490 0.052211219881692576 1.1058107628868226 2.1222837953002003 235 184 49 0.29090510517095269 89 1342 41 1178 97 1229 8 1275 59 1413 51 1504 68 1300 22 1374 52 1132 33 1015 90 1033 99 1135 84 1110 93 1116 13 1328 77 313
491 0.049642230936986761 1.1050972626356117 2.1228450581949754 235 184 49 0.38529714673443433 89 1343 41 1179 97 1230 8 1276 24 1155 59 1414 68 1301 87 994 70 982
492 -0.2992478416373755 1.1750891545927669 2.117385400264884 255 217 55 0.29453405921459169 89 1349 41 1182 97 1236 8 1209 95 1122 51 1339 99 890 84 861 93 889 13 1342 77 537 21 1168
494 -0.62241682856153224 1.2051424963749449 2.4210328602907141 9 9 7 0.10577437905380078 89 1350 41 1184 97 1234
495 -0.60628516153400325 1.2047998941643523 2.3516939972661368 9 9 7 0.46500691789385262 26 810 89 1351 41 1185 97 1235 16 716
496 0.15604528034009654 1.1611261256991543 1.831835391966518 200 174 57 0.094063840980717697 89 1348 41 1186 97 1237
497 -0.77892589499018983 1.5346073748091524 2.6094873412531729 104 113 111 1.4081054295957312 26 1190 89 1359 41 1191 97 1242 16 1066 24 1125 8 1288 61 1128 54 1037 59 1433 68 1292 46 1478 8 1327 94 1386 98 1313 52 1259 52 1293 39 1111 33 1133 90 1172 86 1013 38 1091 7 1163 81 976 63 1143 30 956 45 739 75 702 80 861 2 890 78 610 56 592 69 563
498 0.23895430367265513 1.4629943325901462 1.9827387023451581 72 85 117 0.060322408672576273 89 1358 41 1192 97 1243
499 0.27983542169687659 1.5555603278696302 2.2517906787634003 23 17 11 0.050516971760807501 89 1360 41 1193 97 1245
500 -0.40416190167599081 1.6998894724675835 2.5112770383299132 80 89 89 0.28230077129871128 89 1293 41 1194 97 1177 8 1287 24 1120 61 1124 54 1031 59 1375 51 1453 46 1407 22 1340 94 1275 98 1204 52 1085 39 780 33 785 90 987 13 1431 93 1042 34 1121 86 994 7 1096 23 1122 30 846 21 1186
501 0.48814343396240512 1.6713185217152242 2.5189127338300392 82 66 51 0.0354285212371407 89 1290 41 1195 97 1176
502 0.37952054828365361 1.7020754217657854 2.2463719841655134 37 34 28 0.95312757199292086 26 1211 89 1297 41 1196 97 1247 8 1213
503 0.92021370131560565 1.5119729520783476 1.2840524451926005 105 92 28 0.33868738638601159 89 1362 41 1198 97 1246
506 -0.60706753698067939 0.79865055469456137 2.1454002656755198 104 90 26 1.1142601253318529 89 1377 41 1208 97 1258 21 1258 10 1110 49 1229 3 901
507 -0.071750543202362432 0.90716314156074129 2.1767383887229959 254 211 61 1.7388663034402505 26 1255 89 1329 41 1210 16 1124
508 -0.12037387829122102 1.0168799729815792 2.0350242494618054 255 228 60 1.1315121356171469 26 1228 89 1335 41 1212 97 1221
509 1.3382366053819548 0.9444987374216427 1.6986477886637728 251 210 67 0.95339858706761438 26 1244 41 1213 16 1132 95 1168 72 973 29 1092
511 1.3004035223605004 1.2020771148613052 1.5563551772303998 199 138 38 0.65637910421471368 89 1382 41 1222 97 1268 8 1295 24 1139 61 1139 54 1043 59 1390 51 1481 86 1072 38 1110 44 1053 36 1145 15 1131 87 1017 79 1214 31 1215 82 1052 58 923 19 916
512 -0.57426364264516983 1.5446028629307356 2.5752867113206475 7 10 14 0.47282828869030408 26 1194 41 1226 95 1167 72 871 21 1271 29 1141
514 -0.53551558417359668 1.7755612411831212 2.4190970359986501 71 52 46 1.0247437358614124 26 1198 89 1389 41 1230 97 1272 8 1330 16 989 95 1135 24 1129 61 1130 54 980 59 1457 68 1313 86 1000 38 992 7 1011 81 959 55 976 44 960 9 993 63 988 87 915 70 924 91 766 42 698 72 874
515 0.23720563123057301 1.9569030506632115 2.2995101380590097 197 184 151 0.51495574456181026 89 1391 41 1231 97 1274 8 1325 16 1090 24 1168 61 1162 54 1072 59 1475 68 1326 86 1085 7 1175 13 1600 93 1296
516 0.48214224605114636 2.2068768023821952 2.1052720427630547 75 50 38 0.69677580016749052 89 1393 41 1233 8 1328
517 0.43063308346111079 0.81095999683505982 2.1136475051424988 235 200 67 0.81141314219112082 89 1399 41 1235 97 1281 8 1338 59 1466 51 1569 99 1289 84 1255 93 1286 13 1569
518 0.73143002836653537 0.83062265585254291 1.6192092074535371 0 0 0 0.42404110882644952 89 1396 41 1236 97 1282
519 0.049602489691301536 0.91940456704178819 2.0634731771344694 18 22 29 0.18572301930937704 89 1405 41 1239 97 1284
520 0.73305680388526873 1.0176258353486185 1.16557961802384 117 84 20 0.2652244867049664 89 1406 41 1240 97 1285
521 -0.24456952733121348 1.0884952744548624 2.1325561072509673 76 60 12 1.3742340449337256 26 1257 41 1241 16 1125 95 1161 72 952
522 -0.80991589515948059 1.2580042858225493 2.5208251988222266 119 121 114 0.14158287337085468 89 1409 41 1242 97 1286
523 0.55358259224209139 1.199988165754865 1.8954324606110284 135 95 23 0.71055304715770207 89 1383 41 1243 97 1287
524 0.86889107308816127 1.4740076775816815 1.2718151827391309 105 91 27 0.23356176892208916 89 1410 41 1244 97 1288
525 0.86889107308816127 1.4740076775816815 1.2718151827391309 105 91 27 0.23356176892208916 89 1411 41 1245 97 1289
527 -0.024790844761166206 0.61195861513916727 2.0806700854553406 255 216 58 0.057375041699567308 89 1413 41 1247 97 1290
528 0.75361596624600347 0.68477805267872927 1.7645212097815415 0 0 0 0.48147125259066553 89 1414 41 1248 97 1291
529 0.75361596624600347 0.68477805267872927 1.7645212097815415 0 0 0 0.48147125259066553 89 1415 41 1249 97 1292
530 0.62539997975659867 0.72470248660454006 1.7424573348671939 252 227 67 0.82876068779509349 89 1395 41 1250 97 1280 95 1156
531 -0.045597958342716981 0.78915818034875629 1.9328114966535557 150 154 176 1.9516904807612814 26 1253 41 1251 97 1294
532 0.12904732643392702 0.8345284760347409 2.2924516474694836 255 228 67 0.088132878703227696 89 1400 41 1253 97 1295 8 1342
533 1.1004104864062143 0.84006752489482206 1.7537799200810149 148 93 18 0.11667160708278261 89 1416 41 1254 97 1296
534 0.99588425373522138 0.86775972571261706 1.8092680047907401 255 241 68 0.52843475184930222 89 1417 41 1255 97 1298
535 -0.13308976344549633 0.94348898878641796 2.0739307492702634 255 214 62 0.75807331675073297 26 1268 89 1419 41 1256 97 1299 16 1144
536 -0.13664896453572237 0.94231507699274852 2.0800420152773453 255 214 62 0.62085815050243154 26 1269 41 1257 97 1300 16 1145
537 -1.0190435326515423 1.7114822405032817 2.621901202630831 0 0 0 1.5021686404978702 89 1420 41 1258 8 1368 24 1198 54 1096 51 1628 68 1352 46 1525 22 1490 94 1427 98 1368 52 1331 39 1176 33 1201 90 1222 99 1323 84 1291 13 1619 34 1241 38 1218 7 1228 30 1027 45 826 21 1289
538 0.21322185651588935 1.5924211522309162 2.1451093335045996 6 6 8 1.481314288622964 26 1260 41 1259 97 1303 21 1308 49 1253 29 1163
539 0.75242778815527955 1.1641497966406071 1.109236167378552 255 252 70 0.098391048550330706 89 1422 41 1261 97 1309
540 0.24899399939588326 1.4249039235951464 2.0497591669612856 64 75 100 0.19706629688895907 89 1423 41 1262 97 1310
541 0.76825739893043865 1.3903265103484395 1.2575651086074682 107 92 26 0.58582641674852221 89 1424 41 1263 97 1311
542 0.76825739893043865 1.3903265103484395 1.2575651086074682 107 92 26 0.58582641674852221 89 1425 41 1264 97 1312
543 0.47524782948455541 1.7525685149833117 2.2653016515406423 208 188 147 1.8542645616191633 89 1421 41 1265 97 1305 8 1367
544 -0.62166579721640713 1.0481925790557425 2.2023375597754948 100 88 27 0.3940604259499822 89 1432 41 1267 97 1315
545 -0.58374115304331109 1.2904361918837863 2.3386240989276739 9 11 16 0.88545307557328101 26 1270 89 1433 41 1268 97 1316 16 1137
546 -0.96762311237836074 1.5059319189484663 2.6785227521159083 123 126 118 1.6831836306868506 26 1278 89 1437 41 1269 97 1323 16 1147 95 1204 24 1208 61 1199 54 1114 86 1137 87 1078 70 1067 72 1002 21 1315 29 1168
547 -0.94976863460740113 1.5046499604431878 2.6314637355881634 123 126 118 1.0892923290161716 89 1438 41 1270 26 1279 97 1324 16 1148 95 1205 72 1003
548 -0.18653149545543163 1.8337428859666822 2.3998494557606613 88 97 96 0.60217741539404601 26 1272 89 1428 41 1272 97 1319 95 1198 59 1491 72 992 21 1301 29 1153
549 -0.17018117710879624 1.8270973378279651 2.3599509215997285 88 97 96 1.605974537929129 26 1273 89 1429 41 1273 97 1320 8 1375 16 1150 95 1199 24 1202 61 1197 54 1104 86 1125 38 1212 7 1225 81 1162 55 1164 63 1164 87 1063 70 1052 44 1064 72 993
552 -0.14386968816886644 1.8021194485633236 2.437552372646163 81 90 90 0.35884996318534262 89 936 41 796 26 851 41 926 97 828 97 954 8 1140 16 749 95 617 24 976 61 973 54 851 59 1115 51 1259 68 1149 46 1216 22 1206 94 1144 98 1072 93 771 13 1258 34 910 86 881 7 998 30 694 75 214 45 440 53 436 80 461 72 330
553 -0.17088255848526232 0.51407543657096222 2.0110912760774124 171 134 45 0.079425199292001217 41 4 89 6 97 3
554 -0.17088255848526232 0.51407543657096222 2.0110912760774124 171 134 45 0.079425199292001217 41 5 89 7 97 4
555 -0.091664181066490547 0.51087126639376323 2.065387755185498 0 0 0 0.07341544394734309 89 8 97 5
556 -0.091664181066490547 0.51087126639376323 2.065387755185498 0 0 0 0.07341544394734309 89 9 97 6
557 1.1371437161780917 1.0181730680940051 1.6661415566199405 181 106 17 0.066509675649376779 41 97 89 97 97 89
558 -0.77925342956872423 1.141141984303315 2.6445917714625575 43 50 67 0.05556355638227551 41 107 89 163 97 104
559 0.29566816631576476 1.117877772181832 1.8729312374586897 129 89 14 0.063330004143381566 41 113 89 588 97 114
560 -0.81156645120043469 1.1714879108982894 2.429459950638968 0 0 0 0.59684257660759732 89 177 97 119 91 12 42 8
561 -0.16024937771334136 1.1779914000532392 2.0616283159946596 21 23 31 0.12105534187365666 89 174 97 126 8 278 59 787
562 1.804602996226804 1.4389779595456154 5.0589215543622279 184 110 23 0.48359542269780853 89 212 97 151
563 -0.88603741689028082 1.5393680750628846 2.6349607724622417 82 86 82 0.44153736354764617 89 280 97 208 8 557 24 384 59 859 51 976 46 992 22 994 94 982 98 1100 52 895 39 793 33 797 90 788 99 795 84 792 34 957 86 340 7 647 81 311 63 352 7 396 87 277 75 616 53 488
565 -0.54872500252286349 1.6661744726104339 2.5142670187753131 47 35 31 0.38031701852795119 89 327 97 245 16 89 24 619 54 526 86 759
566 0.77568876966398448 1.4499495010528465 1.2441756661986072 253 227 66 0.17475019984366877 41 268 89 277 97 246
568 -0.52443985400285897 1.7881712566449939 2.4226351238718475 73 55 49 0.077983030934258943 89 364 97 270
569 -0.038437277558181479 1.9377528799414179 2.3224154098034391 73 54 49 0.090192230825754949 26 234 97 296 8 545
570 0.065289894134857876 1.9366641496985608 2.2796763433421194 86 61 50 0.19020862012352674 26 246 89 403 97 297 16 441
571 0.71993317037167381 2.3443372825920643 4.0119386642713391 118 113 98 0.27850402892850823 89 418 97 300
572 0.032344994238706078 1.9640781927875606 2.2696156673899255 89 64 54 0.29285931992659775 89 408 97 302 8 791 61 376 59 534 68 371 46 447 22 544 51 964 94 530 98 512 52 521 39 412 33 403 90 462 99 533 93 790 38 218 7 244 81 173 55 146 63 539 87 192 70 116 23 557 65 214
573 1.3596849144996528 2.0675922033365692 2.2311150005174571 120 116 103 0.17970655253512238 41 355 89 433 97 330
574 0.42990988583689987 2.1187360597281937 2.1867685736129787 38 26 23 0.24712441573640878 89 450 97 343 8 535 24 355 61 345 59 502 51 648 68 315 46 406 86 204 38 155 7 200
575 0.60561509116493806 2.2157593247698322 2.0882509050734592 23 14 13 0.51979584623534125 89 465 97 357 59 489 51 649 68 670 46 374 22 476 94 470 98 423 52 469 39 358 33 366 90 422 99 786 84 781 93 802 13 952 77 492 21 659 10 747 49 809 3 324 20 207 29 337
576 0.88410751252563513 1.8703735160403769 0.56349695508567943 125 122 110 0.05776424232734606 89 469 97 373
577 -0.043324827800454373 0.54439130944977365 2.0335758435181424 251 240 68 0.1109883065693144 26 576 89 776 97 375 95 525 72 399
578 1.0793791385253386 0.58736362247293972 1.5097084145647439 253 251 81 0.28349393976941956 26 36 97 376 95 21
579 1.0793791385253386 0.58736362247293972 1.5097084145647439 253 251 81 0.28349393976941956 26 37 97 377 95 22
580 1.2699474519119427 0.9636757505759832 1.7052226771465815 250 192 47 0.19588312321692722 89 530 97 418 24 391 54 9 87 44 70 185
581 0.20065007638899807 0.99351017673750075 1.9781147051101857 133 94 19 0.64288057907390217 89 555 97 421 8 672
582 0.62873051281241965 1.0742125705624403 1.2414274037063791 195 207 234 0.16353312286220967 41 481 89 566 97 463
583 1.0928024579742588 1.2502567083681166 1.5039039191751931 254 232 72 0.029427497100992024 89 622 97 530
585 0.69640523606579385 1.3467226381330215 1.1673029241694297 254 230 72 0.2019318465090624 41 584 89 659 97 585
586 -0.20526408985275693 0.60043796798715277 1.9692575881190182 255 232 73 0.97803631323624929 26 786 89 783 97 686 16 694 95 523 91 742 42 673 72 393
587 -0.11286645820784305 0.75287161600948938 2.3760784622617357 167 173 192 0.17963887672514459 41 700 89 505 97 710
588 -0.18359113452676115 0.9827383728670388 1.9181401045276874 113 74 12 0.069979212927882936 41 718 89 839 97 737
590 0.610878193855381 1.4455626634030712 2.0626262360278016 39 35 26 0.048795435597229604 41 764 89 896 97 792
592 0.95483786138629156 1.4964755581292029 1.2711112704805767 254 251 72 0.1818373610154522 41 791 89 911 97 821
593 0.83270895094833519 1.3566806231751856 0.17596603055339852 254 227 68 1.0377884323282534 41 800 89 905 97 825
594 0.92340316194459804 1.7796605762306998 2.4221871420501873 234 218 178 0.45995770969430794 41 799 89 933 97 826
595 0.2223011421047475 1.779465136210441 2.220678079517441 57 67 91 0.14713130419615802 41 801 89 1096 97 832
596 1.4334885927976575 1.8799687696261398 2.3876724147837294 233 218 181 0.24364829198751456 26 765 41 811 97 841
597 -0.34282032679605806 1.0364543461347493 2.2469832348373933 181 191 212 0.07976092066451286 89 845 97 893 59 1065
599 0.73841771162413439 1.7098903505747332 2.4724900950608624 238 216 171 0.11007635623412342 41 914 89 1073 97 940
600 0.7705620949174522 1.9260682540059915 2.3525901074857916 237 217 175 0.28542675651533878 89 1132 97 1001 8 1058 24 895 61 884 59 1229 51 1370 46 1121 22 1113 94 829 90 707 99 972 84 951 13 1402
601 0.51089207779969747 1.9504152297073984 2.3435993562750426 221 204 164 0.08819298600754534 41 972 89 1134 97 1004
602 1.2144816079306515 2.1116844347286601 2.2086705754376461 236 220 180 0.10605252698550616 41 1036 89 1199 97 1072
603 0.30673936060958851 0.95793242305401038 1.9437659890225676 24 28 37 0.32458053163594397 41 867 89 1331 97 1144
604 0.76020674191853177 2.1920368057825979 2.1565677674771728 231 213 174 0.43487643075610183 26 1141 97 1192 16 1031 95 1097 21 1203 72 936 29 1078
605 -0.095109458818703557 1.0968552924079833 2.1647238689878967 254 205 51 0.87017388131286688 89 1273 97 1227 95 1048 61 1103
606 -0.091379563361936852 1.0947583840189234 2.1783441159224881 254 205 51 1.2004745596485067 89 1274 97 1228 8 999 61 1104
607 0.39513387106513775 1.0656761288404131 1.5037752307296635 238 205 69 0.21512746850457173 41 1217 89 1340 97 1261
608 1.3715269162217687 1.0973028078268037 1.6385252378940605 204 139 36 0.14868055263808314 26 1246 41 1219 97 1264 8 1243 72 958
609 -0.081705275502666569 1.1983057090508886 2.1098573239024607 250 208 58 1.8072206493134617 26 1237 97 1266 8 1318 16 1105 95 1164 59 1420 51 1554 68 1305 46 1386 22 1375 94 1311 98 1155 52 1141 39 868 33 882 90 1039 99 1140 84 1120
610 0.5644408522606259 0.88089496773530673 2.1184758770984673 0 0 0 0.27280158292913526 41 1238 89 1418 97 1297
611 0.68365073412294419 1.524598427322021 1.9306786364977835 235 211 167 1.7937708153203384 41 1227 89 1426 97 1301
612 0.68365073412294419 1.524598427322021 1.9306786364977835 235 211 167 1.7937708153203384 41 1228 89 1427 97 1302
613 1.7175949543058475 1.6627415167096735 3.0052764665158054 205 191 154 0.76627264452474264 41 1271 89 1439 97 1317
614 -0.5963788080964354 1.6956627446829713 2.5365954228370824 43 34 34 1.5033101659158281 89 1434 97 1318 8 1376 24 1203 61 1198 54 1110 68 1355 86 1132 7 1231
615 0.26873083137492154 1.7045628679663933 2.1862469784942729 47 50 65 1.8385116233744287 89 1440 97 1325 24 1197 61 1193 59 1490 7 1223
616 2.0931419899321897 1.8349617930949447 4.1488665253861745 122 118 104 0.13641372611809938 89 313 97 235
617 1.8890704055881109 2.0141091690909381 4.0815613649249718 128 121 106 0.12226415498666118 89 355 97 262
618 1.3014745951816518 1.0224506047922741 1.6628416185839709 2 2 1 0.39483590751852776 97 91 8 23 61 18 86 13
619 1.4354219702862887 2.033988675471726 2.2508187448761832 236 220 183 0.25985890661783118 97 326 8 285 68 56
620 0.84597048980516099 1.8509038571123089 2.3817862955518132 242 223 182 0.14846533085111394 89 379 8 317 59 286
621 0.84539691663785899 1.8504533840775945 2.3810291174291325 242 223 182 0.14112656492758408 89 378 8 318 59 287 84 198
623 -0.4926367386713521 1.2960305887279557 2.3652622466821667 4 4 4 0.064364338978357888 97 155 8 402
624 0.16224383124475442 1.9152992531227599 2.3666219248848139 71 77 77 0.26092113113452958 89 394 8 515 51 639
625 -0.6799901921863768 1.4526700867418443 2.4909338275905633 2 3 7 1.4983836459172752 41 208 97 192 8 516 24 365 61 386
626 -0.3563852160623181 1.7008063311829646 2.5217217474664895 68 79 81 0.23931440198195575 89 340 8 523 59 541 46 470 22 572 51 653
628 1.4281477443358566 2.9788006776225795 3.6494096502943094 109 76 62 1.2995653632519846 89 482 8 528
629 0.46680406950544734 2.1350227403808888 2.150869309239098 28 17 13 0.27102352166553689 97 346 8 536 16 280 24 356 61 342 54 261 59 501 68 690 46 399 34 270 86 201 38 148 7 189 81 128 55 99 9 122 44 104 63 156 87 145 70 174 23 114 30 207 80 143 2 142
630 -0.74294094999813964 1.551178524885704 2.6242488039608283 58 61 58 0.32666546582218031 89 281 8 537 61 391
631 0.77729957075943179 2.3013332544250722 2.0409068934425427 39 26 22 0.43710727422684054 41 377 97 368 8 538 24 352 61 313 54 230 59 475 51 650 46 352 22 453 98 401 52 459 90 411 99 521 86 156 38 114 7 136 81 95 55 61 9 68 44 57 63 84 87 110 68 251 70 251 23 71 65 158
632 -0.10852643888109779 1.9098907690255975 2.3488832829892257 99 107 104 0.2686777324570182 26 226 8 553 16 159 68 394 93 538 13 696 86 256 38 549 81 189 55 490 63 564 87 211 23 205 65 240
633 0.0099670586067399057 1.9719435226562265 2.2848846362838353 26 23 27 0.41386453424325925 41 331 97 307 8 560 24 378 61 619 54 519 59 538 68 732 46 453 22 548 94 536 34 300 86 493 38 540 7 561 81 497 55 466 9 485 44 426 63 542 87 500 70 114 36 90 23 562 30 233 65 535
634 0.43502521088933788 2.119908594322478 1.8722892718152004 104 71 52 0.46099900928788806 97 353 8 561
635 1.280121498169924 0.98643366096929297 1.6905669621605641 182 115 33 0.17893661791995366 41 90 97 79 8 585 24 396 61 407 54 336
636 0.61235061420402437 1.6998327878070809 2.2411911934274822 225 206 166 0.2983070398152276 41 636 97 636 8 742
637 0.27174101704757031 1.8135851570900299 2.2020451657487263 2 3 3 0.63597103101894692 41 647 8 765 97 651
638 -0.72883933368845344 1.3823584241462512 2.540202213374771 2 2 3 1.9419831518882653 41 532 97 527 8 773 59 842 51 1247 13 1206
639 -0.69358016586180038 1.3898104981785546 2.4662531895368547 1 1 2 0.97206713825681146 89 225 8 774 21 129
640 2.3801142273573954 1.4596466813776132 6.7200804673904662 1 1 0 1.0611647443397025 89 630 8 818
641 0.33938771519767591 0.8416390532511111 2.1332914328811099 1 1 0 0.39837196993865903 41 400 8 822 97 717
642 -0.50057461843864637 1.8031130012907333 2.4069697757005137 36 32 37 0.52501402449271162 89 941 8 953 59 1125
643 -0.50097295540707909 1.7998222135928383 2.4235675925854148 36 32 37 0.60161509657701817 26 160 89 942 8 954 61 392
644 0.78051809475474165 0.72964890043544994 1.5624899742066896 1 1 1 0.77040850026495633 89 491 8 959 24 404 61 807
645 -0.31844920980027336 0.49927239632888681 1.8690629885147862 255 234 83 0.057427602398296855 41 830 8 964 97 852
646 1.2528308901640026 1.9234445492464893 2.3237350562143724 236 219 181 0.36493871068616696 89 1126 8 1015 59 1184 51 1350 13 1387
647 1.1503817681682083 2.3485410049462749 2.0525917673286336 234 218 180 0.20821748702981008 89 1237 8 1126 24 955 61 927
648 -0.21013324893043267 1.7786124041649858 2.4554904616612583 82 91 91 0.48574614340701461 41 921 8 1141 51 1260 46 1332 22 1334 94 1147 98 1076 52 1081 90 982 99 1083 84 1056 93 1053 13 1256 34 914 86 982 7 1090 77 199 30 697 75 220 80 467 49 667
649 -0.3138916149204049 1.8090063656268642 2.4303969373522154 84 94 94 0.28586056003234367 89 944 8 1147 24 985 61 978 54 862 59 1309 51 1464 46 1228 22 1341 46 1338 93 1063 13 1464 86 887 38 808 7 830 7 1004 81 766 63 794 87 681 70 626 91 584 42 539
650 -0.52466879378106812 1.7515046938293264 2.4210644386087057 72 54 49 0.21269987715343133 41 915 8 1151 68 1158
651 0.65973356619038726 1.6434480832534735 2.2644640586328886 236 215 171 0.22138278307868056 97 936 8 1207 41 909
652 -0.42798653742950921 1.5341656687570242 2.5015893929287376 5 7 8 0.10340932242316225 41 888 97 920 8 1219
653 0.96942284854132077 2.344372624300032 2.0357727193348545 228 211 175 1.1500546602928734 26 1151 8 1224 16 1095 24 1056 61 1054 54 914 59 1269 46 1142 68 1118 22 1145 94 853 98 371 34 569 86 636 38 697 7 454 81 387 55 648 63 433 70 875 23 56 42 939 30 162 88 736 72 940 83 807 37 737 96 940 76 922 85 721
655 0.80894696100245234 0.90177056007537448 1.4071209887267153 83 69 42 0.98152861683428905 89 1324 8 1246 100 1022 82 1005 40 922
656 -0.12415550086350041 1.8829524144845668 2.3646118581138253 90 99 99 0.78291798593434347 89 1301 8 1290 24 1122 54 1029 51 1529 68 1232 34 1119 7 1084
657 -0.29071355800913429 1.0908347073707423 2.1689403755415753 43 34 3 0.8997622229975264 89 1381 8 1317 24 1181 61 1174 59 1470 46 1490 34 1188 30 950
658 -0.029786335073336261 1.2281153488571339 2.0861368472706783 233 195 63 0.3823321004038045 89 1352 97 1267 8 1319 24 1162 61 1157 54 1071 86 1091 38 1175
660 -0.56132835708578488 0.5158940377862018 1.9807731586083388 252 230 72 0.027812456749671109 26 573 16 2
664 -0.7863221574200383 1.654503954620222 2.5173348704581402 116 81 65 0.20523805855568195 8 952 16 73 24 795 61 798 59 1129 68 1053 46 1245
665 -0.49974314714425144 1.7116014620780826 2.4730668207154709 39 33 38 0.17413379367848186 26 142 16 110 95 173 72 131
666 0.41544010813949422 1.1920525272555815 1.5718980095079782 67 70 82 0.07767404012072833 26 381 16 121 95 100
667 0.2628105406947166 1.4238681407359828 2.0134154248145619 61 67 83 0.1181416025571924 26 150 16 128 95 165
668 1.0917765488158051 0.90922204186702549 1.7716982332145328 184 102 14 0.097491878977161689 26 93 16 134 91 197 42 150
669 1.193480222283233 0.91853846788652693 1.730406554696529 148 83 13 0.38007356018181493 26 116 16 149 95 114 24 19 61 14 70 164 91 230 72 116
670 1.1940477222836499 0.91795927854910531 1.7287508948752084 148 83 13 0.3882395474611266 26 117 16 150 95 115 70 165 91 229 72 117
671 -0.064075148396153261 1.8886001928688076 2.360385496819184 52 41 41 0.65020449577123129 8 784 16 160 24 613 61 617 54 706 59 1116 51 1264 54 849 68 1017 46 916 22 924 94 913 98 843 52 870 39 422 33 411 90 468 99 789 84 785 34 674 86 725 38 784 7 804 63 561 87 665 44 688 70 644 23 577 38 228 42 553 30 509 75 210 53 210 45 174 80 456 2 444
672 1.4556737766320569 1.3880728713138659 2.7146982896225826 148 100 75 0.22323861469460593 26 239 16 261 95 260 72 227 21 229 29 314 37 180 83 231 96 250 76 215
673 1.4055548997371425 1.4517823411477309 2.6688536791670829 58 47 37 0.14763121247833572 26 250 16 265 95 263 72 230
674 1.4470497056238316 1.4482825456870476 2.6780367001159253 60 42 37 0.40319079793500651 26 252 16 266 95 266 86 64 38 84 81 87 55 82 36 230 15 280 91 273 42 223 79 319 31 344 21 234 49 246 83 232 29 586 37 183 96 506 76 479 85 457
675 1.2877377799870542 2.4199325896684414 5.8481635052150889 108 99 80 0.69491076620885184 89 386 16 277
676 1.2877377799870542 2.4199325896684414 5.8481635052150889 108 99 80 0.69491076620885184 89 387 16 278
678 0.13167576382893359 0.88976211534147509 2.3624898577939675 141 78 6 0.33922960051092088 26 320 16 325 54 472 61 521
679 -0.16678298828747748 1.3462749225748794 2.1697283022902787 98 89 25 0.31477405608560288 26 622 16 347 95 787
680 0.98505245994273072 0.68190874532872203 1.4694972906913293 0 0 0 0.1805869789691395 26 331 16 353
681 -0.56171600557556178 1.6708700370427594 2.467362917901736 65 51 49 0.38757965672693762 26 390 16 354 61 623 24 622 54 529 68 1036 86 758 38 830 7 854 81 789 55 810 44 720 63 816 87 699 70 601 23 623 42 519 72 122
682 1.002062406198386 0.85511295304152257 1.7332634958546842 255 234 65 0.15128363886793583 26 362 16 374 95 362
685 1.4036167347524089 1.5466200102371983 2.6295681763244074 228 213 177 0.24942114607123705 26 556 16 500 95 500 83 616
686 1.464167245731522 1.5703976761683294 2.6035845351126436 228 213 177 0.10093998422757854 26 557 16 503 95 502
688 -0.6412263191783073 0.62043721956494213 1.9727603595054481 1 1 1 0.55025711404873134 26 574 16 523 95 310 72 245 21 386
691 1.0393648099653146 0.86683078750392684 1.7425676047534715 254 216 59 0.27910469281524986 26 621 16 586 95 567 72 426 21 414 29 648 96 543 76 509
692 -0.20796264138044337 1.7680745856646209 2.4586313758678027 78 88 89 0.33700139533225987 26 673 16 589 95 458 21 520 29 271
694 0.027985175806276651 2.0054861520271356 2.230953994656105 75 56 50 0.88434803775385362 26 876 16 631 95 845 24 1065 61 976 54 848 7 787 38 763 81 725 55 749 9 753 44 659 63 755 70 811 36 618 91 614 42 560
695 0.28429737575383535 1.8811003250502207 2.2259818799147482 43 38 32 0.87505344902267712 26 546 97 989 16 638 95 653
698 -0.22144174568687108 0.52446903535772171 2.0103303966274524 255 246 66 0.18492808452847595 26 782 16 690 95 519 72 389
699 -0.16188259297303162 0.55072924499311393 1.9950907063335528 255 249 65 0.056949767200079687 26 785 16 692 95 522 72 391
700 -0.19585816974713566 0.60176252558889254 1.9602607066136899 255 246 66 0.17444470322521341 26 787 16 695 95 524 72 394
701 -0.230652223724198 0.6533855112279312 1.9222485634012796 255 244 65 0.20596116489907246 26 789 16 696 95 526 91 739 42 671
702 -0.23081917222732287 0.65337714018653636 1.9251850734272837 255 244 65 0.16182897129636556 26 790 16 697 95 527
703 -0.16761782992697088 0.67953298003834384 1.9061023883874317 255 246 65 0.074943584305211405 26 794 16 702 95 530
706 0.38030227596174876 1.9162594849497778 2.222139757097918 227 205 160 1.6886875504132492 8 1121 26 888 16 767
710 1.109367417379175 2.8839343473969428 6.9388448499751636 237 221 180 3.6055842605807218 41 970 16 804
713 1.4503196700214522 1.6262504081614673 2.5781133306409814 235 219 180 0.067166371032626307 26 919 16 835 95 911
715 1.5126510715366785 1.6532744410895086 2.5584094241644744 237 220 181 0.07940453802376056 26 940 16 858 95 928
716 1.642876361893947 1.5748827451435732 2.6067071202541996 233 219 181 0.16543968589525312 26 931 16 859 42 869 91 948 72 771 83 770 37 700
717 1.0222021097286806 2.032273735158951 2.2687560561823457 237 219 178 0.27116322096487605 26 1010 97 1040 16 885 51 1210 59 1060
718 1.0890154667921601 2.1159008544210915 1.8457170762701545 237 220 179 1.7372353505043838 97 1097 16 935
719 -0.61346181326068661 0.66420739202598478 1.9533998907721941 255 228 72 0.084698686330971426 26 1069 16 954 95 745 91 958 42 885 37 492
722 0.94633270839894668 0.92285780040115217 1.6851445063270158 255 242 72 0.47739778872911787 26 1105 16 1000 95 1053
724 0.63561694882830388 2.1329513074600865 2.174387415206295 227 207 165 0.37474401213056496 26 1137 16 1026 95 1089
725 -0.10801924912380764 1.0611303774448935 2.0712337097364553 255 228 59 0.097541403195523901 26 1174 16 1060 95 1121
727 -0.33691969259673943 1.1776974510813287 2.1553357697529378 255 207 54 1.0862297723808501 26 1233 16 1102 24 1183 61 1176 54 1084 68 1329 86 1110 38 1180 7 1207 81 1109
728 1.0797729503592697 0.60757989308308269 1.5168327843808191 254 242 74 0.80509988124443932 26 1231 16 1108 95 1116 72 913 96 629 76 605 85 468
729 0.66737583194415862 1.0059949007633364 1.2991028991564826 198 210 235 0.23619626626468529 26 1240 16 1114 91 1085 42 1009
730 0.69969229610991812 1.1813942461501286 1.1048039947026165 254 242 76 0.27368614260823021 26 1200 16 1117
731 1.0606716772302378 0.75946200110596285 1.6499494323565707 163 101 21 0.89233858472526106 16 1139 95 1189 72 985
732 -0.44491642320844732 0.4764585572884259 2.084196345276367 255 246 65 2.0375214168009945 91 1128 42 1042 40 1007 28 953 82 1107 32 917 58 961 73 1056 19 968 11 938 71 995 97 1306 18 1090 100 1124
733 0.11353554287313579 0.82526878877244603 2.3637429908557039 247 207 71 1.7104780331054017 26 1267 16 1146 42 1037 91 1123
734 1.4535278441757455 1.9332822571861221 2.33715198225133 231 213 175 1.192312815006217 26 1275 16 1152 13 1595 21 1310
735 -0.53601534432904441 0.62098675734981901 1.9948824165287495 255 233 65 0.87810485215926559 26 1277 16 1153 95 1202 72 996
736 -0.55341322708584328 0.61794337612033445 2.0141897266898523 255 233 65 1.0939042285922942 26 1276 16 1154 95 1201 91 1127 42 1041 47 1137 72 997
737 1.5603038879907685 1.2881041688360648 2.7417957615161361 0 0 0 0.51156913897499878 26 1283 16 1159
738 -0.42739017348179348 0.73816569203139393 1.8589161605990296 252 227 70 0.079858657273077283 16 6 26 5 95 11
739 -0.2174000963506402 0.96415781694943947 1.8914170947136919 179 179 195 0.18838006579242561 26 27 95 23 72 16
740 -0.19218519328224845 1.8327406935285362 2.4078362491642542 90 99 99 0.23693226322141384 16 136 97 645 95 220 24 616 61 380 68 751 70 93
741 -0.1918109727434554 1.8318386108284388 2.4057456756883302 90 99 99 0.26086019865838966 97 646 95 221 24 615 61 379 70 94
742 1.0879766683264176 1.9531479664247802 2.3111227364541955 236 217 176 0.051464607071752211 26 285 95 293
743 0.93867980858317901 2.3062623790794503 2.0664585788010426 111 74 59 0.21561818245322142 89 474 95 306 21 364
744 -0.30168762304571267 1.2397677692682323 2.1606460869347877 225 183 48 0.13492194150845063 26 348 95 354 72 71
745 1.0607208388244731 0.86478829729500117 1.778962452634552 161 104 20 0.21184521743577694 16 125 95 375 72 300 21 71
746 -1.0527803480316034 1.5499623574754398 2.6406417906795818 125 85 66 1.2375293288964735 26 353 95 383 61 802 54 724 86 791 38 1019 81 994 55 1028 9 1038 87 722
747 -0.13993747286840202 1.4493863282387551 2.4110414034530878 4 4 4 0.46924014598770625 41 556 97 559 95 420
748 -0.53285982594794012 1.7408582701424027 2.4113214619647416 74 57 53 0.12132956037546185 26 419 95 435 72 129
749 -0.75230224688705161 1.0582151322259732 2.4155592074584238 1 1 0 0.20449757157170775 16 309 26 589 95 546
751 1.3482338374390583 1.5187810289371162 2.6547116483555291 230 216 179 0.38587480346700492 26 724 95 671 21 593 29 777 37 592
752 1.3793061673763323 1.507990939834704 2.6963137922667069 125 117 102 0.17562868867637341 26 549 95 672
753 0.52612739300386113 2.1274967064439614 2.2114173118942029 104 70 56 0.030330026684840989 26 757 95 703
754 1.2378198442887802 0.77279324393818782 1.644550570567463 253 253 83 0.30450259723905149 26 826 97 388 95 775 21 691 29 884
755 0.86515239896585439 1.7581065641445501 2.4386663049421684 241 219 174 0.29449489912040505 89 1082 95 867 72 660 37 543
756 1.3230868179582966 1.5715480182494823 2.610184753220254 237 220 179 0.06100791281969617 16 805 95 875
757 0.66040185831250098 2.1821010109059462 2.1389798366486099 106 72 56 0.67194558897074419 16 862 95 960 72 725
758 0.68431593060580098 2.3116210609071945 2.0430778638591387 77 55 46 0.42569280605298498 26 776 41 1073 95 990 72 378
759 1.1933562748455377 1.2165447345924381 1.5444649452260157 91 63 55 0.23065947886661495 97 1165 95 1075 41 880
760 0.0081159990006762304 0.5895223801791537 2.156377120916837 222 223 242 0.077445354318472701 41 1159 97 1205 95 1114
761 -0.4903085600762801 1.4602494502129804 2.5085631572317619 28 34 45 1.504322881571319 26 1192 95 1128 61 1120
762 1.3349900591272763 1.0185601939370192 1.6709757597227624 0 0 0 0.62540667875162648 26 1202 95 1131 24 1069 61 1068 54 986 72 921
763 0.28576358971085536 2.1027240476839886 2.1387107348566965 100 69 57 0.25833780142779367 26 1218 95 1140 24 1123 61 1062 72 886
764 1.3701898295042698 1.099817077175633 1.6395536965922684 207 154 43 0.39930638854776807 41 1220 97 1265 95 1173 24 1138 61 1137 54 1042 44 1055
765 -0.12064078136608168 0.50236517152413007 2.0533805685129032 253 237 71 0.5395003190483928 97 857 16 524 95 521 26 295 16 5 68 1101 72 392 21 7
766 1.1152078952417641 2.0027743816013648 2.2837571542021862 232 216 177 0.68121535722308169 26 1012 89 1158 41 1000 97 1030 8 1031 16 898 95 969 89 962 41 815 72 767 37 616
767 1.1587398857237603 0.93249634894309741 1.7404917473101744 182 104 17 0.033647987933022788 8 19 24 21
769 0.84862455094643086 0.904437425880388 1.4067503908319852 141 123 35 0.1002190757222394 24 47 61 48 70 153 54 384
770 1.1303667613364332 1.206383671120689 1.5429451462572621 254 230 70 0.080130460887582786 8 92 24 60 61 54
771 -0.33441662592513216 0.52463201167692963 1.8949637751588504 167 8 2 1.2521034670006783 95 1 24 109 54 503 59 71
772 -0.38840258314461307 0.55413677431664676 2.0009175164589719 255 223 69 0.42672305604224559 8 124 24 117 61 151 54 268 59 96 51 71 86 276 68 232 38 580 7 257 81 215 55 198 44 264 70 7
774 0.038962371019273981 1.2758078407832032 2.1253637449512222 83 61 11 0.52317035616382956 8 273 24 191 61 221
775 0.14664108500713244 1.261343881849148 1.7903120783509281 100 117 156 0.13143766178841218 97 161 24 192 41 173 61 218
776 0.2013650281936305 1.8804596453191642 2.3720208833182315 1 1 5 0.082510803109609301 8 483 24 326 61 317 59 495 51 624
777 0.65311149519479184 2.2760197163034062 2.068001622954891 44 33 33 0.26226602793564041 8 551 24 360 59 498 51 657 46 380 22 483 94 473
778 0.65481548619820817 2.277644710598953 2.070485369590477 44 33 33 0.29105929384508145 8 552 24 361 59 499 68 279 46 381 22 484 51 658 94 474 99 539 13 710
779 -0.62624353578957281 1.5334956130243991 2.6314955703078602 1 2 5 0.090554818053221117 8 518 24 363 61 383
780 -0.64403496790364556 1.5224572033623027 2.6291088618188079 2 3 7 0.075954684322160682 8 517 24 366 61 384
781 -0.4904821406218165 1.6433279909799567 2.5647369061292498 68 78 80 0.044949468817076448 8 526 24 369 68 429
782 0.075677006672194846 1.9877224433070124 2.2379394292430077 36 31 34 0.39006345380422286 8 554 24 376 61 377 54 282 59 531 51 663 68 723 46 904 22 916 90 460 34 295 86 237 38 528 7 551 81 489 55 457 44 163 63 525 87 187 70 122
783 -0.016910895306369602 2.0052038975708411 2.257970886487199 30 28 33 0.48018390268757094 41 657 24 380 97 662 68 739
784 -0.87916250885491409 1.5166346237080901 2.6408072200229071 130 132 124 0.54091408583678668 8 543 24 382 61 628 59 565 55 577 44 489 54 720 23 677
785 0.8588031233404404 0.67532521340984131 1.5654619270340049 83 95 127 0.21534536157741954 8 7 24 389 61 408 59 578
786 1.2354597694151459 0.99372340068704901 1.685944799353907 168 104 27 0.18965212949351939 8 21 24 399 61 411 54 338 70 417
787 1.6939286743439628 1.5502123653216482 2.5558400486850652 203 132 34 0.31606567538223473 8 635 24 433
788 1.1152442224437471 1.2411407708367099 1.5064377739020496 197 128 34 0.1934974756487246 8 619 24 464 61 466 54 378 44 347 36 387 79 491 31 492
789 0.62726696116038505 1.0738788911097943 1.256414147570668 205 216 239 0.09222362579579485 8 135 24 523 61 113
790 0.63780316533448633 1.1857364120386082 1.4724662299901736 135 117 46 1.4794765588995695 8 851 24 537 61 125 59 634 22 57 98 51 39 51
791 0.94444427799424047 1.4044528705251711 1.3842572845688528 254 229 65 0.12076961480281637 41 605 97 605 24 543 61 522
792 0.22348366437357511 1.0698248338107326 2.1441032280122059 129 100 31 0.17529118162428953 8 685 24 545 61 546 54 475
794 0.69386514028794688 1.1883726607310201 1.0740829487749342 254 254 110 0.05350794756002638 8 654 24 549 61 533
795 0.041468586189232069 1.007408160188461 2.1930610169737195 249 200 60 0.28803965398334114 8 688 24 550 61 689 59 727 51 805 99 60 84 76
796 0.91146114065642192 1.9260101542801578 2.3462440214508966 225 210 173 0.078587623895988432 26 754 24 577 61 561
797 -0.20602835431890204 1.223207378241953 2.097906144425457 163 175 203 0.2584632265271794 8 735 24 588 61 581 59 797 51 342 52 143 13 204
798 -0.87371769050824277 1.0938275278486453 2.9552425088059708 1 1 1 0.27838224790859367 8 930 24 596 54 867
799 0.28908532562469541 1.6802647063437681 2.1358557366973727 58 55 56 1.3216081669606914 8 756 24 598 61 579 54 498 68 668 59 378
800 0.17352089172878951 1.6462693160297386 2.2023990419115749 8 9 12 0.20907550567260755 26 484 24 599 61 586
801 0.74014283583960505 2.2983751865715556 2.0297416646376418 104 72 60 0.09069494023831931 16 513 24 609 61 602
802 1.0683747931543282 0.57889504629483723 1.546494160197363 2 2 0 0.14810279892690567 8 572 24 631 61 636
803 1.1820071133179897 0.8658674207730418 1.7283143826869682 162 102 19 1.0530022044365326 8 799 24 638 61 640 54 537
806 0.81351896511519872 0.78315653149296471 1.4669162623597696 15 17 21 0.36670706679880355 8 18 24 648 61 653
807 0.72770778305113892 1.0869927861746398 1.2365636556832562 158 137 39 0.39009332367487703 8 829 24 675 61 673 59 876
808 0.42921934236707998 1.1212309909565172 2.1074836313308438 137 115 41 0.19690970023501006 8 852 24 678 61 679 54 614
809 0.22868935131442306 1.0525440801847565 1.9381732525336528 168 137 47 0.70460097815800937 89 565 24 684 61 687
810 -0.41453811553655157 0.63224331933311495 1.9530468937792131 255 225 70 0.55878973167557244 89 793 24 685 54 699 59 948 51 755 68 934 86 746 38 807 7 805 81 756 55 790 9 508 44 738 63 747 87 710 70 564 21 389
811 0.62320733143211449 1.2738830045074885 1.5021607795037448 239 218 175 0.67946576280401683 8 862 24 687 54 610
812 -0.0031281370332899515 0.99577429604026646 2.1987642025967213 250 201 60 0.20582963159352805 8 864 24 688 61 692
813 0.98484769299616137 1.5449185459229537 1.3057156055473707 253 233 70 0.18960895409044118 8 871 24 695 61 685
815 0.19039609840216162 1.2192661999502925 1.7905555598051108 56 57 55 0.80799943105705319 8 884 24 708 61 711 54 486 59 1177 97 765 51 807 68 903 87 494 70 348
817 -0.28755983610431418 1.1614873703129196 2.1326984747749531 254 210 56 0.24669477636746043 8 915 24 734 61 760 54 514 59 795 51 856 68 332 86 509 7 574 23 551
818 -0.28813812680463474 1.1610481847821619 2.1301541115776521 254 210 56 0.15723623041705212 8 916 24 735 61 761 59 796 51 857 54 515 86 510 7 575
819 -0.85963457448221159 1.1267864309188262 2.9482261767552886 119 123 115 0.81388266705173351 8 931 24 753 61 787 54 715 59 1109 51 1229 68 1165 99 744 84 731 93 195 13 844 38 1020 7 1116 81 1001 55 1035 44 771 44 911 36 830 23 1092 79 907 31 886
820 0.34900738221836886 1.7496096607466274 2.1182528308869153 214 197 157 0.58681787504904892 8 936 24 757 61 583
821 1.1316664191821659 2.4927556731018012 1.9169902073827589 102 71 59 0.40976343765177181 97 1113 24 781 41 1079 61 776 54 636 86 382 38 404 7 67 81 33 55 333 87 570 70 736 91 903 42 872 88 743 100 692 82 704
822 -0.99478650659190582 1.5608353557730377 2.6007800672814905 123 85 66 0.6000733126005392 8 955 24 797 61 801 54 723 86 788 38 1016 81 991 9 1032 87 719
823 1.0784625750075907 0.6619467333753758 1.4735052172968479 156 93 17 0.66676993397585027 8 795 24 801 61 803 13 0
824 1.1104799082462846 1.3315713144925203 1.453861982948514 255 231 68 0.13846315764520761 8 972 24 828 61 830 54 741
825 0.70409219848809046 1.1413583571772579 1.128835155936067 132 113 32 0.15773697816833965 8 971 24 842 61 843 54 762 86 804 87 749
826 0.24744205243100964 1.1074881298591099 2.1203796138811808 171 138 47 0.53270498194630245 8 984 24 847 87 815
827 0.89313484437625512 1.5722187829403893 1.4351994356970379 233 216 177 1.4597098365948273 97 1183 24 857 41 1138
828 0.83658541722390445 1.9525217900817737 2.3348112247513284 234 215 173 0.37511339813791233 8 1060 24 892 61 874 59 1224 51 1366 13 1403 93 1163
829 0.70324624544436254 1.8983602764089189 2.3716782313531857 232 214 172 0.23990037574409023 8 1062 24 898 61 890 59 1232 68 933 22 1123 46 1136 94 838 52 798 90 713
830 0.64375035776401013 1.8728327149258881 2.3980372880111296 229 209 167 0.051612839274443052 8 1061 24 901 59 1239
831 -0.82462803254358874 1.0554794585771436 2.9777305020801781 128 128 117 1.0226938359313444 8 1030 24 922 61 954 54 866 59 1293 68 1245 46 1405 22 1331 94 1269 98 1254 52 1170 39 1034 33 948 52 1056 90 925 99 956 84 923 34 1161 86 917 38 1102 7 1115 81 1083 55 1106 9 1159 44 913 36 971 79 1075 31 1067 30 982
832 1.0528044873143927 2.2411693572561049 2.1252785586412526 233 216 179 0.13144123631203233 8 1109 24 942 61 911
833 0.31443752959129728 1.7319062723494123 2.119537552798767 17 17 18 0.14537608431311619 8 1083 24 953 61 947
834 1.0827776672366187 2.3196061985747147 2.0682065418775584 232 216 179 0.16862656588928562 8 1128 24 959 61 933
835 -0.71492865211769197 1.1799022425316297 2.4736709405120858 111 112 103 1.3605067987466286 8 1065 24 964 61 964 54 869 87 849 70 756
836 1.1128691773428705 2.4516816837753859 1.9469771993137865 83 58 50 0.35037580360184772 26 1159 24 970 61 950 54 633 86 384 61 771 38 408 81 368 55 640 87 573 70 735 70 884 91 889 42 871
837 -0.79693557849292163 1.2084721506142282 2.4816641107399318 119 120 112 0.64839740133931512 8 1089 24 971 61 790
838 -0.95016176144687459 1.2132920027067653 2.4929276218092999 124 128 120 1.0972016898997197 8 1113 24 977 61 980
839 -0.0049283866776013534 1.9156678043948698 2.3409901608868249 61 47 43 0.80192985366752956 8 1144 24 979 61 974 54 704 59 1304 51 1263 68 1012 46 1210 22 1202 94 909 98 841 52 868 39 417 33 406 90 775 99 790 84 783 93 1065 13 1268 86 721 38 777 70 354 75 203
840 0.4928900290621685 2.209292573935266 2.0927607081671837 105 73 59 0.37056189956982732 26 1008 24 981 61 967 54 686 86 672 38 733 7 501 81 442 55 696 9 407 44 578 63 463 87 620 70 845
841 0.36514392393343076 2.1546076407045556 2.1305257385612353 100 69 57 0.39294265368414782 26 974 24 983 61 972 54 693 86 468 38 510 81 458 55 440 9 130 44 596 87 636 70 695
842 -0.24314297693362327 0.47363306910584324 1.827837022471456 255 237 73 1.3223717213431481 16 688 24 1004 61 1002
843 0.39716340844330067 1.0522383531138138 2.1591338916881013 186 163 56 0.77803416796739155 8 1182 24 1012 61 1001
844 0.31988561284654388 1.0227797892926394 1.9224223173641537 200 172 58 0.21437548091152672 24 1019 61 1007 54 912 86 848 7 954
845 -0.2625574762935371 0.70555026362634476 1.8865293200873823 255 235 72 0.58424444977100976 8 1176 24 1024 61 1032 54 955 59 1343 51 1296 68 1198 13 994 93 821 86 976 38 1069 7 1065 81 1040 87 931 70 906
846 -0.17273686300537258 0.81896022727678597 1.8443403900147637 148 104 19 0.30545235298898327 8 1188 24 1032 61 857
847 -0.30070267386945859 0.75934576100024886 1.8432476044982296 255 235 73 0.23969165064498699 8 1186 24 1036 61 1043 59 1347
848 -0.069125550299567809 1.014155877355448 2.1291060706642191 9 8 10 0.93301687934180655 8 1195 24 1038 61 1041 13 1322
849 -0.25084670490308725 0.87264615169257342 1.8501699450264135 54 68 95 0.36763524881962001 8 1270 24 1045 61 1048
850 -0.94662526164565053 1.5453152381712623 2.6242574729544277 155 154 138 0.48909207732796545 16 551 24 1066 59 1322 51 1271 68 1170 46 1354 22 1229 94 1177 94 1290 98 1103 52 1098 93 773 13 909 34 1066 86 1019 38 1014 7 1114 81 990 55 1018 9 1031 44 889 63 1028 70 760 23 1032 42 507 30 763 34 962 65 824 48 813
851 1.2815091020811022 1.1281905116770705 1.616288637529768 0 0 0 0.36573036446851692 8 1159 24 1072 61 1071 54 988 36 1089
852 0.43722083610687701 1.0763220875942583 2.1175369462606013 100 59 16 0.52628456275459223 8 1183 24 1087 61 1088
853 -0.37601003659289628 0.5302595941694197 2.014364464430098 255 232 69 0.64619259460349121 8 1167 24 1088 61 1093 70 957 86 1055
854 1.0455529880196384 1.4838281593349929 1.3465354090095418 0 0 0 0.25268822637955435 8 1268 24 1095 61 1090 54 997
855 1.0467791554080164 1.4854204240919768 1.3506387525411967 0 0 0 0.13555650724725057 8 1269 24 1096 61 1091
856 -0.0092153510911244067 0.58564743427110388 2.1574060901613881 238 222 106 0.8565634874523852 8 1296 24 1142 61 1143
857 1.2008103414697378 1.3553515816505148 1.4477538292254262 201 145 42 0.31873615311826214 8 1299 24 1145 61 1140 54 1044 86 1073 38 1111 44 1052 36 1143 15 1129 79 1213 31 1212 100 1070 82 1019 40 966 28 921 32 888 58 890
859 -0.16183097977002417 0.93881817658116595 1.9602740982791371 241 187 47 0.58359234670807725 8 1312 24 1156 61 1099
860 0.17480735934900396 1.8589165329553188 2.3822068356603219 29 30 29 1.4535447667914825 8 1324 24 1167 59 1474 51 1601 68 1308 46 1495 22 1463 94 1397 98 1325 52 1303 39 1129 33 1163 90 1167 99 1281 84 1249 93 1277 34 1211 30 978 75 823 53 792 45 792 80 887 2 886
861 -0.7521515917278071 1.3989406622372449 2.5364207131679928 8 8 9 1.07408576190347 8 1349 24 1169 61 1163 54 1073 59 1477 51 1587 68 1333 99 1302 86 1067 87 1010
862 0.87792976887692653 0.78452156123277439 1.4078005923012569 146 129 38 1.3129136234108696 8 1332 24 1170 59 1459
863 1.2111922212283364 1.2630651406304874 1.5183766663617853 0 0 0 0.31122960310911696 8 1339 24 1174 61 1166 54 1074 36 1175 79 1237 31 1237
864 1.2110534537327802 1.2620069753967669 1.5185889780299375 0 0 0 0.2412304624721576 8 1340 24 1175 61 1167 36 1174 79 1236 31 1236
865 0.89114993111708807 1.6003901290479554 1.3028494755376865 229 214 177 0.029967128659463042 8 1345 24 1180
866 -0.43941547329171582 0.68054029196517896 1.9061329691463484 254 230 71 0.97739010550577543 8 1356 24 1196 59 1480
867 -0.65548480488304262 1.2584599971279111 2.3974619772063859 24 33 45 1.4929502184808878 8 1373 24 1201 61 1196 54 1109 59 1500 51 1626
868 -0.46291387887314089 0.50490312900608147 2.1020501641612337 255 234 73 1.9077993157063604 8 1377 24 1204 59 1496
869 -0.48087156673164466 0.52673602483032977 2.0387038665986577 255 234 73 1.5338418251306947 8 1378 59 1497 51 1632 46 1526 22 1492 94 1428 98 1363 52 1325 39 1170 33 1189 90 1214 99 1325 84 1293 93 1321 13 1621
870 -0.26096708713952849 0.77250889434046988 1.8624361202197774 136 88 14 0.34727279574999292 89 52 41 390 97 386 8 675 24 140 26 6 16 10 61 173 68 613
871 1.0806900251076899 0.58807650346953144 1.5122324917145022 254 253 89 0.066575812233120202 24 0 61 0 54 2
872 1.30087697607699 1.0218071604842347 1.6626780294960584 1 1 0 0.42733804074922893 97 92 61 19 86 14
873 0.85990510479398641 0.71990162405402691 1.522293289668516 195 204 231 0.10269265031882323 24 394 61 25 87 453
874 1.2467287532635265 1.0657926439626275 1.649081634342721 191 127 35 0.1137548971103463 8 45 61 28
875 0.7269377513646067 0.89905110472887606 1.372071899509187 199 210 239 0.15596587695833419 24 56 61 57 87 120 36 58 44 49 15 50 79 29 31 31
876 0.72176933281770761 0.95070992285918832 1.3311875961913227 200 210 236 0.078001852151322437 24 66 61 63 54 89
877 -0.25927563691819483 0.39386409151991036 1.180051550918209 255 237 71 3.2005346127429686 24 85 61 135
878 0.37130142893070167 1.2317235997823499 1.9651714669177305 72 68 76 0.14989183938060868 24 136 61 154 54 473 87 174 36 118 15 101
879 0.18899645770121792 1.1180395263220801 2.0976261256028237 127 96 30 0.28981481950564436 8 197 24 552 61 157
880 0.072036208338939367 1.1239386794483468 2.1094303546667228 144 114 37 0.2861964513574532 24 150 61 169 54 242 59 210 68 223 46 160 34 115
881 0.072036208338939367 1.1239386794483468 2.1094303546667228 144 114 37 0.2861964513574532 24 151 61 170 54 243 68 224 59 211 46 161 34 116
882 -0.50878646523670912 1.0748543203893912 2.160362644446332 100 77 21 0.060061082243735242 24 245 61 305 54 308
884 0.72268610945863054 2.331652535958443 2.028031569682335 83 64 56 0.09807863497627646 24 364 26 293 61 343
885 0.39735122099086906 2.1523304996321251 2.1278006894503885 43 33 34 0.054471103956871603 8 558 61 359 59 513
886 -0.5914096520161144 1.3435919751287702 2.3485371960428627 25 30 39 1.7951662266315658 24 343 61 368 44 255
887 0.4590979253591182 2.5226089384298858 2.708916790602407 71 53 47 1.0881703002048446 24 617 26 291 61 370
889 1.2335374193642552 0.84614134837836419 1.684414715424029 197 122 17 0.89611611242972733 41 706 97 718 61 399
890 1.2010126785342026 1.0430130110906259 1.6464533669633901 181 109 27 0.053860115388855233 24 414 61 421 54 350
891 1.1482596517846013 1.189429869623206 1.5451127389138344 200 122 29 0.2173921483596287 24 450 61 452 54 369 44 348 36 393 79 495 31 495 100 117 82 91 40 75
892 0.78319579562540254 1.0333682224844303 1.3339705472260874 116 98 29 0.028744165379902188 24 472 61 478
893 1.0542373029297634 1.3492740188321102 1.442947419224313 206 128 32 0.026935919286781927 24 511 61 490
894 0.27189679464844518 0.89342649557290033 2.3437939428944543 20 24 33 0.43371527228879181 8 138 61 498 54 460
895 0.60420696255761674 1.071585079473637 1.2717823275318616 99 111 142 0.20918851965111357 24 115 61 515 68 18 46 20 22 43 94 38 98 31 34 2 30 9 80 5 2 5
896 0.92670106965439925 1.4175783438456091 1.3873982692187268 215 125 27 0.29251065976000201 41 614 97 224 61 527
897 0.24913167249068632 1.0860704831918688 2.1390260291024403 170 139 48 0.26304391697791824 24 546 61 543 54 195 59 145 44 187
898 0.22335004554772872 1.0709595666070912 2.1502579676690003 130 100 31 0.1381982068882541 8 684 61 545 59 709
899 -0.1065543130883619 1.0227629705516834 2.1470871215837599 254 222 56 1.0956604521867408 8 704 24 557 61 565
900 0.15119613241892663 1.2222468259383028 1.8360991648301834 75 76 57 0.61023270911544747 24 709 61 570 54 488 38 158 86 472 7 175 87 196 70 98 42 72
902 -0.59297619795005863 0.91909597679940558 2.1599775745831087 79 97 132 0.18218377095253846 24 586 61 585 54 309
903 -0.81165889085925169 1.1204387163403604 2.9523360451304028 70 76 74 0.49769565516367942 24 246 61 598 54 523 44 315
904 -0.8025778218489783 1.1242805202665469 2.9364802748563568 70 76 74 0.51176862248071198 24 595 61 599 54 524 59 1105 68 1039 46 1232 22 1212 94 1155 98 1087 52 1067 39 942 33 956 90 944 34 939 30 738
905 0.67812166837994625 2.2710712297577333 2.0560281492458299 102 72 59 0.3437602131344184 24 611 61 606 68 661 46 844 34 251
906 0.012981048801036496 1.9027314935699389 2.3278796762794642 58 45 42 0.39221568547027047 8 534 61 616 54 286
907 0.04051604661742917 1.9898309121097846 2.2329794706557817 87 63 54 0.17201696048611398 24 790 61 620 23 556 65 210
908 -0.52991174829998899 1.7123652921696779 2.4586958957709717 25 24 30 0.13792321072861036 8 563 61 626 54 528 86 540 38 597
910 1.0321280480916073 0.62598388770253044 1.4898122373187068 143 121 32 0.39607842922171443 24 632 61 637 54 727 59 572 51 0
911 1.2015341414681937 1.2096586037796175 1.5498837697249706 2 2 0 0.067081076655259253 24 656 61 657
912 1.2154540709953783 1.2217803252616553 1.5755470743578266 2 2 0 0.093122029433179321 24 657 61 658 54 547
913 0.82558622263295267 0.94119244579778105 1.3647668501425616 144 129 38 0.35857530057357734 24 654 61 660 54 562 38 887 7 920 81 862 55 877 87 590
914 0.29693990915508012 0.8442046914843836 3.0833734774023314 107 74 60 0.15308065031751564 24 659 61 667 54 600 86 716 38 794 7 795 81 770 55 806 9 813 44 745 87 675 70 581 91 604 42 538
915 0.70786441703482783 1.1228039432085397 1.2346354887610544 112 96 25 0.14308364052487241 24 522 61 674 54 584
917 0.85484393993710206 1.9074544749821616 2.3701745288537941 226 210 172 0.067361201922393601 24 716 61 703 68 595
918 -0.62752326687384996 0.61799325075121214 1.9687243311005538 99 85 26 0.45362315467678571 24 700 61 726 51 775 99 599 84 568 13 751 87 287 70 2 91 2
919 1.1394926596887602 2.3467938950828455 2.0401271437251265 231 217 180 0.29410490406501005 16 951 61 743 54 615
920 1.0051864019796988 2.2856407755198398 2.066418473817849 231 215 180 0.095623809914810995 24 767 61 751 54 632
921 -0.34855281993903159 1.1354565484644883 2.1433738328102985 250 203 54 0.24512049787399517 24 738 61 766 54 705 68 988 86 744 7 812 23 797
922 0.81279473320122297 2.2330163163226642 2.1251375286552499 220 203 165 0.22159410489146125 24 774 61 770 54 658 86 646
924 1.0674928165766124 2.475875982825233 1.930836193077867 98 69 58 0.44281063394426773 24 783 41 1078 61 783
925 -0.93202238640311363 1.5892112618454943 2.5851840557662236 116 81 63 0.54933807083481034 24 796 61 799 44 750 9 1024 87 716
926 1.0022545118383985 0.68032494502298024 1.4630860450530332 136 116 32 0.14946476829155253 8 796 24 633 61 804
927 0.89963837934398982 0.76590741836556242 1.5115650524427373 109 82 19 1.9436993181794893 24 803 61 805 54 733 7 919 81 871 55 1046 87 877
928 1.2745074060097956 1.0738992801612923 1.637725027405369 255 233 68 0.076661924960027217 24 804 61 806 54 730
931 0.65321950508869842 1.1135186922151956 2.0764640215934316 233 215 175 1.3463317141617051 24 1003 61 835 54 585
932 -0.16706406249112971 0.55052836500638769 1.9961725910488608 255 233 73 0.19751635331901901 24 825 61 841 54 925 70 750
934 0.7667734800622279 1.924223847945888 2.3510698549223119 234 215 173 0.1172549736125172 24 896 61 885 46 1122 94 830
935 0.39732006505402262 1.7307259289475132 2.3319147200169179 23 18 13 1.5861733939241514 24 1053 61 912 72 195
936 0.12863063622726717 1.405683774420065 2.0504695243633484 14 16 22 0.44526044675460036 24 903 61 919 54 949
937 1.146065783086627 2.3466481913713308 2.043459070921176 234 218 179 0.36792466450864586 24 956 61 928 51 1411 46 1098 22 1107 94 823 98 774 52 820 90 744 99 1055 84 1044 13 1493
938 -0.56362212521839683 1.1501073823867574 2.4125067286741788 33 21 1 0.3157668020544025 8 1035 24 749 61 956
939 0.55591741158563956 2.2392305281982749 2.0747833581747752 102 69 57 0.23186919762488686 24 980 61 963 54 680 61 789 86 457 38 490 7 163 81 436 55 415 9 98 44 568 87 608
940 0.4275561545995829 2.1766573358084389 2.1095799624855913 101 70 58 0.39667588979634927 24 982 61 969 86 679 38 735 81 449 7 508 55 700 9 413 44 588 63 478 87 786 70 840 23 116
941 -1.0185224573742833 1.3779293221228164 2.7709112336983686 128 130 122 0.48166514350815071 24 984 61 985 54 878 8 1139 59 1318 68 1249 86 925 38 1104 7 1121 81 1080 44 898
942 0.34925526886440106 0.85444965403598905 2.9819565457336372 107 74 61 0.040478379122961053 24 995 61 989
943 0.67694423460409903 1.0046664712087221 1.3116432606946575 213 224 246 0.18188207825646163 24 1002 61 993 54 896
946 -0.19741245843522212 0.60381265413775653 1.9662626045514504 255 236 73 0.29500604069325875 24 1010 61 1012 54 935 86 971 38 1068 81 1042 9 1082 55 1078 87 929 70 903
948 -0.05432328083202332 0.79391201170780412 2.1761479009142475 255 237 72 1.5899575359853582 24 1015 61 1014 54 922
949 -0.16516421668783177 0.67812735373942679 1.8916116113585026 255 234 73 0.55582962877682984 24 1017 61 1016 59 1159 51 1015
950 0.32793653141561319 1.1595265016891609 2.1086410957607908 205 176 59 1.5842553034483697 24 1026 61 1018 87 897 70 928 15 906
951 -0.45250254448350719 0.49455948698670443 2.0392603138998235 255 237 73 0.13170578937384869 24 1013 61 1019 70 889
953 -0.23157612648801165 0.65281146757053277 1.9212662560032785 255 234 72 0.10857699862669613 24 1020 61 1021 54 947 70 905
954 -0.23165991562226698 0.65205835686188951 1.9200847863217609 255 234 72 0.1380446020916799 24 1021 61 1022 54 948 68 1195 86 972 87 930 70 904
955 0.35675501774946788 1.1117659134151217 1.4871723407663808 63 72 86 0.086219231603891985 24 1033 61 1026
956 -0.4837211429116331 0.54500860858903188 2.0032977276356001 255 236 72 0.63296163507390524 24 1022 61 1034 54 967 68 1217 86 996 38 1084 7 1089 9 1098 44 991 63 1081 87 950 70 891 36 1028 15 903 23 1059 79 1021 31 999
959 0.1930894890192828 1.8972814158415698 2.3688018381802203 22 21 21 0.72346575334705621 24 1057 61 1058 59 1291 51 1428 46 1322 22 1317 94 1252 98 1184 99 1061 93 1169 13 1259 86 960
960 1.282446020592213 1.1260065179603769 1.610145819025981 0 0 0 0.60831376555097583 24 1073 61 1072 54 989 44 1013 86 1024 36 1088
961 0.80352341221260015 0.82744210101492588 1.4322804268285598 209 219 246 0.11466035668586086 24 1074 61 1073 54 991 79 1164
962 0.73459703755840799 0.92513311608785964 1.3494442524737154 213 223 249 0.11431753212754975 24 1078 61 1076 54 995
963 1.1169359038022619 1.3857037174398557 1.428201540574737 0 0 0 0.22450973387283771 24 1085 61 1080 54 992 36 1081
964 1.1169359038022619 1.3857037174398557 1.428201540574737 0 0 0 0.22450973387283771 24 1086 61 1081 54 993 36 1080
965 0.21470632551048413 0.86876925632630142 2.3590710419775185 255 213 66 0.87453691716398518 24 1081 61 1086 54 1008 86 1048 38 1144 44 1070 36 1166 15 1143 91 1041 42 969 79 1227 31 1227 47 1096 88 991 100 1074 82 1054 40 961 28 917
966 0.01623838993268362 0.9727152236495038 2.1545253375812865 218 167 45 0.45415497746239719 24 1099 61 1096 54 1017 87 909
967 0.1528167262096255 1.1690765342443321 1.8546894182018148 204 176 59 0.12079382521141131 24 1105 61 1098 54 1019
968 -0.59841960404663808 0.66367697182454244 1.9408460306561608 255 226 71 0.015317531110593119 24 1106 61 1110
969 -0.18803892858254301 1.2499893767479286 2.1027047339515499 162 173 201 0.55778340509955515 24 1112 61 1114 54 968 86 975 38 1072 81 933 63 1078
971 1.362960913348549 1.0956369388392371 1.629211316451147 204 147 44 0.1047271118560047 24 1137 61 1136 54 1041
972 0.75074319080044949 1.000460170000546 1.3318325411628986 98 81 23 0.088123098607492956 24 1143 61 1142 54 1049
973 1.1287480872786186 1.4524479310779248 1.3642080957654106 209 153 47 0.042073087052815213 24 1149 61 1144 54 1047
974 1.1287480872786186 1.4524479310779248 1.3642080957654106 209 153 47 0.042073087052815213 24 1150 61 1145 54 1048
975 0.61055966573030296 1.234992192328854 1.529882301692995 60 68 89 0.33457669032061393 24 1152 61 1151 54 1006
976 0.09955542559962656 1.2121311730273152 2.0504776260912587 77 56 9 1.7973005593078417 24 1178 61 1171 59 1482
977 0.58426334523960421 1.8771175692122393 2.7371020718093892 210 190 148 0.93971617676624597 24 1194 61 1173
978 -0.29942994779778342 1.0438647864015518 2.064878797143034 48 44 47 1.276429425266165 24 1182 61 1175 87 924
979 0.84596258857592643 0.91032202153996478 1.4121433546532813 137 121 35 0.21834729012498547 24 1186 61 1179
980 0.36983468315130491 0.98280921301890245 2.4772032388919061 40 33 31 0.72920008091684752 24 1189 61 1183 54 1089
981 1.2570223263696583 0.97388469175447534 1.6985330134473171 253 206 56 0.77349816576611741 8 584 24 641 61 644 26 654 16 609 54 539
982 1.342691781948798 1.188512966714887 1.5635541991868678 250 231 72 0.067906879959870062 24 36 61 31
983 0.65437202539892581 0.75274590105557504 1.7059749337675518 0 0 0 0.023448680927361906 8 31 61 44
984 1.0603109305818958 1.360902230624857 1.3771442737529098 2 2 1 1.122098328967432 24 107 54 68 38 22
985 0.82300668035667857 1.0130817941648977 0.87868821758230276 210 133 27 1.3226115081048975 61 73 54 73
986 0.85673341385356416 1.32112019282786 1.1957707648879434 193 97 27 1.0675891085056519 16 228 54 121
987 -0.1259337023785686 0.56338816981967066 2.005366764362106 255 235 71 0.18990836793090626 61 110 54 227 15 159
988 -0.33938018511655649 0.63803366532049433 1.9371108542077913 163 115 40 0.18844466616651032 8 149 54 269 59 107 51 79 38 242 7 249 63 187 23 89
989 1.2632833236734065 1.0953403121494767 1.6259430870713945 5 4 1 0.89091796367914944 26 470 54 343 31 73
991 -0.070337890327119901 0.58557829189430866 1.9862587453168219 255 234 72 0.19421550536010537 61 506 54 477 86 488
992 0.73730910659423599 2.3038437280238862 2.0323824863384465 106 73 60 0.36278768486522744 16 514 54 485 86 435 38 466 81 99 55 386 44 365 63 89 7 142 87 448 70 540
993 -0.51375188150587903 0.54070554164916851 3.3575027102474202 2 2 1 0.26140468307415526 61 524 54 495 87 561 70 273 47 495
994 0.45788070613826803 2.1207440400106501 2.1754129035819978 101 69 57 0.14198097416113065 61 607 54 501 86 466 38 508 7 191 81 130 55 437 44 398 63 158 87 473 70 394 23 119
995 -0.1294492072805738 1.1978806246924452 2.0874139853809028 245 207 75 0.39391685704694729 16 62 54 506 87 232 70 327
996 0.012338915946906337 1.9349541752958412 2.3161446716138383 75 57 50 0.093167285849755269 61 618 54 516 68 731 86 494 38 541 7 563 81 498 63 547 23 186
997 -0.52442986608079267 0.63173281841782614 1.9454259931605522 255 231 71 0.6030744429236865 61 568 54 518 68 675 46 668 8 669 22 147 94 131 98 125 52 51 34 73 86 528 38 817 7 581 70 6 36 223 55 538
998 0.70895113127491838 1.0143634758758995 1.2980448482739475 116 94 22 0.92366598559391055 61 832 54 575 87 452 36 855 15 854
1000 0.55780400583633805 2.1307173927890717 2.2097162863183484 217 196 158 0.35215159950236979 61 786 54 672 86 670 38 501 7 503 81 446 87 619
1001 -0.51151673416175314 0.61531355043740266 3.329883100567272 216 205 173 0.59694230561268913 61 535 54 681 87 721 70 555 91 294 42 237 28 496 32 515 58 573 73 168 19 369 83 55
1002 0.39900102160676787 2.102995011490834 2.1915603536500301 140 93 70 0.47339391673940895 61 788 54 688 86 687 22 513 38 513 7 515 68 697 81 467 55 442 44 604 87 635 70 691 23 131
1003 -0.13173698770699863 1.2807114662636536 2.1044411412788406 133 147 177 0.57339890192503196 8 922 61 754 54 698 59 1075 68 970 46 1101 94 760 90 644 99 672 93 644 13 818 86 723 87 680 44 439 70 612 36 135 15 69 91 575 42 527 30 456
1005 -0.79286526192322548 1.6662813841942135 2.511842761088972 111 78 62 0.43514823467352848 54 721 86 778 38 848 7 877 81 801 55 829 9 830 44 737 63 835 87 543 36 667 15 362 23 878 48 575
1006 0.80263428528892888 0.79255596363912084 1.4829028646026139 25 32 45 0.70475392833471617 61 810 54 737 86 807 38 899 7 928 68 1068 81 874 55 888 9 927 44 802 63 663 87 759 70 817 15 893 36 870 23 718 48 684
1007 0.76766229107076656 0.99257159457554456 1.3558574396109351 57 59 54 0.25483265771779895 61 824 54 748 87 878 36 858 15 862
1008 -0.010627494059265252 0.73327733870219403 3.2038061268036717 151 100 74 0.54610074957200594 16 714 54 795 86 883 38 993 7 1008 81 967 55 1008 9 1023 44 999 87 840 70 747 36 1073 15 1068 91 769 42 695 65 775 88 957 28 885 83 792 1 465
1009 -0.071806547456707531 0.71125149426286749 3.2258781364756786 153 102 76 0.18320105430394024 16 535 54 802 86 886 38 995 7 1010 81 973 55 1013 9 1029 44 1001 63 998 87 842 70 743 36 1075 15 1069 91 768
1013 0.7598644222552835 2.2359837172128887 2.0946615626956042 71 46 37 0.21469300537241751 61 1055 54 921 86 835
1014 -0.29782425165571302 0.62198790195687459 1.934451990889331 255 227 70 0.57188489074092619 24 843 54 953 59 1339 68 1197 46 1272 22 1252 86 882 87 843 70 749 91 732 42 663 88 464 40 456 28 463
1015 -0.83331745180230976 1.5860791334249298 2.6084461552914653 61 47 45 0.28881027738736126 16 971 54 981 86 1016 38 1093 7 1111 81 1069 55 1094 63 1099 87 848 70 916 23 1090 42 686 65 1009 72 625
1016 0.20132098766582265 1.1642955600088751 2.0667823287752523 159 131 45 1.0329924535887069 61 1036 54 1014 70 988 87 903 79 1184 31 1183
1017 -0.59434203400349761 0.57595085612159491 1.9977860953621827 255 231 72 0.31738486757048706 61 1101 54 1028 36 1161
1018 0.75020467898609033 1.0757333806456129 1.1656343869904799 151 130 36 0.28532370700823256 54 111 59 34 87 101 36 11 79 1
1019 0.66187467807202227 0.99980590521502533 1.971158957030857 128 108 40 0.12493962688530594 8 616 59 59
1020 -0.3524017878084556 0.40077723077785798 2.121357827149311 255 254 87 0.14407600882547897 8 604 59 65 68 599 46 44
1021 -0.5531571820207154 0.67978749807365124 1.9275279709685007 82 48 6 0.71139282936184411 54 301 59 187 38 589 81 234 55 539 36 210
1022 0.11796501345061142 1.1593466921807234 2.0845104162656494 159 135 52 0.42706837043226104 8 705 59 209 68 206 46 155 22 207 94 181 39 131 33 111 90 72 99 68 84 81 93 104 13 175
1023 0.0094768520808616065 1.0995939367242176 2.1334641412296969 157 114 25 0.035542174764978451 24 154 59 217 68 244
1024 -0.43622134010374253 0.90896866450762615 2.0608781115211605 253 213 67 0.21832137096054988 16 13 59 270
1025 -0.15956430783763823 1.1478916501893062 2.0598917068660287 167 176 202 0.48077640422174633 8 269 59 285 51 848 46 1076 22 786 94 715 98 702 52 90 90 82 99 73 93 111 13 186
1026 -0.3513652361026196 1.0006657150124969 2.2549157686813426 88 83 79 0.17018857580685995 89 109 59 295 46 278 22 305 51 256 94 284 98 242 52 113 39 154 33 136 99 77 84 88 93 110 13 176 34 226
1027 0.79448592737364199 1.8353169312544966 2.4321743982270654 119 108 86 0.21684624776037603 8 319 59 303 51 451 68 189 46 279 52 286 13 518
1028 -0.34460779700135258 1.3440498937240839 2.6166218750045336 2 1 2 3.0746977714470587 8 371 59 466
1029 0.24714892730925372 1.8859793934075404 2.3379157822534515 3 3 3 0.14807612019704205 24 319 59 483 51 612
1030 0.71703742732955567 2.3035565836407939 2.0473906473983678 37 25 22 0.18374126890747453 8 547 59 490 46 366 22 473 51 654 98 418 13 711
1031 0.52782175854225932 2.2064619290098988 2.0862099604625914 37 27 24 0.27285787821433727 8 550 59 503 51 655 22 500 46 397 94 484 98 443 52 480 99 523 84 495
1032 0.46137916191418232 2.1784439792377945 2.1034179813845642 41 28 24 0.19898804434422257 8 555 59 505 46 405 22 511 94 498 98 454 52 486 51 659 90 442
1033 -0.78639571955907039 1.0991974255926249 2.9384027275843718 125 126 116 0.043009061351806835 61 304 59 506
1034 0.21187367366074708 1.9574098984238337 2.1886043049631114 203 185 148 1.738137293755192 8 524 59 509 68 707
1035 0.24936606723788127 2.0014396237311609 2.3105117722242485 203 185 148 0.30067730154450106 8 525 59 510 68 345
1036 0.54384788799011696 2.2585204231057769 2.0800454553406595 34 24 21 0.62930662842315455 89 467 59 512 46 864 22 1194 39 1030 34 628 2 140 21 662 49 1127
1037 -0.70348295545199857 1.4797403354959422 2.5508888085250248 1 2 3 2.5608005632203268 41 207 97 191 59 554 51 645 13 549
1038 -0.31939130478409927 1.8400771351724643 2.4318229112565741 39 35 35 0.84171342781027969 8 565 59 557 68 761 13 694
1039 0.87399164321898981 0.67787207926494186 1.5288562653023137 130 141 170 0.38718729720551986 8 577 59 576 22 11
1040 0.69858004862731815 0.96061532213844225 1.3345539746246853 9 10 14 0.53315701085892897 8 813 59 599 51 26
1041 0.66143180150848224 1.1797333403902197 1.4823741342132672 120 103 41 1.3802262376992083 61 124 59 626 46 30 22 58 94 626 98 52 39 52 33 546 90 570
1042 -0.30220932944261636 0.78501783194206054 1.8303062711371885 254 228 73 0.53502227432007798 97 392 59 711 46 75 22 135 94 118 98 111 52 50 99 32 84 567 93 830 13 1003 34 57
1043 -0.43852290892751811 0.64153789778645864 3.3014906788947815 231 220 187 0.43099212408451443 54 494 59 771 68 724 46 385 22 412 94 404 98 399 52 236 86 764 38 865 7 875 81 845 55 867 44 778 63 884 87 557 70 274 36 850 81 998 15 568 23 900 91 296 42 240 79 673 31 665 47 197 65 829 88 48
1044 -0.53645316286652678 0.58174041667692922 3.3408046005453311 0 0 1 0.2344222087366353 61 530 59 773 51 841
1045 -0.43233407611338681 1.1659003523222737 2.1571865161761812 6 7 12 0.19264433535584854 89 171 59 815 51 1177 46 1159 22 1095 94 1077 98 1013 52 1151 39 1007 33 1027 90 1045 84 1125 93 893 13 1068 34 869 77 686 30 670 75 665 53 560 45 568 80 423 2 415 21 94 10 810 49 900 3 650 43 507 64 406 78 489
1046 -0.65470821590164097 1.0264852394811352 2.297826379499194 40 51 75 0.1782743808721487 8 310 59 819 51 1176 46 1183 22 1139 94 1083 98 1020 52 1002 39 887 33 897 90 889 99 903 84 870 93 638 13 802 89 121 34 874 30 676 75 557 53 562 45 574 80 631 2 625
1048 -0.88605497034430114 1.5395005663513068 2.6316128752688419 80 86 79 0.25582362212540649 8 556 59 858 51 975 46 991 22 993 99 794 84 791 93 769 13 621 86 339 7 646 81 312 63 353 87 276
1049 -0.34866717537503716 0.66971890379876231 1.9027941434076707 255 226 77 0.20604102136874458 8 842 59 934 51 753
1050 -0.34753222056074357 0.67050653288741069 1.9029699221477461 255 226 77 0.12977642419236643 8 843 59 935 46 623
1051 -0.51817162633053881 0.65524185153137748 1.9235168086776668 254 229 77 0.71006680574097791 8 853 59 987 68 956 46 673 22 153 94 134 98 128 34 509 86 526 30 72 80 40 2 53
1053 0.93664602534754482 1.7819917536775673 2.4288810039104889 236 217 177 0.32757392426020671 8 1020 59 1028 51 1186 46 775 22 822 94 770 98 313 52 752 39 204 33 182 13 1200
1054 1.1263203969532705 2.0084180037320816 2.2924973587876458 232 216 179 0.22994721862110221 8 1032 59 1039 51 1195 99 955 84 935 93 960 13 1398
1055 -0.43541158330056096 1.1360970913333415 2.1411729863176419 251 209 57 0.40323015696738113 8 741 59 1084 51 1166 68 1001 46 1151 22 1091 94 1073 98 734 52 997 39 643 33 889 90 884 99 895 84 865 93 886 13 1059 34 604 77 329 30 135 10 496 49 103 21 90
1056 -0.54709276008528795 1.3204301744482205 2.3786287613644808 6 4 5 0.073482779172387991 97 517 59 1100 41 524
1057 -0.019451156932338055 2.0180205433819149 2.2663175853804995 33 26 26 0.65136460027779552 97 663 59 1119 41 658 51 1269 68 738 46 1217 94 1268 98 1197 52 1176 39 1038 33 1106 90 1116 99 1235 84 1170 93 1193 13 1494 34 901 30 692 45 685 10 995 77 778 20 647 43 596 64 560 78 579
1059 0.22997215703440718 1.2488834164953473 1.7342624225834333 6 7 9 0.10094087841072703 8 1003 59 1176 46 1280
1060 1.3872564836941825 1.9794030179517326 2.2918765811773594 235 219 183 0.1762701233150297 8 1011 59 1179 51 1347 13 1389
1061 0.87272678353054456 1.7663817356049329 2.4407985204744391 236 218 177 0.56705961213241329 8 1021 59 1195 51 1352 90 895 33 678 99 935 84 911 93 939 13 1384
1062 0.80924869466217297 1.7371926758817244 2.4694383177336485 235 215 175 0.22519526879974797 8 1022 59 1197 51 1355
1063 1.0306135059033921 2.034765227846036 2.2789143702172385 232 217 179 0.24906996427773828 8 1053 59 1207 93 974 13 1411
1064 1.0308614007574963 2.0359112226819915 2.281128423707826 232 217 179 0.21785189088049486 8 1054 59 1208 51 1209
1065 0.1292362722723783 1.4129458461961304 2.0520524744364965 5 7 12 0.34963773133279574 89 670 59 1209 51 1167 22 1076 94 1066 98 1157 39 1006 33 1025
1066 -0.59350050120849906 0.66189929908003187 3.3026451896323175 2 2 2 0.27524559805140425 54 837 59 1212 86 1011 44 1007 87 953 70 738 36 1076
1067 0.68060618464781908 1.8210277515308746 2.4366079870316502 228 208 169 0.14620453691332244 8 1037 59 1222 51 1360
1068 0.35544710459637546 1.8084246782143214 2.1618705460378398 217 198 158 1.4127838684313931 8 939 59 1265 86 688 7 512
1069 0.81309925015149576 2.2157617618335368 2.1216953125459566 229 213 176 0.3682393572937615 8 1133 59 1275 51 1422 22 1151 46 1155 94 860 98 385 13 1487
1070 0.49282106282422516 2.1157227693830358 2.1725322956219673 37 23 18 0.49308758594666724 8 1227 59 1289 51 1438 22 1184 46 852 94 1117 98 1036 52 1055 30 203 45 146 80 139
1071 0.04696542510532388 1.9314742643419229 2.3099031713418525 47 33 26 0.27588545147799615 24 978 59 1301 68 1138 46 1326 22 1325 86 872
1072 -0.88790266653478456 1.1661297360522251 2.9202807221331075 126 127 119 0.687695054478489 54 870 59 1305 68 1166 46 1344 22 1342 94 1278 98 1207 52 1077 51 1236 39 1039 33 967 90 770 99 998 84 744 93 748 13 850 86 918 38 1021 7 1117 81 1084 55 1104 9 1119 44 909 63 1146 77 153
1073 -0.52631808158186355 1.7482909752327838 2.4132501816473986 73 54 47 0.46942976622514149 89 932 59 1316 51 1469 22 1220 46 1343 94 1167 98 1094 33 450 39 459 34 926 30 556
1076 -0.43759268146528518 0.39380643914467844 2.1604653629443629 255 239 90 0.97628754175835819 8 1249 59 1399 51 1288 46 1370
1077 -0.4134962846018776 1.0489656351408312 2.2424589539661577 51 42 12 0.52791562705471529 8 1205 59 1422 68 1230
1078 -0.36306074125932197 1.1510373014644979 2.1304235175439894 255 214 57 0.24689502746357411 89 1345 59 1424 51 1508 46 1396 22 1379 94 1229 98 1159 52 1145 39 874 33 885 90 881 99 892 84 863 93 887 13 1340 34 1108
1079 -0.32772397102679413 0.46385983347394577 2.0657689259877787 255 232 75 1.6126017848770922 59 1479 22 1454 52 1264 90 1123 8 1337 84 1214 99 1238
1080 0.57402952014633035 0.88897572614069409 2.0435851451396796 0 0 0 1.1267393281275278 8 1366 59 1485 68 1336 22 1469 46 1502 94 1403 52 1306 39 1147 33 1159 90 1196
1081 -0.27622482567166756 0.55989606475147125 1.8912700625595775 255 229 71 1.9193391697909992 24 836 61 1013 54 945 89 487 41 384 81 1106 55 1132 9 1081 63 959 36 925 15 900 79 1013 31 989 59 1156 72 0
1082 0.78381790797668538 1.0064941984785514 1.3372635738207639 139 124 36 0.18477489700623045 8 74 59 32
1084 1.3126672754306876 0.97779082493054748 1.6888879407385384 254 228 74 0.27404918888457319 59 15 51 21 93 18 13 733
1085 1.2277210427545002 1.1448225486383043 1.5947900687854291 249 225 74 0.00066194765158300204 59 30 51 37
1086 1.5242810193265672 1.451506482496592 1.752423580367158 253 246 82 1.3320893251393495 59 40 51 88
1088 0.18668583224741012 0.98834760614862982 2.2113572950526557 132 88 14 0.39537578424262632 8 674 51 139
1089 1.5610819046518645 1.5459420602591889 2.6247695178443844 231 218 183 0.26902570021732514 97 598 51 173 13 243
1090 -0.59750499083640396 0.92131816754903995 2.1500697272989129 77 96 132 0.12778676640740591 59 346 51 252 13 155
1091 0.21507266354796403 1.3392750094330752 2.0844305545018091 54 33 2 0.28423968505492908 59 255 51 281 22 774 94 712 98 703 52 700 39 634 33 630 90 876
1092 -0.50363505160275379 1.1282395257696325 2.1758028877902835 103 72 16 0.36432861547978673 59 426 51 370 99 108 84 641 13 203 10 80
1093 -0.84014747855158534 1.1652807679967758 2.7533776071055183 149 149 143 1.988579515524016 59 527 51 542 46 473
1094 0.70450945449405589 2.2548727477296913 2.0672408780463796 33 20 17 0.36433813130680953 59 476 51 642 22 457 52 457 13 954 21 667
1096 -0.16686684487071221 1.781601643687148 2.464796101557023 67 77 78 0.27227730251833104 59 532 61 366 51 647 68 395 46 459 22 555 94 540 99 514 84 479
1097 1.0049295996546459 1.3921599851846125 1.3430223913977426 254 230 75 1.3301961214256626 59 883 51 749 93 1208
1098 -0.4774789616185392 0.61869797854643538 1.9357036547513304 253 238 103 0.17986704801435657 59 956 51 757 46 643 22 680 94 114 98 113 13 47
1100 0.10966996737787538 1.0561093533678076 2.1366657655456724 188 154 63 0.43603183524539685 59 990 51 806 93 91 13 788
1102 0.030549995556130548 1.0894427751782532 2.1193029851817897 239 195 53 0.48021337746982057 59 1009 51 820 46 1059 22 208 93 98 13 166
1103 1.5103175075421267 1.9050530334714388 2.3647170243347668 244 226 187 0.44092128489114951 59 963 51 859 22 224 94 215 52 186
1104 -0.13281473113663095 1.2483665161813642 2.1144392759280688 62 42 4 0.39057208466177873 97 145 51 860 46 805 22 816 94 750 98 258 52 147 90 109 99 665 13 809
1105 -0.21650868979613488 1.2736052357375676 2.1120469752628543 27 34 53 0.24928870380076831 59 371 51 867 46 827 22 1087 94 1071 98 1009 52 998 39 882 33 892 90 648 99 906 84 872 93 900 13 1076 34 580 77 545 30 461 10 814 21 110 49 579 3 656 20 437 43 417 64 413 78 379
1106 0.40970854866564188 1.5719524387557904 2.1807793622576885 75 50 7 1.9115784760210139 97 625 51 869 13 840 93 691
1107 0.26839722470049038 1.8332996090206763 2.2261041470389928 1 1 2 2.1758707803228083 59 823 51 921 94 862 52 1027 98 1028 39 903 33 918 90 915 99 993 84 966
1108 0.29601427849364254 1.8383445038374633 2.2969593076715924 1 1 2 0.098319280753733126 59 824 51 922 99 994 84 967
1109 0.23178466817102672 1.8435683805899461 2.3654236705996183 8 6 5 0.2418787967485212 8 467 51 932 46 867 94 879 98 817 90 761
1112 -1.0166038456625135 1.4092607875514152 2.7352032150758427 92 95 88 0.50926800661267868 59 855 51 968 68 797 46 994 93 402 13 578
1113 0.60199503703921931 0.73959843076178022 1.7706073624069854 122 107 39 1.2242343916006302 8 963 51 992 46 1010 68 830 22 632 98 946 99 581 84 540 34 444
1114 0.40886518171907515 0.88054884389535137 2.1191225195572487 27 32 44 0.20434996256925964 8 617 51 1019 99 850 84 828
1115 0.20794115767923035 1.2416335597392494 1.7714505002984007 87 102 134 0.35049143748015593 59 998 51 1054 99 627 93 616
1116 1.5498435854696468 1.6039164414326013 2.5810687215118571 233 219 182 0.46559286731060284 97 927 51 1062 93 669 13 1093
1117 -0.21647669154166232 1.1941080599278802 2.1143712019764549 108 93 27 0.48798159208667391 8 913 51 1147 90 880 99 889 84 856 93 635 13 1060 49 111
1118 0.15629218134651465 1.4229160123462943 2.0297628318803334 76 90 121 0.3064733076997056 59 1055 51 1163 46 778 22 798 94 738 98 716 52 707 39 161 33 636 90 642 99 673 84 643 93 902 34 540 78 67 20 70
1119 0.12149040505876046 1.4122768117490632 2.0453880493090266 4 6 10 0.65534260837229497 59 1210 51 1168 46 1078 8 923 52 1143 33 1026 90 1043 99 1149 84 1128 93 1130 10 956
1120 1.3820838870231467 2.1148253725148889 2.2189314902354971 235 219 184 0.30870894003735566 59 1023 51 1190 68 859 22 801 94 751 99 723 90 205 84 723 93 969 13 1229 77 469
1123 0.54298335319544189 2.2592672734857988 2.0850902260558808 37 25 22 0.63068133251672043 59 511 51 1267 46 863 22 1193 94 1123 98 1042 39 1029 99 1182 13 1278 34 627 30 482 75 687 53 663 45 587 80 433 2 139 21 661 49 1126
1125 -0.13564256101688402 1.0965533883622478 2.0743170612712878 120 101 33 0.2559053409543226 59 1030 51 1333 99 1137 13 1329
1126 0.67867745825685977 1.9526545479108806 2.340058328728289 230 212 174 0.23757602576305831 59 1250 51 1376 99 991 84 977
1127 1.1468475196802455 2.3476783047178982 2.0412643689431373 233 218 181 0.18623227485550917 8 1125 51 1410 22 1106 46 1097 94 822 98 773
1129 0.37733321123276581 2.0295586496511162 2.2792667047281396 218 201 165 0.15793505681400649 59 1290 51 1434 22 1314 46 1318 13 1468
1130 -0.2204377774781148 1.728009297858772 2.4845757101980781 32 35 35 0.71300202640560206 54 854 51 1441 52 1174 39 1035 33 1105 90 1070 99 1176 84 1153 86 884
1134 0.7998856029717587 0.70797936846292231 1.5755100894719116 0 0 0 0.15782279492611806 59 1388 51 1474
1135 0.51097236671535584 0.85473417602098467 2.0940233305347231 1 1 0 0.579925479717047 59 1395 51 1485 99 1198 84 822
1136 0.52958162802204078 0.95468190927625884 2.1632243534458415 0 0 0 1.5445633750544054 59 1396 51 1492
1137 -0.55164361201829015 1.1811432960168122 2.4466716572693006 30 17 1 1.1085851099442441 59 1427 51 1513 22 1422 94 1359 46 1475 98 1286 98 1308 52 1255 52 1282 99 1255 84 1225 75 762 53 716
1138 -0.085907891696745092 1.7805133497929708 2.461080496200823 29 33 33 0.30882377987427306 8 1220 51 1526 99 1174 84 1150 93 1167 13 1537
1139 -0.715331689107923 1.5671739238876785 2.602079136108622 90 100 98 0.3812200002391648 59 1432 51 1530 22 1392 94 1325 98 1256 52 1181 90 1076 93 1166 13 1417 75 614 53 602
1143 -0.41629402965717083 1.5811523428051084 2.4850289553243696 4 3 5 1.335470242286239 8 1350 51 1612 13 1612 34 1234 30 1022
1144 0.78763710193602132 0.82495640194564268 1.7417446244314385 12 12 14 1.6825740901343511 59 1489 51 1621 52 1315 90 1206 99 1316 84 1284
1145 -0.19221940314139013 0.67697644780684096 1.9198859234798817 255 236 90 1.1426207253360914 51 1631 46 1519 22 1486 94 1421 98 1362 52 1324 39 1169 33 1188 90 1215 99 1326 84 1294 93 1322 13 1622 34 1237
1146 0.18944565374863565 0.75633141793409919 2.1398332005491709 26 23 20 1.7087404137347881 59 1494 51 1633 93 1329 13 1626 77 883 10 1141
1147 1.1243146542290385 1.8635124052015795 2.3600919651037864 237 219 180 0.28907306633836471 8 1014 59 1017 51 1181 26 972 89 1111 16 851 46 753 22 800 13 1208
1148 0.78842571013263074 0.81354319751133164 1.4111941290626484 193 204 231 0.28983317481337872 59 582 68 6 38 383
1149 1.0681464861359742 1.577303754456435 1.2545185503384262 250 243 135 0.26455230309092959 59 62 68 16
1150 0.87596830383278468 1.8160103177904106 2.4186180267660751 229 214 179 0.40425347790821492 97 284 68 151 41 304 22 336 90 207 99 187 13 488
1151 -0.39495301724594167 0.42850305894166513 2.1034067333986699 2 1 0 0.61603010454484264 59 74 68 207 38 584 81 554 86 281 55 547 44 490
1152 -0.34773628877876694 1.1604241511975852 2.1211088040225867 133 108 27 0.080592656639068019 59 363 68 346 46 315 22 337 81 207
1153 -0.41175400984453647 1.1340388929910932 2.1399801527001383 130 107 29 0.20462988367621715 59 379 68 357 46 326 34 237
1154 0.0016410206373660482 2.1598251377990612 3.9283773963243851 3 4 8 1.473478462261554 97 286 68 440
1156 -0.73715737380820556 1.6467658757872403 2.506525294778819 107 75 62 0.23252193643413008 61 393 68 453 22 594 51 669 34 400
1157 -0.81539076102048258 1.6576440241098496 2.5224113277231979 50 38 36 0.13940620608510365 59 566 68 457 22 599 46 500 94 586 98 587 39 508
1159 0.61651465700536268 1.204052501113422 2.0467823293212075 148 112 27 0.24794754407805422 54 596 68 510 86 648 38 714 7 718 81 681 55 694 44 628 87 795
1161 0.033860649699683817 1.4049528161848268 2.1041932721917602 86 72 56 0.0069417796179706993 95 130 68 679
1162 -0.37473085799201522 0.66922409635143965 3.2833621993705728 204 193 162 0.5607093605180119 54 487 68 720 46 368 34 670 86 760 38 857 7 867 81 835 55 862 9 885 44 777 63 870 87 553 70 276 36 578 36 849 44 518 15 567 15 844 23 889 91 299 42 244 47 693 30 259 65 820 80 220 2 243
1163 -0.034048581685386742 1.8161721071330019 2.4169054925416873 9 11 12 0.60485089620138921 68 729 22 915 46 907 98 838 94 1138 52 508 99 499
1165 -0.71362757624043294 1.0605808129145169 2.9609142717614243 78 81 75 0.25325757805763038 59 484 68 769 46 461 22 541 94 532 98 520 86 335 7 645
1166 -0.77801406369217474 1.1805844143399238 2.9104164860031965 78 83 80 0.21177627680970484 59 526 68 778 46 479 22 568 94 552 52 502 99 319
1167 -0.6914147795931358 1.6363707564549139 2.5353556836374098 56 42 40 0.13083929537669509 54 531 68 785 86 547 38 614 7 628 81 586 55 563 9 562 63 608 23 637
1168 0.83743774789972469 0.81295551818361966 1.4260023325165598 123 102 27 0.8070343186335095 24 649 68 809
1169 0.63621821142006652 0.79739589287870127 1.957577663842395 1 1 1 0.51212370418030173 59 608 68 835 46 1019 22 1016 94 627 39 568 33 554 90 23 34 452 30 416
1170 0.20247648895361833 1.3824059287353692 2.0163862844199301 100 90 27 0.47031426628106482 59 1036 68 932 46 1069 22 1071 98 705 52 992 90 879 34 534
1173 -0.68238747920841103 0.85479727575011588 3.1692516505214829 196 186 159 0.26932332062608771 59 1086 68 1025 86 780 7 902 38 642 81 852 55 612 55 870 9 888 63 1038 36 331 79 434 9 1053
1174 -0.80944160335300719 1.2036707420595338 2.8868411670835288 120 121 112 0.083120349866837029 59 1112 68 1042 81 842 55 855
1176 -0.39958376219338759 0.62078975623352262 3.2944008087592396 64 42 28 0.95962698937373447 54 827 68 1137 46 1315 22 1303 94 1240 98 1173 39 1016 34 1118 86 901 38 1011 7 1107 81 1078 55 1036 9 1120 44 919 63 1104 87 850 70 740 36 851 15 845 23 1087 91 552 42 241 30 915 65 1015 88 303 80 829 2 835 69 538 1 772 27 558
1178 -0.26471424588318765 0.70435370873471248 1.8865390856786701 255 234 76 0.52342918871175803 61 1033 68 1199 86 977 38 1070 7 1066 81 1041
1179 -0.34561603835940669 0.58592180025089036 3.2888040241285639 150 102 78 0.94131044375938577 54 923 68 1229 46 1311 22 1299 94 1238 98 1023 94 1079 39 685 33 677 34 1116 86 1002 38 1095 7 1105 81 1076 55 1103 44 1006 63 1145 87 946 70 887 91 756 42 676 30 838 75 416 80 782 80 825 2 833 65 1046
1180 -0.10272643273434454 1.9435561164488295 2.3260336679674514 35 28 30 0.6896952105666575 59 1376 68 1233 38 785 86 880 7 806 81 738 55 764 9 766 44 683 63 772 36 640
1181 -0.63345791790664019 1.2033443615883617 2.514585001338951 26 24 4 0.6587599157754529 24 764 68 1234 46 1445 22 1423 94 1361
1182 1.0328941185421625 1.553732350856929 1.278015752790546 211 157 63 1.1122524773564459 59 1439 68 1295 46 1420 22 1400 94 1333 98 1262 52 1295 33 1137 90 1177 34 1078 75 709
1183 0.59869693320091821 0.70359875221347612 1.7699355595263144 240 206 67 0.56307714320843927 59 1391 68 1296 46 1418 22 1397 98 1116 34 1076 30 871
1184 -0.37043656209648895 0.36860373295945531 2.1384085117614626 0 0 0 0.2911656415433605 59 1397 68 1299
1185 0.28782345044868718 1.9650661835380951 2.2785516576013674 205 190 156 1.3211014961699235 51 1614 22 1474 94 1411 98 1341 33 1174 99 1313 84 1282 30 995 80 875
1186 0.93381730696549747 0.71704756488317989 1.4644893669283909 148 129 40 1.2001487189709965 68 1356 46 1518 22 1485 94 1413 98 1344 39 1140 33 1154
1187 -0.53789874717692454 0.6554224957145387 1.9424556999525364 94 68 11 0.56406619949780568 8 677 24 149 61 203 54 292 68 962 59 995 51 774 7 286 55 541 44 485 63 762 36 220 23 782 79 113 31 106 65 717
1188 1.3157538984783397 2.0884797649481683 2.233094420187804 235 218 178 0.30951938355072833 89 1189 41 1030 97 1063 8 1029 68 861 59 1026 51 1192 46 751 22 806 52 754 90 670 99 947 84 930 93 965 13 1404
1189 -0.2282854417385167 1.3728855001166409 2.237014355448526 4 1 2 2.2117728001739727 89 658 97 542 8 754 68 997 89 886 97 779 59 1274 26 81
1190 -0.67648069504422648 1.6309293351556997 2.5233688611487683 30 23 21 0.96431312652291656 24 1127 8 1233 61 1129 54 1036 59 1382 51 1467 68 1290 46 1414 34 1125 86 1065 38 1158 7 1161 87 1008 70 971 23 1158 30 853 45 688
1191 0.40801948002103244 0.77154359669715467 2.0620061064721309 7 7 8 0.1159862646533466 41 36 46 36 97 391
1192 1.7535006201655443 1.5574667227764301 2.6376967725321201 228 215 180 0.2946122752493967 51 160 46 55 22 158
1193 -0.35121008057078029 0.65673901887047714 1.9312669448290884 255 220 73 0.1330481261327916 68 626 46 66 38 564 7 562
1194 0.53424831550666851 1.3979430310884866 2.0237911692071235 113 92 24 0.17689450224322728 59 176 46 111 94 692 98 169 52 679 39 622 33 620 90 864 99 653 84 623 13 200 77 336 20 435 78 375
1195 0.24483947017027555 1.1460107849834651 2.0888233064154438 136 97 19 0.27982461735617142 68 142 46 116 22 183
1196 0.1820116993555114 1.1206248346391527 2.1051444017411578 129 96 20 0.27370816970702566 68 589 46 127 22 190 94 167
1197 1.4452250424792623 2.069261248747337 2.2499526155891854 1 1 1 0.18453712265388103 59 208 46 162 99 714 84 712 93 281 93 955 13 1217 77 613
1198 0.84906012750053261 1.8153376556435401 2.4216013447290119 79 71 54 0.10337722725715481 68 165 46 261 22 340 94 339 98 326
1199 0.83654693020822346 1.8752256487848533 2.3807849048369549 107 98 78 0.44801506369200883 59 296 46 272 22 353 98 762 94 801 52 778 39 689 33 692 90 688 84 725 78 321
1201 0.39230388973012437 1.7131544529818965 2.1726662962185066 228 211 173 1.8740841388103935 51 454 46 304 22 368
1203 -0.51568058439070485 0.55998817042194116 3.3431244286262563 106 77 64 0.065956771565781405 68 377 46 386 38 349
1205 -0.58269590145456496 0.87127973521111668 3.1367453621833388 85 83 73 0.32519722297324904 68 406 46 434 22 503
1206 -0.04975050794023702 1.9752024746616377 2.287083006285803 28 19 18 0.18557806114982367 59 544 46 457 34 313
1207 2.0071512337387749 1.9427642167325041 6.4432759276800136 33 43 64 2.2365358688550501 51 539 46 462
1208 2.0071512337387749 1.9427642167325041 6.4432759276800136 33 43 64 2.2365358688550501 51 540 46 463
1210 -0.43028235390623254 1.6735415818305941 2.5272786445870175 67 77 78 0.083189564149041481 51 656 46 476 22 578
1211 -0.72298047862544557 1.5111979692507465 2.4531573349333926 1 2 4 1.5718918714559589 51 646 46 490 22 583 13 550
1212 -0.75416240399091949 1.6586883816246438 2.5229225826656339 43 31 26 0.34594933511887904 68 454 46 498 22 596 94 583 34 403 86 331 38 313 7 369 81 276 55 234 9 279 63 614 23 647 65 615 48 571
1213 -0.8051524153228663 1.6345638124075554 2.5419464750627006 106 72 53 0.49814204601480394 68 790 46 499 94 585 98 586
1215 -0.86354095723197044 1.6090400041914428 2.5707577312470455 117 79 58 0.23957915219717327 68 459 46 502 22 601 98 590 38 331 7 391 55 260
1217 0.70326697304948893 1.1288430352023444 1.2465317724216587 107 85 18 0.25763426212688417 68 821 46 543 22 623 39 27 33 23
1218 0.69676283095304892 1.3346375933835821 1.2182810330972977 98 78 18 0.2834232445119515 68 831 46 557 22 637 94 622 98 627 52 617 33 540 90 563 34 441 75 14 45 10
1219 1.3839272852857778 1.972597300114882 2.2847420696951537 233 217 180 0.49598931477684632 68 855 46 733 22 777 98 245 52 727 90 166 90 168 34 118
1220 -0.21160976664496003 1.0607492021772189 2.2228250900382425 68 51 8 0.2791491479478424 59 277 46 790 22 797 51 843 94 733 98 714 52 989 34 199
1221 -0.26727578327910595 1.0323205610623074 2.2524751989225016 68 51 8 0.19689536914658201 51 246 46 802 22 805 94 740 52 701 98 1004 99 880 93 627 13 795
1222 -0.50762016762997575 0.61016976009787482 3.3206919154721879 227 215 182 0.42727308443702899 68 734 46 854 22 425 94 413 98 411 34 331 23 908 63 1034 30 286 65 840 2 271
1223 0.49902231018250809 2.2101095817035699 2.0875191282015613 107 77 67 0.1368784650228459 51 961 46 861 22 509 94 499 98 455 52 489 39 379 33 379 90 446 99 538 84 505 13 959 93 804 10 746
1224 -0.58407134048992648 0.69380918852743079 3.2744736494165942 223 211 178 0.24214067475867265 68 747 46 880 38 639 7 893 81 855 55 615 9 892 63 909 23 918 31 455 65 851 48 872 1 620
1225 -0.61587947320853753 0.74633935298456322 3.2384080112772118 224 212 179 0.33610770787179017 68 752 46 889 38 640 7 895 81 853 55 614 9 890 63 910 87 284 15 287 23 921 79 448 31 447 48 871 1 621
1226 -0.60676030519301249 0.8971331907757476 3.1155099482663218 133 131 121 0.16098934502945872 68 1020 46 900 22 902 94 508 98 492 38 871 7 885 81 844 55 864 9 884 44 775 86 775
1227 -0.83919156195546829 1.099299339137253 2.9635332783943817 75 79 72 0.53607396451888567 68 447 46 947 22 566 94 550 98 864 52 490 39 773 33 407 90 390
1228 -0.83922343424035695 1.1284233982572391 2.9419288666430421 120 122 115 0.24146366822094745 68 1041 46 948 22 940 94 927 98 868 52 498 84 260 34 765 7 908 81 848 55 608 9 883 63 905 23 925 65 848 48 637
1229 -1.1408153812775246 1.5727484653120578 2.6590269321983326 88 89 82 0.43907013523965599 51 674 46 1000 22 1003 94 1178 98 1106 52 1100 39 1045 90 1004 99 1101 84 1069 93 799 13 936 77 652 10 855 49 626 3 698 20 606 43 545 64 557 78 528
1231 0.41228689576721711 0.8924306818279294 2.0221247134392293 166 147 59 0.37568958544791287 59 1146 46 1024 22 1022 94 1019 98 958 52 946 39 590 33 848
1232 -0.071355117642912788 0.64782466421162077 1.9175593509726012 254 233 79 0.30062151007446403 59 1147 46 1025 22 1020 94 642 98 644
1234 1.0817795611605954 2.3207258345843385 2.061083463447575 232 217 181 0.1784611554983542 59 1253 46 1113 22 1116 94 831 98 781
1235 0.30955239090431425 1.7796196575068834 2.0855247633496328 221 206 168 0.28974619676377067 68 954 46 1146
1236 0.28382620556092175 1.8081991892832565 2.1020133563978383 7 6 7 0.81320955454171595 8 941 46 1157 94 841 39 898
1237 0.75145575452706559 2.3416883659138152 2.0164953208635921 46 31 25 0.31162553761140682 51 1455 46 1171 22 1312 94 1248 98 1180 52 1227 90 1113 99 1233 84 1210 13 1502 34 867 30 675 80 634 45 677
1238 0.24495214848643235 1.8025009421305451 2.3011042319871655 65 69 87 0.51181861924291927 51 1389 46 1182 22 1311 94 1246 98 1179 52 1221 39 1067 33 1093 90 1107 99 1229 84 1204 93 1238 13 1535 34 633 77 815 75 684 53 661 43 627 64 637
1240 -0.97522731396842433 1.461598473075409 2.6968307884429144 126 129 121 0.15632933808529376 68 1059 46 1250 22 1224 94 988 98 920 38 879 86 789 81 836 55 593 9 863 63 894
1241 -0.97446221498265462 1.4615433202091019 2.6968374658354852 126 129 121 0.09568653242307841 68 1060 46 1251 22 1225 94 989 98 921 38 880
1242 0.38188275018379514 0.93765192021129096 1.9955299787047289 169 150 60 0.67022572108548295 59 1148 46 1269
1243 -0.24150413238875165 1.1298884756023422 2.1900101582667642 63 46 7 0.73396699755346573 59 1357 46 1304 22 1292 34 1022
1244 -0.10046643068078229 1.3135541163863587 2.0758479054906909 6 9 12 0.27082033351911433 51 1341 46 1305 22 1294 94 1227 13 1077 34 1018
1245 -0.33353173704419153 0.65498398136198344 3.272259706430015 65 42 28 0.37646830064998388 68 1134 46 1314 98 1170 39 1015 33 1035 34 1043 7 1017 63 1026 23 1017 30 914 65 939 53 670 45 737 80 828 2 834
1249 -0.7589374669905633 1.1257526619140985 2.9240255682277789 80 83 77 0.39711797860803622 68 1160 46 1337 22 1332 94 1267 98 1199 39 1033 34 1060 86 781 38 874 7 897 81 837 55 858 9 609 63 885 23 1031
1252 -0.77585208169923559 1.6991767465059453 2.4995740981338086 47 36 31 0.4875163375979758 51 1274 46 1348 22 1351 94 1289 52 1187 98 1259 39 1080 33 1108 90 1081 99 1188 84 1171 93 1190 34 1062 77 731 30 855 75 744 53 729 45 692 80 785 2 691 20 646 10 989 49 954 78 582
1253 0.39946225475275488 0.86871481911128801 2.0939519340887176 91 74 56 0.10104215781129597 59 1333 46 1368 22 1361 68 1186
1254 -0.26355950222980556 1.2119871704640162 2.0963921611463063 90 79 46 0.26216852607280444 59 1423 46 1393 22 1378 94 1313 98 1246
1255 0.3745989075432668 2.0787185703079021 2.2297151076042776 139 96 75 1.0251375775385232 8 1229 46 1401 94 1251 87 799 70 831
1257 -0.71629683074876427 1.7135822259400719 2.4285885208687716 40 28 25 1.278164800090146 51 1533 46 1416 22 1394 13 1540 21 172
1258 0.46551904557332868 1.6502673041115778 2.2095490335491315 231 209 168 2.2824771991243451 51 1556 46 1436 22 1443 94 1379 98 1283 39 1011 34 1185
1259 0.24350819857988282 1.7150984861072891 2.1644884613229185 41 48 66 1.2241322378779649 46 1439 94 1356 52 1214 90 1100 99 1257 84 1228 34 1027 30 822
1260 0.19781448128755458 1.7222289764868872 2.11719824377735 41 48 66 1.0070732322908216 59 1271 46 1440 22 1421 94 1357 98 1250 39 1104 33 1087
1264 0.12645978297619914 1.2230896090509067 2.098828244441453 82 54 7 1.3708691021167088 68 1323 46 1489 22 1458 94 1394 98 1300 52 1275 39 1098 33 1121 90 1159 99 1296 84 1261 93 1271
1265 -0.30779864923401956 1.0795936277666633 2.1638825526690217 84 68 14 0.8666461159641331 51 1576 46 1491 94 1374 22 1439
1266 0.10409171859219035 1.6831890460457286 2.3244971795063099 53 62 87 1.6546492696057047 22 1472 94 1409 52 1322 39 1166 33 1185 90 1212 99 1321 84 1289 93 1320 77 881 10 1128 49 1255 3 939
1267 -0.12225083446400273 1.8591331911575948 2.3886501531023496 88 96 96 1.2646492568698184 51 1615 46 1496 22 1465 94 1398 52 1291 33 1151 90 1170 99 1282 84 1251 93 1279 13 1599 34 1212 30 998 75 771 53 753 45 796 80 889 2 901 10 1079 77 776 49 1220 3 819
1268 -0.27651835313615258 1.7882472943800176 2.4337157597839734 79 88 88 1.2532508920666277 51 1603 46 1497 22 1466 94 1399 98 1311 52 1292 39 1110 90 1171 99 1283 84 1250 93 1278 13 1598 34 1213 59 1488 77 773 30 999 75 772 53 725 80 859 10 1078 49 1217
1269 -0.85470386509336083 1.2083968284449169 2.9614173383857043 86 89 81 1.6516337530777012 68 1335 46 1499 98 1343 38 1207 7 1193 63 1177
1270 -0.51088389801944645 1.4237584320507823 2.5659217755908239 46 57 81 1.1494953351594737 46 1516 22 1483 94 1418 98 1355 51 1620 93 1317 13 1616
1271 -0.52422376680669502 1.4235306865822752 2.5258807258881641 46 57 81 1.8630229512413075 46 1517 22 1484 94 1419 98 1356 52 1329 39 1175 33 1193 90 1219 93 1318 13 1617 34 1226 75 851 53 814
1272 0.28596726050610838 1.1020832893655435 1.997784289410456 131 107 36 0.95118995272364759 68 1358 46 1527 22 1493 94 1429 33 1197
1273 0.61024426123648634 0.75572748773557441 1.9592673507744196 95 108 140 0.349097319384852 68 1083 46 1017 22 1015 94 1015 98 949 52 624 39 823 33 833 90 567 99 589 34 826 30 638 75 303 53 337 78 29
1274 -0.77350413116667294 1.599290777967397 2.5756301685704028 35 27 25 0.70272272457189766 46 1448 22 1393 94 1326 98 1257 52 1230 39 1042 33 1054 90 1078 99 1183 84 1166 34 1162 63 1096 81 1067 30 925 65 932 45 741
1275 0.97018794402944697 0.69379882292966932 1.5434724209506636 149 132 46 0.089551832950076959 46 3 22 10 94 12
1276 0.93728356911737076 0.74263716185987128 1.5032058295605872 146 132 45 0.14563202862306582 46 519 22 18 94 15
1277 0.60222918078789567 1.0713192359268879 1.2709304191318822 97 109 139 0.076359577307499885 46 21 22 44 94 39 98 32 34 3 30 8
1279 0.59804308321230237 0.79580085750552887 1.8828356268656756 134 100 21 0.2365911169483968 46 562 22 53 98 635 33 39
1280 0.63366838776519685 1.1888918288457397 1.5451080709712655 129 110 39 0.18185689341499978 46 570 22 67 98 55
1281 0.62845343855627211 1.2458187805110121 1.5508712367063684 90 71 16 0.18569523996175827 46 34 22 68 94 56 98 56 39 62 33 45
1282 0.64598635732759346 0.9967305252943961 1.9442108605578012 130 107 31 0.3496936388609756 46 35 22 74 94 61 98 72 39 87 33 66 52 642 90 583 34 30 30 53
1283 0.74126505723816172 1.4388322035025631 1.4013656990020049 111 96 27 0.99007705469376484 46 1422 22 80 94 641 94 1336 98 643 98 1263 52 940 52 1241 39 830 33 839 90 830 99 1200 90 1019 84 1089 93 1212 13 1319 34 985 77 741 30 788 80 738 20 655
1284 0.60294049195766031 1.2642162853222023 1.5914731431815716 22 20 20 0.42030778290289011 46 37 51 107 22 82 94 644 98 645 52 46 39 82 33 573 34 27 75 46 53 57
1285 -0.35119012454791604 0.41665176203347859 2.0780434727780568 253 241 82 0.099194066347100637 46 588 22 85 94 62
1286 -0.42873619179113875 0.43870212090755872 2.0808937185545826 253 242 83 0.13890074929305002 46 53 22 102
1287 -0.14908133894401096 0.79035613403105409 1.8209598491796342 254 239 80 0.26832358554477226 46 49 22 104 94 84 98 87 52 38 90 31
1288 -0.35593225036054693 0.54916648155150882 2.0122194587681901 176 131 34 0.27203359658543041 46 57 22 109 94 85
1289 -0.46624871240324534 0.45393162543715876 2.0658809420871806 173 130 30 0.049388021097036938 46 615 22 111 94 88 98 97
1290 -0.24925187080596009 0.7371338232836111 1.8559775853026756 173 130 32 0.13325286394610408 46 59 22 116 94 91 98 95
1291 -0.52980972855637309 0.42981420536694903 2.0810937129117635 142 115 28 0.061225518156442116 46 67 22 119 94 94
1292 -0.40597378563721009 0.61519673909730022 1.945491238141877 169 127 29 0.18930183123796723 46 68 22 126 94 102 34 59
1293 -0.46983394791576111 0.58283918495230058 1.9708378018511961 168 128 29 0.089224908845587383 46 638 22 132 94 110 98 109
1294 -0.58798056559387302 0.49118509032248958 2.0669038532319011 114 94 26 0.25860835821295897 46 663 22 142 94 124
1295 -0.29397259278776772 0.82005679518414809 1.8344984654615952 252 216 100 0.13142602355409586 59 161 22 145 94 129
1296 -0.60161400664574494 0.53398789363012145 1.9987442655184455 144 118 29 0.061526906353762033 46 95 22 146 94 128
1297 1.697488959890054 1.6014620422041514 2.5787272181212506 238 223 187 0.12433763395609711 46 64 22 164 52 91 90 108
1298 1.5319410202825032 1.5337849210733996 2.6346225334807225 237 223 186 0.31584611308101679 51 814 22 172 13 238
1299 0.16366356972705987 1.1456155031429309 2.0869317214091789 165 140 45 0.056878836834277718 59 731 22 196 94 170
1300 0.49390737421882397 1.4163932683604725 2.1146017553931244 91 59 9 0.14322429947272811 51 261 22 221 94 200 98 188 52 98 39 148 33 130 90 98 84 100
1301 0.27258983384819963 1.3978507149738735 1.9919275418724596 108 94 31 0.14361997353783251 46 174 22 243 94 208 98 693
1302 -0.21242921222415784 0.95738606293559581 2.2734991527512109 166 115 24 0.028169865178286502 51 191 22 260
1303 0.23056524008918405 1.3834446623890413 2.0824284304773397 72 57 10 0.45694395853241809 46 197 22 269 94 243 98 204
1304 -0.17113419334118121 1.1174462732002424 2.1627720138937852 73 53 8 0.14869433363473511 46 789 22 282 94 254 34 546
1305 -0.19508200037502071 1.8448638752255329 1.0000499632403288 130 122 100 2.6926415256598588 46 268 22 301
1306 -0.49110818756853042 0.74619052987029821 2.5301115128377551 221 182 51 0.093746322830926307 46 294 22 304 34 253
1307 1.0132460723279781 1.8478908286013627 2.3758458415746513 111 103 83 0.051478595917981228 46 214 22 312 94 311 98 304
1308 1.0889972858035823 1.9483302037381824 2.3204612674536818 235 219 183 0.11056322064884345 51 434 22 316 13 522
1309 -0.67734045502718565 0.88625761647833001 2.1721305050192949 95 116 155 0.074104333996685826 46 830 22 329 94 754
1310 0.84631184609203192 1.9004604315563223 2.3675733250737792 234 218 180 0.060189979362306488 46 276 22 361 94 354 52 289
1311 -0.6666288635351858 0.91461910176913019 2.3033448192841033 148 0 0 1.376520404900955 46 345 22 364 94 329 13 796 10 67 49 559 3 71
1312 1.1844104331803373 2.3745562559007802 2.0059714805441513 232 218 183 0.048848004775514535 46 270 22 376 94 366
1313 0.75988250226012477 1.8860164126901313 2.3908388680118526 125 112 87 0.14503807152571072 59 329 22 383 94 367 98 352 52 312 90 249 99 255 84 267
1314 0.75748419111560283 1.8859043331970351 2.3882055750669235 125 112 87 0.13111491392779309 59 330 22 384 94 368 52 313
1315 -0.47045194223932058 0.54183469351193492 3.3431941343534728 157 109 85 0.071642011660760313 46 367 22 396 94 384 98 382 34 673
1316 0.29854446667240953 1.8492147508967516 2.0946181129015939 97 85 66 1.385363305255507 46 351 22 421 94 410
1317 -0.4774749658367759 0.6872714621978615 3.2689475794543466 227 215 181 0.082982659500022357 46 857 59 781 22 433 94 428 98 415
1318 -0.50018449840827162 0.70331035165861189 3.264952902539568 116 114 100 0.045166966951577868 46 410 22 441 94 440 98 429
1319 -0.50018449840827162 0.70331035165861189 3.264952902539568 116 114 100 0.045166966951577868 46 411 22 442 94 441 98 430
1320 -0.50933164289385702 0.73856779965590202 3.2334498383388874 226 214 179 0.071385298989870533 46 873 22 447 94 446 98 440
1321 0.31716186416919423 0.34622059564502444 4.9588218267429349 232 220 186 0.47793115568458155 59 699 94 463
1322 -0.53225127694826335 0.75249396255065459 3.2310834152078716 116 115 101 0.09931062026951408 46 422 22 456 94 456 98 449
1323 -0.44454087054810931 0.89848076521548492 3.1157627421733105 123 122 111 0.16040876807588331 46 877 22 471 94 466 98 452
1324 0.69191813182393769 2.3088736974174533 2.0511478281565987 106 77 66 0.22394890198320194 46 376 22 485 94 471 98 431 52 481 33 372 90 443 99 545 84 516 93 810 13 713
1325 -0.57293261283511476 0.84532925934585013 3.1548239892513883 139 137 125 0.10841905284569764 46 891 22 493 94 491 98 476
1326 0.26434723356955436 1.8853999296081632 2.3173702177453119 1 1 2 0.11962717802102214 46 402 22 494 30 215 80 149 2 151
1327 0.63392022217946387 2.2835655895571358 2.0780403612162384 105 76 66 0.080605518590266725 46 389 22 498 94 485
1328 0.62741069358397505 2.280176410997095 2.0707450821485858 105 76 66 0.25284671352119681 51 661 22 499 94 486 46 390 98 445 52 487 90 448 99 546 84 515 93 809 13 964 77 495 10 749 49 486 3 586 20 217 43 204 64 204 78 180
1329 -0.54185276034472452 0.92395047098023952 3.0961455603225687 129 127 117 0.057275283558910893 46 894 22 506 94 500 98 484
1330 0.39502880463801554 2.1503747454441893 2.1208491041011786 34 23 21 0.042439351767995966 46 418 22 521 98 467
1331 0.3709091326719684 2.156349457272992 2.1271437026368916 105 75 64 0.16395320483807704 46 876 22 527 94 513 98 477 52 503 33 385 39 390 90 454 99 542 84 793 93 549 13 953
1332 -0.72085379313785469 0.89985865006220001 3.1242154586383259 174 168 147 0.23946440311175066 46 918 22 531 94 898 98 840 39 392 33 377
1333 -0.49299003259309881 1.4214608319593656 2.4330381676869148 29 40 59 0.18278989965252596 46 452 22 536 98 496 39 364 90 314 52 429 99 238 84 216 93 206 13 439 77 377 10 123 20 309 43 285 64 286 78 423
1334 -0.037049385660226475 1.8371160793844616 2.4187911725669218 65 75 76 0.19840050628665726 46 450 22 543 94 531 98 514 52 513
1335 -0.77233577917912877 1.0329936291883788 2.9868319101296268 80 79 69 0.16845661412655336 46 468 22 547 94 537 98 526 52 452 59 492 99 203
1336 -0.68389516996587185 1.2150537247322579 2.8937456015659184 100 102 92 0.044930808639175895 46 471 22 560 94 546
1337 -0.77538450916678681 1.1804280479232971 2.9156808431927845 74 74 66 0.18362779149015757 46 478 22 567 94 551 52 501 34 393
1338 -0.57369402160235361 1.4956817417038566 2.5824180157597088 51 63 89 0.76183681334304409 46 472 22 569 94 924 90 969 99 768 84 1021 93 763 13 870 77 596 10 582 49 620 3 688
1339 -0.21573740617635345 1.8640187755070963 2.3799195769205603 93 104 104 0.25722486588032328 24 379 46 469 22 570 52 551 99 552 86 266 7 583 81 203 87 222 70 97 23 223 91 81
1340 -0.62320827107053411 1.4647312307523519 2.6155849485090199 51 62 87 0.17639031832726748 46 480 22 577 94 930 98 863 52 869 39 945 33 960 90 772 99 767 84 761 93 761 13 525
1341 -0.59385202930956871 1.5505118906078361 2.624897634037171 2 3 5 0.060420710718955217 46 488 22 582
1342 -0.7175476651969046 1.3366600099537151 2.7905733361503309 62 63 57 0.037209150982184788 46 484 94 557
1343 -0.79522071295125174 1.4507532210170984 2.5289022817834867 0 0 1 1.8082266675412377 46 960 22 585 34 389
1344 -0.68464870057671157 1.6509995946576701 2.508710805796337 19 13 13 0.33609328182709408 68 452 22 593 86 322 38 300 7 360 81 261 55 225 9 273 63 301
1345 -0.87839585989510816 1.6316026399960015 2.5422929577213988 57 41 34 0.068526063625804545 46 503 22 602 94 589 98 591
1347 0.80266134852012205 0.77730096847018915 1.4857955947274792 2 2 3 0.36242476634182513 46 1004 22 609 94 594 98 606 34 808 75 272 53 297
1348 0.6256517447081944 0.98090656602505111 1.3043866436740936 128 142 176 0.12334842290828701 46 540 22 617 94 31 98 26
1349 0.73412458776606826 1.0517917264805463 1.2810283347411511 144 129 39 0.019307641531222719 46 537 22 618 94 606
1350 0.71873904364466012 1.1020938900999322 1.2545810306044172 141 127 46 0.16457678491430586 46 541 22 621 94 608 98 614 39 23 33 19
1351 0.70818348617447535 1.1025780083824699 1.2483862003211414 141 127 46 0.05040169496685299 46 542 22 622 94 609 98 615
1352 0.61594010474537786 1.0914507516249157 1.2635679940494109 17 13 6 0.1970335616568524 46 545 22 627 94 612 98 618 52 916 39 536 33 819 90 796
1353 0.67324532266118531 1.1785146947680503 1.2096414913605871 109 85 17 0.15550411160338196 46 547 22 629 94 40 98 620 34 812
1354 0.67411009436332048 1.1785358454358803 1.2106259823953449 109 85 17 0.21398852354037937 46 548 22 630 94 41 98 619 33 27 39 30
1355 0.63440818392381781 1.237211899301025 1.242704909146404 139 124 42 0.16666286653763532 46 553 22 633 94 617 98 626 33 34 90 14
1356 0.62332093137081046 1.237519266548081 1.2362825125143433 139 124 42 0.044238630017201706 46 554 22 634 98 625 94 618
1357 0.58617180890501452 0.82111646884568523 1.7644625340724593 26 30 43 0.34630931517271252 46 28 22 635 94 621 98 629 52 615 39 556 33 543 90 562 99 587 84 547
1358 0.66654277042757437 1.1437307811092858 1.4352499734564925 118 95 25 1.3580933141103739 46 26 22 636 94 619 98 46 39 555 52 616 33 541 90 807
1359 0.61423219873086488 1.2395988876450479 1.5689901520098271 22 19 17 0.14217350502016349 46 571 22 645 94 57 98 57 39 65 33 50
1360 0.44731475118881658 0.74743005144836194 2.1627839669413484 3 3 3 0.3261162105296026 46 575 22 647 94 65 98 83
1361 0.66271898276193442 1.0209632372622057 1.9474125039217818 36 38 46 0.16319432084436791 46 574 22 648 94 645 98 650 39 589 33 846 34 32 30 55
1362 -0.15364618782984232 0.71655608984009156 1.8693513620178357 173 129 28 0.054185483931253248 46 596 22 656 94 72 98 74
1363 -0.15480159928660042 0.71670836438256857 1.8681367348093296 173 129 28 0.054527485832549794 46 597 22 657 94 73
1364 0.42293774320185934 1.0158598132571586 1.9397046036293466 165 130 48 1.4004497929333455 51 773 22 658 94 653
1365 -0.34986333752114801 0.54659834214418357 1.9786451739807436 255 231 78 0.19797812918674007 46 1037 22 661 94 75 98 80
1366 -0.2144069871468833 0.68891048466759608 1.8927788962049872 179 131 26 0.068234130096067117 46 601 22 662 94 78
1367 0.4067869955680341 0.87775475821070803 2.1194070230025326 31 35 45 0.15029441710043243 46 587 22 664 94 654 98 659 52 951 39 596 33 588 90 836
1368 -0.40162747108160557 0.48043804031051696 2.0471370525904815 177 129 28 0.074332841626392157 46 608 22 665 94 80
1369 -0.40162747108160557 0.48043804031051696 2.0471370525904815 177 129 28 0.074332841626392157 46 609 22 666 94 81
1370 -0.31457623008095059 0.71422802485995174 1.8717582132715387 174 127 28 0.0058644524363727834 46 620 22 673
1371 -0.3759549660994328 0.68533558024112995 1.8962063476726581 165 124 31 0.11423494129080362 46 629 22 678 94 111 98 107
1372 -0.37498607550169583 0.68490961235271841 1.897666866611466 165 124 31 0.10321480105525475 46 630 22 679 94 112
1373 -0.47953182588657978 0.6201520624895891 1.933409280798897 255 236 81 0.048058401375265583 46 644 22 681 94 115 98 114
1374 0.35135803457812204 1.0682034568604055 2.1366887192901669 121 93 21 0.17631956495683934 46 642 22 698 94 676
1375 0.27126032065916267 1.0561999779101443 2.1625898689638423 168 136 36 0.068750592980258221 46 667 22 702 94 152
1376 1.5828373472665334 1.5472905812387177 2.6275676536978101 236 221 184 0.350007409345298 51 1053 22 704 94 168 98 177 52 99 90 112
1377 0.56103599590045128 1.3907119057033308 1.9938100456973 34 41 55 0.17454238645532488 46 671 22 710 94 686 98 681 52 673 51 829 39 617 33 613 90 621 99 648 84 616 77 332 75 346 20 431 78 225
1378 0.5603849062511117 1.3905649421629105 1.9932916787631638 34 41 55 0.13962746278683541 51 830 22 711 94 687 98 682 52 674 39 618 33 614 90 622 99 649 84 617 93 631 13 801 20 432 78 226
1379 1.4362050348141573 1.5491757328739506 2.6068195384327693 108 98 76 0.3929826099109352 51 825 22 712 94 696 98 695 52 702 39 172 33 143 90 647 99 681 84 655 93 667 77 373 10 586 49 652 3 476 78 107
1380 0.13883299515945344 1.2878569607289148 1.8158958203804869 29 38 56 0.11730113964364988 46 714 22 717 94 1047 98 985 52 670 39 608 33 602 90 611 99 637 84 608
1381 0.51260151264541798 1.4289767756219862 2.0795123759402609 112 90 23 0.16320831236621752 51 845 22 741 94 701 98 691 52 691 39 863 33 877 90 873 99 887 78 382
1382 0.52016809851150625 1.4507805672502012 2.1123318239595901 87 57 8 0.30601693967537225 46 151 22 751 94 704 98 699 52 698 51 850 39 635 33 631 90 633 99 897 20 444 43 422 64 423 78 386
1383 0.23772668673118177 1.3842936520801958 2.0004395893768914 6 7 12 0.096185903447750992 46 747 22 766 94 709 98 698 52 983 33 873 39 862 90 872
1384 1.1296933444203332 1.6199562946164217 2.5779999415773616 232 215 178 0.21820422685908619 59 973 22 769 94 729 98 250
1386 0.49376193031253596 1.484006046081076 2.1667461373072303 88 57 8 0.30402356242825468 46 182 59 757 22 778 94 720 52 995 33 641 90 886 84 876 99 678 20 453
1388 -0.1725302688441786 1.126419215305632 2.0835710756995063 66 74 96 0.53606786649988269 51 257 59 779 22 785 94 714 98 708 52 87 39 142 33 118
1389 -0.16638680922116031 1.1087563965631082 2.1328011667056503 122 100 22 0.74477544585579536 46 233 59 774 22 787 94 246 94 719 98 201 98 710 52 96 39 629 33 126
1390 -0.46529467858223322 0.69626477745549575 2.5249598866951191 135 97 18 0.41242229701605132 46 799 22 793 94 731 75 106 30 144
1391 1.1693775264305248 1.8887501209375237 2.3275292758859685 234 218 181 0.23430671221142141 46 746 22 794 52 739 90 183
1392 -0.26643809041150995 1.0091926600227417 2.2426765035698097 254 212 56 0.10668538300386043 51 839 22 795 94 732 98 219
1393 -0.33337895411590995 0.98138601390527791 2.258194010525242 254 213 60 0.23358376470391365 51 842 22 804 94 739 98 229 52 695 13 792
1394 -0.34177544293717688 1.0305477382502404 2.245479324366308 170 175 197 0.33700143727235421 51 1112 22 814 52 121 99 86 13 797 93 629 49 565
1395 -0.35060273407232495 1.0306556802341333 2.240352786292144 170 175 197 0.15086483426713659 46 1106 22 815 94 749 98 723 30 462 34 581
1396 1.1883150600046724 2.0371196304399741 2.2713757984839669 231 217 181 0.02497427605758612 46 763 22 817
1397 1.1883150600046755 2.0371196304399746 2.2713757984839686 231 217 181 0.024974276057599692 46 764 22 818
1398 -0.62456612069307982 0.91952912274496323 2.1621225439295082 76 94 132 0.17252786787907295 46 829 22 829 94 752
1399 -0.54428037936535278 0.7678687235647772 2.5247879548812251 238 194 53 0.076821812034266246 46 317 22 830 94 304 98 290
1400 -0.54720922939549144 0.74576646640077604 2.5624225244012022 92 69 11 0.54549859717845828 46 1134 22 831 94 764 98 730
1401 -0.40844928906843936 0.97574558386284682 2.3515274721351718 150 119 37 0.21358608863878331 51 849 22 836 94 765 98 288
1402 -0.31391609611755827 1.1895586896709429 2.0988856443158572 254 214 58 0.1637601187481732 46 825 22 838 94 762 98 727 52 710 39 163 33 140 34 579
1403 0.9569137865953421 1.9260069133837268 2.3427495588616147 109 101 82 0.28985626730992475 46 795 22 842 94 785 98 746 52 767 39 684 33 683 90 679 99 730 93 957 84 931 13 1216 34 200
1404 0.83084938385670482 1.8546826724414394 2.4014517895222229 110 99 76 0.37268087896866986 46 810 22 854 94 797 98 761 52 774 39 687 33 688 90 685 99 954 84 929 77 608 43 347 64 481 78 138
1405 1.0602246567450042 2.36759265187289 2.0361979128013599 230 215 179 0.29169171152795431 51 1249 22 872 94 844
1407 0.3046722849564108 1.7733931121929016 2.2310599861296954 47 53 72 0.87616771574865804 46 343 22 878 94 848 98 1169 52 1160 39 1019 33 1036
1408 0.26478888769719749 1.7648326338278526 2.2304944765271051 63 65 85 0.21083087480313178 46 354 22 880 94 856 52 800 84 726 51 521
1409 0.26958233750603178 1.7644419927405526 2.2335642250453445 63 65 85 0.1065983311675071 46 355 22 881 94 857
1410 -0.53313179282377665 0.84016481320426828 3.1714662794513484 148 144 129 0.47981144914733026 46 885 22 886 94 878 98 823 39 353 33 339 34 918 30 713
1411 0.11114917316091757 1.7349535337568953 2.3210848949284157 61 69 92 0.33040283001763043 46 859 22 888 94 873 98 810 52 1035 51 917 39 909 33 718 90 914 99 980 84 740 77 436 49 255 3 461 20 346 43 457 64 463 78 302
1412 0.15305212262928228 1.7961369400681111 2.3727457020816569 52 65 92 0.27576434954627038 46 871 22 895 94 882 98 820 52 850 39 919 33 934 90 932 99 1018 34 288 30 487 75 589 53 587 45 424 80 153
1413 -0.6400006771410971 0.81597735384052983 3.1751503067719247 197 187 160 0.07517645023807884 46 896 22 896 94 504 98 486
1414 -0.65035148410838428 0.79773039775152255 3.2071584075019537 197 188 161 0.16963083573124585 46 899 22 898 94 888 98 827 39 371
1415 0.37431200114441493 2.1283795042864848 2.1354148038602303 105 74 62 0.10538432203414642 46 1196 22 904 94 889
1416 -0.67226867055862438 0.86752923259026038 3.1378264859770995 194 185 158 0.11577932739944996 46 909 22 905 94 891
1417 -0.67226867055862438 0.86752923259026038 3.1378264859770995 194 185 158 0.11577932739944996 46 910 22 906 94 892
1418 -0.68771808813077695 0.85024878917209712 3.1612629846730935 198 189 161 0.1935911518524196 46 911 22 907 94 893 98 833 39 384 33 367
1420 -0.50384060816903165 1.4424545818416883 2.4648441965861578 57 66 90 0.20114282321293867 46 922 22 919 94 903 39 926 33 939 90 921 13 856 51 926
1421 -0.82204725491333586 1.0934920490372391 2.7748288383727178 125 125 116 1.4288500135491899 46 932 22 923 94 911 34 735
1422 -0.64821553773293472 1.2092392433230825 2.8835119706933856 95 97 90 0.19526347082411513 46 933 22 926 94 916 98 852 7 879 81 605 55 585
1423 -0.80485301007885424 1.0589894884204565 2.9573145768937019 130 130 121 0.10055702765666477 46 937 22 927 94 918 98 855 52 466 39 414 33 397 90 364 34 936
1424 -0.53247624350758793 1.4655554588909119 2.5289756812772359 59 68 93 0.3215710024378135 46 464 22 928 94 914 52 865 39 931 33 944 90 765 99 1007 84 746 93 953 13 860 77 421 75 596 53 591 10 569 49 174 20 349 78 310
1425 -0.78838103920765223 1.0989547580577497 2.9351695443629957 122 123 114 0.044913151996331523 46 939 22 929 94 919
1426 -0.71307610869543925 1.1824109875319884 2.8982134095991179 107 109 100 0.076498518680404359 46 938 22 930 94 920 98 857
1427 -0.84485715876780043 1.0704037199843646 2.9647928795619976 125 127 119 0.18019793201545553 68 1040 22 931 38 643 81 850 55 866
1428 -0.67793617671151318 1.2608562687165958 2.8455224686033014 100 102 93 0.1951139786141888 46 942 22 932 94 921 98 858 33 409 39 424 34 743
1429 -0.68076197380349246 1.2614373308130558 2.8399521738310938 100 102 93 0.12229147499836268 46 943 22 933 94 922 98 859 33 410 39 425
1430 -0.77483319600760048 1.1555518667386984 2.9208611448921502 115 118 110 0.073173285559537463 46 944 22 934 94 923 52 491
1431 -0.6569436724832779 1.4127391680909189 2.5565586563967488 59 68 91 0.24578163014010557 46 940 22 935 94 1151 98 1079 52 1072 39 933 33 779 20 491 78 442
1432 -0.65391918583649089 1.4134042576095998 2.5626866751106059 59 68 91 0.13342590306263749 46 941 22 936 94 1152
1433 -0.74732641669941857 1.2338759674775279 2.8558879998077051 112 114 104 0.054525998044316036 46 945 22 938 94 925
1434 -0.746053862083085 1.2338257288261163 2.8585250892159664 112 114 104 0.058151639029846963 46 946 22 939 94 926 98 866
1435 -0.80997591963297155 1.2068435972167746 2.8789278031124814 120 122 113 0.075038761372859572 46 951 22 942 94 933
1436 -0.80939473884019308 1.2067820039849493 2.8802375096245298 120 122 113 0.066636731999501764 46 952 22 943 94 934 98 876
1437 -0.87141442806002223 1.1794818268315841 2.9026178370333429 125 127 120 0.060861521008905628 46 956 22 948 94 938 98 881 52 515 33 423 39 437 90 434
1438 -0.87074655914548504 1.1793029948735818 2.9034575815198185 125 127 120 0.039989120201012598 46 957 22 949 94 939 98 882 33 424 39 438
1439 -0.59977717619668613 1.6080207172547902 2.5711352402360275 71 82 84 0.3309217293246513 46 1237 22 957 94 948 98 888
1440 -0.78250015073507428 1.4395493229514174 2.7171388853111584 71 76 72 0.193673646014769 46 971 22 962 98 568 52 565 33 460 90 484
1441 -0.78211991873616848 1.4395595244621884 2.7181302557917215 71 76 72 0.20691624813556175 46 972 22 963 52 566 98 569 90 485
1442 -0.81566288066575143 1.4623595750188334 2.6861426327629947 110 113 106 0.10098776258568178 46 975 22 970 94 959
1443 -0.87819076383898831 1.4384802025088033 2.7103166464518864 122 124 115 0.060887261867015777 46 1242 22 975 94 962 98 904
1444 -0.87805319982668062 1.4385325816905399 2.710628830746098 122 124 115 0.086457145401418398 46 1243 22 976 94 963 98 905 33 486 39 491
1445 -0.95653148523514608 1.3718003744838545 2.7619576530960814 123 126 120 0.071224685294440593 46 983 22 979
1446 -0.88093606154716819 1.4642789589796081 2.6996171215729019 80 85 80 0.16803128569101994 46 980 22 981 94 968 98 582 52 584 39 499 33 492 90 512
1447 -0.88249321759061405 1.4644049360410252 2.6983613865883131 80 85 80 0.12749657296888681 46 981 22 982 94 969 98 583 33 493
1448 -0.9133378145780684 1.4916725093955516 2.6688895831966204 128 131 121 0.16131623130865236 46 989 22 990 94 977 98 914 52 889 39 791 33 795 90 526
1449 -0.91174127163551588 1.4920303082312452 2.6699772677048537 128 131 121 0.28701825275555526 46 990 22 991 94 978 98 915 52 890 51 973 90 527 99 547 84 489 34 795
1450 -0.8338545382933551 1.5959198415647335 2.5744489502463725 36 26 23 0.18182841022127816 46 986 22 992 94 979 98 911 34 404 30 369
1451 -0.98657559534322703 1.4245603276393395 2.731861683098824 126 128 122 0.080053546259264016 46 993 22 996 98 918 94 984 52 888
1452 0.76692341958049248 0.97944454722588892 1.3396922106704821 83 91 109 0.2910981944668744 46 1006 22 1009 94 600
1453 -0.086171589267025867 0.5524039152770357 2.004870346693334 251 218 79 0.2834036388949448 46 1022 22 1019 94 640 98 59
1454 -0.10998275194743211 0.70010362963757833 1.8754055596313515 251 231 78 0.18919682980886274 46 1028 22 1021 94 646 98 646
1455 -0.12939976954143795 0.74856444971277092 1.8487872738837572 252 230 78 0.55727417120201583 46 1031 22 1025 94 1018 98 648 52 635 90 30
1456 -0.37312245455186327 0.53088000100996291 2.0147903620037804 254 232 77 0.29470304860404345 46 1040 22 1028 94 652 98 89 52 634 90 576
1457 -0.56900249091901078 0.41940775779754114 2.1041574014058058 8 7 2 1.3299441153629372 22 1032 94 1025 39 79 46 1467
1458 -0.25435242603367531 0.77868977051120647 1.8461292987830316 162 118 23 0.23216573839250795 46 1044 22 1035 94 1023 52 944
1459 -0.45461758727785667 0.63589002610261258 2.4103708752586313 32 34 45 0.083722277473165657 46 1070 22 1061 94 1052 98 991 39 857
1461 0.49965244368634526 1.5200024698523715 2.201774289540094 117 97 30 0.15910163138142586 46 1072 22 1072 94 1064 98 1006
1462 -0.48350588910544451 0.60662013334460752 2.66179002481661 148 149 172 0.43638242601065586 46 801 22 1073 94 1062 98 720
1463 -0.1634781317743772 1.1781862537572994 2.0697519153324508 11 10 12 0.16051202239237633 46 1080 22 1074 94 1060 98 1000 52 985 39 865 33 876 90 870 99 882 84 853 93 879 51 1119 13 1056 34 542 77 528 30 449 75 543 53 551 80 74 2 87
1464 0.19496957249101698 1.4539042833271094 2.0026281156239807 73 88 121 0.31717422804138873 46 1073 22 1075 94 1061 98 1002 39 871 33 883 52 994 90 885 99 904 84 873 93 903 13 1083
1465 1.0876697603930792 1.9390481679367126 2.3310811220166983 231 216 180 0.1185423007285908 46 1074 22 1082 94 1070
1467 1.0570951244498605 2.2436669009137948 2.1229918147658369 231 217 180 0.081855914089605214 46 1104 22 1104 94 824 98 778
1468 1.0570951244498605 2.2436669009137948 2.1229918147658369 231 217 180 0.081855914089605214 46 1105 22 1105 94 825 98 779
1470 -0.66606331551191156 0.9397269599254755 2.3999767309527451 94 69 13 0.18179307894374785 46 1175 22 1128 94 1080 98 766 39 653
1471 -0.70362886805921809 0.97273114996940313 2.3024653905835502 146 125 38 0.057268570762505085 46 1316 22 1134 94 1082
1472 -0.70035253440543499 0.94339154286815396 2.4076160497689836 113 118 142 0.2047349387376893 46 1188 22 1144 94 1085 98 1022 39 890 33 898
1473 0.87345208451354606 2.2431870082642988 2.1055319409022015 231 216 180 0.22819652966167148 46 1147 22 1150 94 1093 98 796 52 1038 39 324 33 717 90 931 99 1062
1474 0.54077476405086866 2.0252444905590608 2.2805219714217695 220 205 170 0.035412573341149188 46 1173 22 1175 94 1107
1475 -0.58119687611926574 0.76676915898260667 3.2019277669203858 212 200 167 0.34239093490071698 46 1204 22 1178 94 1112 98 1044 33 712
1476 0.49361276912373908 2.0810567530739776 2.2250569500113118 221 206 171 0.19547635367452085 46 1187 22 1183 94 1116 98 1035 90 950
1479 0.11480355509810189 1.8089528215715192 2.3712635152694008 1 2 4 0.55870752951144742 46 1200 22 1195 94 1126 34 888 80 651
1480 -0.69735710004084572 1.1873243933118933 2.5608323201060426 79 76 68 0.92214288428959501 46 1212 22 1199 94 1253 33 1045 52 1220
1481 -0.74067220055461125 1.1535787437978426 2.9139225268043272 70 74 67 0.28913220260702815 46 1226 22 1209 94 1148 98 1082 52 1063 39 937 33 951 90 940 78 451
1482 -0.80564617937696503 1.1276510208503803 2.9319716976150567 71 76 71 0.35348692019786943 46 1231 51 1223 22 1211 94 1154 98 1086 52 1066 39 941 33 955 90 943 99 973 84 940 78 453 20 360
1483 -0.36164235175695225 1.6804262066837499 2.5138650365565534 7 8 8 0.62491239557282274 46 1224 22 1213 94 1156 98 1084 52 537 94 549 33 962 39 946 90 469
1484 -0.60875033255873645 1.4969820216850813 2.6245482256497206 2 2 4 0.151824774052565 46 1234 22 1214 94 1158 98 1090 52 1082 33 965 90 977 99 1059 84 1030
1485 -0.29332792722383411 1.8576297941462168 2.3834487408307083 32 24 21 0.16186663897477241 46 1229 22 1216 94 1160 98 867
1487 -0.58869673476827444 1.6572893401155648 2.4821918297705303 44 33 29 0.34607221628408852 46 1238 22 1219 94 1166 98 887 34 1058 30 562
1488 -0.72380195679430193 1.6651428574483118 2.4709786049486815 106 73 53 0.16842246189602456 46 1239 22 1222 94 1172 98 901 52 886
1489 -0.82963804146593467 1.6218364609411509 2.5854112470163626 124 85 62 1.2824621726637815 46 1248 22 1227 94 1175 98 1101 52 900 39 794 33 800 90 792 45 622 30 759 80 707
1490 -0.98012366932211425 1.487954046026237 2.6864002079900389 94 98 90 0.43652055872631762 46 1252 22 1228 94 990 98 923 52 898 39 515 33 505 90 532 34 800
1491 0.77036760975338847 0.81579047890264877 1.4477769097873527 110 126 161 0.20383944558488226 46 1256 22 1232 94 1001 98 936 34 977
1492 0.76646926013800065 0.82137040689440344 1.4517068902397088 110 126 161 0.94959306410779865 46 1257 22 1233 94 1002 98 935 52 909 39 808 33 813 90 546 34 976 23 1042 30 773 65 962 48 976 75 619 53 610 45 642 2 795 5 867 74 802 56 471 1 705 27 439 25 356 14 459
1493 0.73680952743805139 0.86708016320169279 1.4196022428529169 5 5 6 0.38370323229814129 46 1356 22 1234 94 1181 98 1110 52 910 33 814 90 794
1494 0.70066785688607569 0.91470059453334418 1.3721253563468234 124 137 168 0.35419059368776468 46 1258 22 1236 94 1183 98 939 39 809 52 612 33 525
1495 0.64225111413807145 0.78583374315677768 1.6950347453308323 80 98 130 0.30870502797189664 46 1260 22 1240 94 1010 98 943 52 920 39 815 33 824 90 555
1496 0.57828871539640603 1.0313602687344823 1.4099701945830541 5 7 12 0.56757179507493716 46 1012 22 1242 94 1187 98 1118 39 969 33 990 34 819 80 584 2 579 56 379 69 359 27 340
1497 0.62012718428151137 0.69108146864522368 1.8995338380259958 1 0 0 1.8099183514599415 46 1013 22 1243 94 1188 98 1221 52 1237 39 1086 33 1112 99 1236
1498 0.76061993229198432 1.3492468503151021 1.1823693078196382 100 80 19 0.29158582534945615 46 1263 22 1245 94 1191 39 814
1499 0.63046619312353092 1.3094722655713025 1.635907346275618 0 0 0 0.68625560928471874 46 1268 22 1250 39 984
1500 0.53135670825015158 0.96193531586549186 2.0859049448829441 1 1 0 0.79129493570268217 46 584 22 1251 52 1198 90 1023
1501 -0.24273086688625822 0.81573931422523482 1.8281919292107689 247 212 96 0.62873313629328575 46 1372 22 1258 94 1202 98 961 39 581 33 577 90 582
1502 -0.24231559383225312 0.87836356854617581 1.8710597239791038 32 40 58 0.24221054798961023 46 1283 22 1265 94 1034 98 970 39 837 33 851 34 502 75 311 53 342
1503 -0.63952882771481234 0.62163574250770925 1.9728518651875171 104 90 23 0.56187570355102345 68 1129 22 1270 52 952
1504 -0.62887442778606151 0.65769332310005191 1.9445624731723195 253 227 76 0.34277995170138947 46 1380 22 1272 94 1040 98 976
1505 -0.47794466836474175 0.63116834502100061 2.4875135587586423 150 1 0 0.17892539591373227 46 1297 22 1283 94 1219 98 1152 39 860 33 871
1506 -0.18594567591149383 1.1014463104362222 2.1668043736400584 72 53 8 0.47703870705774809 46 1388 59 1201 22 1286 94 1223 98 1156
1507 -0.46465076424031077 0.72644662344129141 2.5178498830841352 41 44 59 0.15221221207323776 46 1302 22 1290 94 1065 98 1005
1508 -0.4985377660413976 0.68872207491718174 2.5910636104999329 90 64 10 0.22359582405480388 46 1307 22 1291 94 1226 98 1158 39 872
1510 0.85484790548930623 1.8421979614119388 2.3772051292181882 232 216 178 0.51805546228569754 46 1300 22 1298 94 1235 98 1015 52 1011 39 897 33 908 90 900 99 944 84 924 93 949 77 451 20 160
1512 0.4315625320919465 2.0763149173748818 2.3764477010893672 123 83 62 2.0995110799852572 51 1445 22 1318 13 1486
1513 -0.6862639028892038 1.2826979009460702 2.428569869840544 7 8 11 0.48274898361149166 46 1329 22 1323 94 1257 98 1185
1515 -0.64008058658945999 1.1815454807498527 2.8618815726447746 71 74 69 0.20232986210147136 46 1333 22 1328 94 1263 98 1195
1516 -0.76738857989654996 1.2134929555024017 2.8791932024758577 114 115 105 0.42148705938872488 46 1409 22 1336 94 1271 98 1203
1517 -0.92769457044997516 1.2185197184791376 2.8830711121997226 127 127 119 0.34123107465841002 46 1345 22 1345 94 1281 98 1210 39 957 33 976
1518 0.66643793638054705 1.1979816690635807 1.1568638020245507 149 128 40 0.74150293329795391 46 1358 22 1352 94 1292 98 1218 52 1102 39 965 33 987 34 1071 30 775 75 621 53 609 45 641 80 346
1521 -0.3663925855808231 0.50858819703925917 1.9457580529682046 254 232 74 2.1413139549555931 51 1566 22 1359 46 1483 94 1300 98 1231 34 1140 30 881
1522 -0.56698507448975688 0.58105642609246111 1.9882094528268048 254 229 73 0.71506778136669802 46 1377 22 1366 94 1205 98 964 39 584 33 580
1523 0.13623678841737383 1.1590655200504409 1.838751939329706 224 196 101 0.41026672533617864 46 1374 22 1368 94 1209 98 1136 39 989 33 862
1524 0.1474717004368751 1.1590899066624192 1.8458877940920748 224 196 101 0.20805834938164466 46 1375 22 1369 94 1210 98 1137 52 1122
1525 -0.32869569206807753 0.95800675559356097 2.2584006590025987 254 219 62 1.0946767484081781 46 1301 51 1550 22 1376 94 1347
1526 -0.53988339078332215 0.88449112445167077 2.1793419162691721 148 111 29 0.69239330556136502 46 1390 22 1377 94 1224
1527 -0.53078076263688367 0.96938251142346776 2.2773547038185815 243 198 62 0.44279114737725439 46 1309 22 1380 94 1315
1528 -0.64079008673198601 0.94717317015868541 2.1904664960482494 35 46 67 0.10825310426166383 46 1397 22 1383 94 1314
1529 -0.70274130385612321 1.242604153057898 2.8540781476840937 106 107 97 0.33630557652685727 46 1406 22 1389 94 1324 98 1255 52 1172 39 1037 90 953
1530 -0.42414486928486045 1.6536285752125635 2.5199586059456132 8 10 9 0.80369719434034204 51 1446 22 1391 99 1077 84 1049 13 1416 10 601 49 637
1531 0.8003605039369357 0.95014212363562922 1.7005582115435143 152 134 58 0.31319325385616953 46 1450 22 1398 94 1294 98 1223
1532 0.99747245639721926 1.5515441180168688 1.2629033745101474 200 136 30 1.7317392636569593 46 1419 22 1399 94 1332 98 1261 33 1136 52 1294 90 1176 99 1304 84 1270 34 1077 20 681 75 708
1533 0.46096277266875729 1.1308667964881143 1.9543497746883398 0 0 0 1.3104233968964116 46 1425 22 1405 94 1338 98 1236
1534 0.071785089909507244 1.0348021383291546 2.1506762562701849 47 35 6 0.24622966127327262 46 1430 22 1408 94 1341 98 1274 39 1056 33 1073
1535 0.16685645652410511 1.3228711341126946 2.1002324089136666 106 87 20 0.87456446104604058 46 1434 22 1413 94 1345 98 1276 52 1209 39 1058 33 1077 90 1097 75 726 53 642
1537 -0.54322583672142111 0.77418568504726115 2.4867479444684037 178 140 36 0.35386181062580691 46 1470 22 1415 94 1349 98 1281
1538 -0.39273656629258435 1.0244971538129439 2.2465756368571306 90 73 16 0.78387980819421987 46 1437 22 1417 94 1350 51 1577 98 1279 52 1212 33 1078 39 1005 90 1096 99 1215 84 1191 93 1225 13 1559
1539 -0.65224861464270212 0.86947741331056672 2.280943919583037 141 0 0 0.29182908207572111 46 1438 22 1419 94 1352 98 1282 34 1191
1540 -0.49719628988942843 1.4900348152422964 2.5807633026288452 50 59 80 0.78577668462703076 46 1446 22 1424 94 1362 98 1310 52 1290 39 1134 33 1150 90 1169 99 1280 84 1233 99 1261 93 1258 13 1563 77 814 75 806 10 1035 49 1170 3 851 20 643 43 584 64 597 78 608
1541 0.67176323506431646 1.1743318081351628 1.4552212546214971 69 50 10 1.2858059677450766 46 1454 22 1426 94 1366 98 1292 39 1114 34 1133 30 930 75 780 45 774 80 840 2 804
1542 0.66286834629441949 1.3142693564557759 1.2333809308217039 102 89 25 0.29008078816314758 46 1453 22 1427 94 1365 98 1291 34 1132
1543 0.6420329825279063 0.86911631020899482 1.9213185270611066 115 83 18 1.4129039342397354 46 1456 22 1430 94 1368 39 1116 33 1138 34 1173 30 962 75 783 53 766
1544 0.9011231158416203 1.5012641958538449 1.3633314440519715 105 91 25 0.82306746389265695 46 1457 22 1434 30 877 34 1083
1545 0.27721047280752087 1.7895966916621227 2.1267955324070584 12 11 11 1.2902222430768004 46 1472 68 1222 22 1447 94 1382 98 1306 52 1283 39 1124 33 1145 90 1163
1547 0.70115401722861359 0.88852355969944241 1.8212242104952263 0 0 0 0.28575447738272286 46 1455 22 1452 94 1388 98 1316
1548 0.725169062816032 1.4049827742699554 1.3680875772250751 104 91 25 0.89119250455822874 46 1481 22 1453 94 1389 52 1305 39 1143 33 1166 90 1195 99 1306 84 1269 93 1303 13 1606 78 648
1549 -0.38302752213722024 0.65561013033032356 1.9721859868875919 255 228 67 2.0200605321709117 46 1486 22 1457 94 1391 98 1320 52 1267 90 1126 99 1241 84 1218
1550 0.12656214504403282 2.0302973526552672 2.2329005573622949 77 52 39 1.1497446361109465 46 1476 22 1464 39 1133 30 979 75 804 45 794
1551 0.10752190787189612 1.6897845944394669 2.3334913426217549 38 51 75 1.8367658900275834 22 1471 94 1408 98 1339 52 1321 39 1165 33 1184 90 1211 99 1320 84 1288 93 1319 13 1618 75 844 30 1010 49 1254
1552 -0.5389548696254256 0.45082941476168847 2.2940188922811067 0 0 0 1.0999923601965163 46 1513 22 1478 94 1414 98 1345
1553 -0.35213701934249203 0.51164062107519537 3.1930291361360141 0 0 0 1.5903355029562436 22 1479 94 1423 98 1364 39 1171 33 1190 46 1522
1554 -0.53374336845052817 0.72419769395039824 3.220620338647596 153 148 129 1.4247119101573038 46 1523 22 1480 94 1425 98 1352 39 1160 39 1173 52 1320 33 1172 33 1183 90 1189 34 1247 30 1030 75 853 53 816 45 831 80 918 2 926 56 642 69 614 27 603
1555 0.19399906594314717 0.84931089734839205 2.129001471716669 3 3 3 1.1337278691176531 46 1511 22 1487 94 1422
1556 -0.69346426056105159 1.2626212949714277 2.4971928043591212 3 4 10 0.6470182782840288 46 1524 22 1488 94 1426 98 1366 39 1183 33 1191
1557 0.98130000314681698 2.2819152494468713 1.9749453361599776 0 0 0 0.058826657684879498 46 1520 68 1359
1558 1.0599725949976715 2.2151114083908228 2.1151168421339959 187 178 150 1.9333081317542284 22 1495 94 1432 98 1371 52 1336 39 1182 33 1200
1559 0.028837204951424198 1.8373093878810862 2.4143886571519113 5 7 9 0.28955423005401032 46 902 22 914 94 902 98 835 52 1071 39 763 33 775 90 966 99 1171
1561 1.0293783808973125 0.60847290897207496 1.5233505452174345 161 140 49 0.26372036209052457 22 0 94 0 33 1
1562 1.0021387993361734 0.64027231610303348 1.5787050548540325 157 137 48 0.042156306142618026 22 4 94 9 98 11
1563 0.75524327290941085 0.73404576573656077 1.4683868752552784 142 155 186 0.27212683288546519 22 23 94 21 98 18
1564 0.91498540618271529 0.82867672796903513 1.6389781410180153 109 76 12 0.17969232861956341 22 35 94 33 98 33 39 32
1565 0.91498540618271529 0.82867672796903513 1.6389781410180153 109 76 12 0.17969232861956341 22 36 94 34 98 34 39 33
1566 0.9072533221440422 0.85099367082550226 1.6178386806647833 135 111 37 0.30592069823682827 22 37 94 35 98 36
1567 0.61124063526150818 1.1127548480350451 1.3014780592337938 13 14 17 0.24595450827564114 46 22 94 43 98 38
1568 0.61124063526150818 1.1127548480350451 1.3014780592337938 13 14 17 0.24595450827564114 46 23 94 44 98 39
1569 0.65780773080157884 1.2090486868815975 1.5287218522779193 126 112 46 0.24816150229070591 22 65 94 53 98 54 39 56 33 42
1570 -0.14747204290391155 0.58655040071676556 1.9674088870552826 180 128 24 0.065004690688093281 46 579 94 59 98 63
1571 0.59333199192868513 1.2463207273745209 1.6403644740995298 104 66 11 0.057650716727466106 22 90 94 68 39 582
1572 -0.24856087133204671 0.61281704045188334 1.9451094353777467 182 122 22 0.04389415470845049 22 654 94 70 98 75
1573 -0.24856087133204671 0.61281704045188334 1.9451094353777467 182 122 22 0.04389415470845049 22 655 94 71 98 76
1574 0.61880131749492595 1.0256383145713441 1.9914414662552198 119 74 15 0.22438881430557545 22 94 94 76 98 99 39 97 33 75
1575 -0.24768289101855204 0.73677231867794912 1.8572512627514211 177 128 28 0.13202375581166378 46 58 94 90 98 94
1576 -0.2189299573115368 0.7806754779349776 1.8442902595424899 148 111 21 0.13458413485284054 22 122 94 99 52 44 33 63 90 33 99 31
1577 -0.50150335691130887 0.50614698953919579 2.0253131321075677 176 131 28 0.029744945206364719 22 675 94 105
1578 -0.50150335691130887 0.50614698953919579 2.0253131321075677 176 131 28 0.029744945206364719 22 676 94 106
1579 -0.55355530725342117 0.44841052431771228 2.0729176218426404 255 237 79 0.079971794268103719 22 128 46 635 94 107
1580 0.45113971851774742 1.2804795915732265 1.6636079699141908 104 69 10 0.13670687695713427 22 120 94 109 98 108
1581 -0.58363160917788892 0.49865392318066587 2.0398663627100899 253 234 77 0.095662111654090262 22 137 46 658 94 122 98 121
1582 -0.61652919252586336 0.54988234774967859 2.0025604208593064 254 233 77 0.059327187820452806 22 154 46 682 94 133 98 129
1583 0.28537547494737325 1.0718662652122224 2.12871633089576 179 147 56 0.1421079487983343 46 90 94 151 98 147
1584 -0.009490160443053914 0.72776662763827837 2.441498554914793 252 231 76 0.078261901928217803 22 170 94 159 98 159
1585 0.24138589359455725 1.1244760358775727 2.081138273827873 172 142 54 0.052079927742658634 22 177 94 160 98 155
1586 1.5643623291107136 1.473977248327305 2.6612211148508744 71 44 29 0.33820533095465477 22 163 94 161 98 173 52 89 90 106 99 107 84 115 93 658 10 175 49 642
1587 1.3932048478221415 1.5209881047819531 2.6413965222681464 107 94 72 0.22582321870322347 22 191 94 185 52 120 39 176 98 191 33 148 90 120
1588 -0.47820711483787215 0.61559848876421996 2.4154270129984039 123 95 20 0.064789526019451149 46 200 94 189 98 178
1589 0.20754105291591199 1.3184746262979083 2.0857146822531192 113 94 25 0.49759131864986034 22 245 94 219 52 101 90 92 51 272
1590 -0.21495834716981005 1.0388352624379087 2.2099196913626526 183 146 46 0.13534079140335784 46 237 94 245 98 209
1591 -0.5315619854840179 0.67041721474551208 2.6571834044868696 55 60 75 0.069875221958670949 22 315 94 295 39 167
1592 0.5919059788821518 1.5817943947919073 2.3555359331745329 30 31 40 0.068141600166273353 22 309 94 302 52 731 90 892
1593 1.0120617095891611 1.8478133949747637 2.3749598252988018 125 114 92 0.057699973925584014 22 313 94 312 98 305
1594 -0.60749585597976752 0.88987559230001423 2.4112806277642536 163 132 35 0.22156797797522207 46 344 94 337 98 319
1595 0.90867260038901243 1.9275425916321742 2.3438863537630565 239 223 185 0.2071489642693003 46 269 94 349 34 208 68 585
1597 1.1358638303605657 2.4639421187344004 1.9221704538537281 114 82 70 0.15747376038707298 22 404 94 389 98 354 52 413 33 310 90 378 34 190
1599 1.1424159687741047 2.5271339201872296 1.9145035818429286 6 5 4 0.33943826172011193 22 424 94 408 52 849 39 711 33 725 90 766 99 792 84 796 93 1075 13 965 34 204 77 661 30 149 75 399 53 142 20 536 43 552 77 734
1600 -0.46493041673540747 0.6512658723871888 3.3086074170872308 120 117 100 0.16605684384448602 46 393 68 376 94 419
1601 -0.67254082760993328 0.98950520729351643 2.522929376724067 60 63 70 0.72616822919993496 46 874 94 424 98 798
1603 0.61991049795905517 2.0866738189181278 2.2366673227820391 116 107 87 0.13946698105193475 22 452 94 445 98 409
1604 -0.015503369822369422 1.6488076582023028 2.3087470764924514 7 7 9 0.044696742123234871 22 478 94 465 98 420 33 315 90 278 84 232
1605 -0.51025230625755014 0.87311666790229447 3.1327401220827733 134 131 121 0.11909264609385221 22 480 94 476 98 464
1606 -0.61449551610501285 0.74493552964456633 3.2485238779753494 224 211 178 0.16860542366250827 22 479 94 478 98 472 39 352
1607 -0.63308469104598619 1.1784551881172216 2.4699901626224658 9 8 4 0.12313044389106595 68 416 94 483 39 275 34 310
1608 -0.62924700571623449 0.78387508248765114 3.2027909492889806 91 93 83 0.078791965284235391 22 492 94 492 98 480
1609 0.43405299649509355 2.1473670686046304 2.1304316911628902 111 80 69 0.081447658989230828 22 510 46 409 94 501
1610 -0.50336724909341113 0.90848581652078841 3.0891523556482658 122 120 109 0.23178732367089089 22 481 46 428 39 351 33 340
1611 0.43632217889403169 2.1835788502695035 2.108197074686029 108 79 68 0.16351980674773173 22 520 94 506 98 463 52 496 33 380 39 385 90 449 99 791 84 790 13 956 93 550
1612 -0.39731081536317864 1.4878272780927153 2.4278070171477655 5 5 6 0.041606807566777024 22 534 94 519 98 494 52 441
1613 0.11234852199079659 1.9417502338781853 2.2932918300061407 90 67 53 1.1814975581707385 46 893 94 521 98 500 98 1060 39 401 53 434
1614 -0.62081156991586284 1.3642250614932736 2.464419230432743 27 36 54 0.14432264922215537 22 542 94 528 98 836 33 750 39 750
1615 -0.56779619018507044 1.4343357376089272 2.4927532444713134 26 35 52 0.03594560619137753 22 549 94 534
1616 -0.56561924307160716 1.4343727435561979 2.5015575060342878 26 35 52 0.35820678261575711 22 550 94 535 98 518 33 386 90 379 75 194
1617 -0.11218962415256106 1.8371829866848102 2.4247888878232473 62 69 68 0.15561716452837859 46 924 94 538 34 682
1618 -0.64285182098563387 1.2126123854661939 2.8789561543604876 95 98 90 0.09396898100363904 22 551 94 539 98 532
1619 -0.046788431787736291 1.9780376096259396 2.2912538367880328 28 20 20 0.25397111812409529 22 559 94 543 98 524 52 544 33 417 90 488 99 566 84 524 93 545
1620 -0.16319144118921169 1.7611445128546352 2.5545865817861539 63 72 73 1.4116535926889633 22 558 94 544 98 531 52 530 13 642
1621 -0.89109120477593817 1.1669223141287994 2.7666975440872692 115 117 109 1.1202707592015957 22 571 94 553 34 388
1622 -0.55428450164545529 1.313096919077946 3.0547987899039035 58 60 52 1.5192785052693205 46 474 94 556 98 550
1623 -0.78059702888718518 1.6237234863235861 2.5316451624359599 36 25 22 0.21830472079344995 22 595 94 580 98 580
1624 -0.77104599910643923 1.6787604270589158 2.5027874569050783 38 27 23 0.51890773642715626 22 597 94 584 98 910 39 792 34 778 30 586 75 245
1625 0.84121746169575373 0.80237479028119896 1.5707000847152213 137 116 37 0.1792189774812262 22 614 94 599 98 612
1626 0.69347485924342855 1.1455667650833361 1.14455412071815 111 86 16 0.18444814471866561 22 620 46 538 94 602 98 610
1627 0.80075108437187636 0.80489426415809906 1.6267861033478821 141 117 53 0.96124949015917216 46 14 94 607 98 622 33 821 39 542
1628 0.68839340164040952 1.1529175391291424 1.2194612303801511 138 125 40 0.11894080366742829 22 625 94 610 98 616 39 25 33 24
1629 0.69000699894304618 1.1528218309816871 1.2203280920539248 138 125 40 0.13025390110772794 22 626 94 611 98 617 39 26 52 17 33 25
1630 0.62179886998745737 1.0637808937881119 1.3144309256267519 26 27 32 0.53178814018617737 46 546 94 613 39 540 33 529 90 4
1631 0.66364882910838807 1.1876993278972197 1.2783533058832157 130 115 32 0.21879345945119599 46 25 94 615 98 42 52 23 39 40 33 32 90 12
1632 0.6822531808527097 1.1435590164990721 1.4359576031218082 116 94 24 0.65520267921205877 46 27 94 620 98 47
1633 0.61118931803757881 1.270130887599813 1.3032197910480643 126 115 37 0.22427194834551373 46 565 94 623 98 630 52 622 33 37 39 47 90 18
1634 0.61035477592514342 1.2701411101849744 1.3026066400144471 126 115 37 0.27082186733779928 46 566 94 624 98 631 52 621 90 17
1635 0.62791795458046673 0.82357166035712381 1.8436571793274301 34 31 26 0.36445708106901437 22 52 94 625 98 634 52 30 39 561 33 547 34 20 30 31 75 296 53 39
1636 0.7113352878028173 0.88654381612215427 1.9079943321905146 125 90 19 0.19004096627765879 22 638 94 628 39 569 33 556
1637 0.66422483161275181 1.1495549457003873 1.5721391773978786 100 80 17 0.33751230965638795 22 640 94 630 39 564 33 550
1638 0.71928330976204879 0.92450224115869739 1.9084828375326526 2 2 1 0.21220259469386366 46 569 94 631 98 640 39 572 33 562 93 44 75 306 53 340
1639 0.65464696530267552 1.2354870140322944 1.5211420736068861 21 21 24 0.091013517332300564 22 641 94 634 98 638
1640 0.67005556446871495 1.2349640396623431 1.5347240745855013 21 21 24 0.38853294671663979 22 642 94 635 98 639 52 934 51 1022 39 825 33 836 90 819 99 843 84 1081 93 1088 78 354
1641 0.86716971009981625 1.5082803634921111 1.3761124552871968 105 94 27 0.46908227480935061 22 72 94 639 98 642 39 831 33 840 90 831 93 1098 99 1124 77 675 75 302
1642 0.37856395816682875 1.1482896090253019 1.6345017551204946 128 98 25 0.18937487958341406 22 650 94 647 98 647
1643 0.62666731640264672 1.2815386011489476 1.644352267430061 93 73 17 0.23754387358985241 46 576 94 649 98 651 52 950 39 833 33 845 90 834 99 860 84 832
1644 0.38904436834741257 1.0037805517089891 2.1949069915833599 123 79 13 0.20375995433925886 22 1042 94 670 98 672
1645 0.35609360854731975 1.268154079194713 1.844629040185956 145 120 47 0.47793830718695335 22 159 94 672 33 864 39 848
1646 0.41901487791672609 1.2932998928451471 1.8621984268696552 104 67 12 0.11129378351356504 22 699 94 673 98 671
1647 0.12796771354467681 1.2360484658046649 1.8190005179145168 100 114 145 0.22622721692366804 46 694 94 678 98 677 34 510 30 428
1648 0.23882569583654789 1.1071167966013435 2.1248740480747372 172 141 46 0.17277136129600282 22 708 94 682 98 158
1649 0.23619778889591669 1.1717913597773191 2.0626722443095398 168 138 52 0.25842510109018552 22 713 94 689 98 161 39 123 33 106 34 521
1650 0.53345832655952674 1.4197363995005259 2.0465104602084838 80 55 9 0.22086190504467693 22 728 46 708 94 695 98 688 52 684 39 625 33 625
1651 0.51342561209810378 1.4288113337981041 2.0803406769792301 109 90 23 0.16794526023838419 22 742 94 702 98 692 52 692 51 846 39 864 33 878 90 874 99 888 84 635 93 896 20 442 78 383
1652 0.52385322522091649 1.4516814464219192 2.1120019570859352 85 58 9 0.2303554997462989 22 752 46 152 94 705 98 700
1653 -0.17412592431685339 1.0098138110072632 2.2371563673474135 241 191 50 0.17299195202627576 22 1069 94 713 98 706 39 145 33 124
1654 1.4637159852549064 1.8925341512329918 2.3916903662211642 237 220 182 0.23709596347241593 22 759 94 718 52 718
1655 -0.22983346644150945 1.1569065850315381 2.1262023382057555 247 206 57 0.080338161496668406 22 1078 94 743 98 721 52 703 39 155 33 137 90 631 99 655
1656 1.1073166663679825 2.0072150243048577 2.2797206622130188 232 218 181 0.12763436366029302 46 771 94 772 52 758 90 674
1657 1.1197047285830768 2.0098460738908654 2.2888598436369052 232 218 181 0.054284141234494467 46 772 94 773 34 173
1658 0.8983143731354305 1.8997736913581547 2.3649054853604201 112 103 83 0.060695709756233382 46 800 94 790 98 752 52 772 90 682
1659 1.0246641484634815 2.0343801399763568 2.2730830575044187 232 216 180 0.13338495256257477 22 847 94 791 98 750
1660 1.0246641484634815 2.0343801399763568 2.2730830575044187 232 216 180 0.13338495256257477 22 848 94 792 98 751
1661 -0.017970716623612257 1.4185531878038724 2.2916890027380057 100 84 22 1.0675821716728482 22 1108 94 813 98 343 13 838
1662 -0.67092373390873317 0.92232256536144008 2.5044533731697793 50 52 60 0.20255740087173998 22 419 46 855 94 840
1663 -0.1171858303992636 1.4162548257120762 2.31044822161389 8 6 3 0.020871514326652657 22 876 94 842 98 783
1665 0.79478277580073153 2.2974992420179858 2.0175638581276734 152 105 82 0.46864146458057837 46 834 94 866 98 392
1666 -0.74091273410663649 1.0656926358181718 2.4813120673115754 119 132 160 0.5317183062796953 22 891 94 874 98 1033 39 690 33 210
1667 0.43335425055295618 2.1089804579247087 2.1828448345330416 45 30 27 0.23578792902229057 22 899 94 884 98 457 52 863 90 429
1668 -0.75820569837186225 1.1815885087488609 2.5388601506685577 51 53 63 0.32532126306699388 22 913 94 897 33 925
1669 -0.16453275492227276 1.759083841485277 2.4647349938492331 6 7 7 0.14274939473247139 46 921 94 912 98 844 34 685
1670 -0.21406162445206586 1.7382833733149596 2.4766965739608278 7 7 6 0.19887656672852122 22 1208 46 926 94 917 98 1075 34 694
1671 -0.81469042423975457 1.4117917096073673 2.5248913917162965 83 86 80 1.6731439345734433 46 961 94 935 98 874 52 1079 33 415 84 1143 51 1525 99 1017
1672 -0.77660888268171979 1.4138473066433603 2.7338248285486233 107 110 102 0.14677484138503899 22 958 94 949 98 893 39 466 33 448 52 556 90 476
1673 -0.78008473172220694 1.4139597851367911 2.7301709502774414 107 110 102 0.061303648464234972 22 959 94 950 98 894
1674 -0.91270591444540616 1.5152770168485363 2.6635153196407608 87 91 82 0.12553439516116821 22 598 94 985 98 589 52 594 39 507 33 502 90 530 99 556 84 509
1675 -1.0139498232621353 1.4103814939613073 2.7339817439571306 91 95 88 0.022311772480158382 22 997 94 986 98 919
1676 -1.0547475994879265 1.4570771468098354 2.7034820531377859 99 102 93 1.2900867833738809 22 999 94 992 39 521 33 510
1677 -1.0147013188689962 1.5171677873015328 2.6471161573287945 156 152 137 0.11890431860556301 22 1000 94 993 98 1104
1678 -0.95784274065945396 1.6132883079365248 2.5722308554186388 137 92 66 0.18051799808740809 22 1001 94 994
1679 -1.1462521984641312 1.5344320540707259 2.6332896166947006 100 78 65 0.24844504764820294 22 1002 94 997 33 808
1680 0.77852681909445776 0.75102633886693593 1.5822984409382257 115 125 148 0.1505096817453703 22 1006 94 1005 39 534 33 526
1681 0.80146648257363762 0.7852162948549215 1.5673931108567729 46 47 52 0.24692413248996595 22 1007 94 1006 98 940
1682 0.89802630563113761 0.81151069643014295 1.7283207806715171 1 1 1 1.8260508775773747 22 1010 94 1009 98 944 52 917
1683 0.88230783624224729 1.4566151382192638 1.1902378471790731 245 208 66 1.918030676061151 22 1247 46 556 94 1013 52 620
1684 -0.31315801673946925 0.75413312336116267 1.8282621176357643 254 234 81 0.27875140978869345 22 1033 46 1277 94 1021 98 656 39 75 33 569
1685 -0.28573054426608629 0.8180411553590573 1.8280617224546118 250 204 71 0.16920622888339687 22 1041 94 1026 98 963
1686 -0.54310834114710838 0.65678803481904535 1.9380354587542288 109 86 20 0.21344926620030233 22 1047 94 1033 98 966 52 653 39 588 33 583 90 584 34 838
1687 -0.036411908103914641 0.77526494318016392 2.4029973322838871 0 0 0 0.23068990622860872 22 1056 94 1049 98 685
1688 -0.45301418092816381 0.63457535555259226 2.4125885652664896 31 32 41 0.10815251749145353 22 1062 94 1053 98 992 34 856 30 660
1689 -0.064689296934390281 1.0820995017392403 2.1342620178660989 112 88 21 0.84040961504453604 22 1281 46 748 94 1055 33 618
1690 -0.47638404448782151 0.5989656351910938 2.617646826557956 3 3 2 0.1113723296182086 46 1081 94 1058 33 874
1691 -0.47419549499077451 0.59846712170983807 2.6212566583774723 3 3 2 0.13734651974767625 46 1082 94 1059 52 973 33 875 90 861
1692 -0.66989490838436916 0.94095611009638636 2.3953783731101468 97 68 10 0.1585056044889456 22 1129 94 1081 98 767
1693 -0.28741794297699386 1.3338749237695608 2.3687230547791915 5 4 1 0.573439410495868 46 1189 52 1016 34 285
1695 -0.54869083936359986 0.72109130371499075 3.2439715578184081 230 216 179 0.036612109246726594 22 1170 94 1106 98 1038
1696 0.48363635631385166 1.9976463787029115 2.3091494509479751 221 205 170 0.24670439977393469 22 1179 94 1109 98 813
1697 -0.82000331820141603 1.0833055491273245 2.4618589511739204 100 111 136 0.24631366317634748 46 1209 94 1121 98 819
1698 -0.559698006091779 0.90997862884471759 3.1248459950553418 130 129 119 0.066974049533906829 22 1191 94 1124 98 828
1699 -0.63925457593857582 1.3371524948031237 2.4545775306816213 57 63 84 0.47042277884228756 22 918 94 1133 98 1059 75 686
1700 -0.60016358244231005 1.3811184889129671 2.4406164642141204 53 66 93 0.18294369328177695 22 1201 94 1136 98 1064
1701 -0.67659413918998568 1.3579974002471977 2.5171008898244547 57 63 84 0.063075621532172749 22 1207 94 1143 98 1071
1702 -0.67123340844527724 1.1786540054078047 2.902864593773959 65 69 63 0.109156293102636 22 1204 94 1145 98 1077 39 934 33 946
1703 -0.67306641972299064 1.1782948843619958 2.9007635869570039 65 69 63 0.14962394095324943 22 1205 46 1223 94 1146 98 1078
1704 -0.1584039749359995 1.9150272309618708 2.3460433740796902 29 22 22 0.29691468292477946 46 1221 94 1157 98 1081 39 775 33 966
1705 -0.47904227314425241 1.6221891743122281 2.5747771270979811 9 11 12 0.10808621601514461 22 1215 94 1159 13 1238
1706 -0.53313705833262859 1.6006901892379792 2.583417732361577 7 9 12 0.073848854487745128 51 1261 94 1163 98 1092
1708 0.84618170887313304 0.69770456908816514 1.5965535914408373 1 1 1 0.3711943469295802 22 1230 94 1180 98 1108
1709 0.73770155481001054 0.86759488138317942 1.422283628050663 9 10 12 0.20989699813783952 22 1235 94 1182 98 1109 33 815
1711 0.58372504599811692 0.78455362717111765 1.7362066646230152 128 143 176 0.25152614530030987 22 1244 94 1190 98 1121 52 927 39 817 33 829
1712 0.73097417334679726 1.2499858510799122 1.5337686051795718 93 71 16 0.20866678845962972 22 1248 94 1193 52 1111
1713 -0.3957012354736556 0.58539705329003655 1.9688537595563429 187 140 48 0.31799505886179746 22 1362 94 1199 52 935 33 841 90 820
1714 -0.3957012354736556 0.58539705329003655 1.9688537595563429 187 140 48 0.31799505886179746 22 1363 94 1200 52 936 33 842 90 821
1715 0.40233194632233354 0.98558378031700122 2.0817235665556457 1 1 0 0.18015481015886092 22 1034 94 1203 98 1235
1716 -0.63550927386102951 0.61965192316963758 1.9827268418083321 106 92 23 0.23518250263891174 22 1269 46 1379 94 1208 98 1133 34 1094
1717 -0.45267822785016976 0.65587270738737447 2.4755014385096286 138 98 24 0.12264227221766737 22 1284 94 1221 98 1154
1718 0.97111095378845402 1.8721274070153842 2.3835151501464797 232 216 178 0.31980479632258829 22 1296 94 1234 52 1158 90 1057 99 1159 84 1140
1719 -0.5408777112925508 1.208752453060213 2.3291477321199365 97 87 25 0.72661428831460684 22 1386 94 1244 98 1174 52 765 39 896 90 181 99 913 84 882 93 1137
1721 -0.64228570375512628 1.1361813308585185 2.9072186562736144 114 114 104 0.46477592949247432 22 1388 46 1331 94 1261 98 1193 34 1054 30 849 45 686
1722 -0.68966630202865842 1.1508623405897254 2.9115109862373267 77 80 75 0.43106338290564511 22 1329 46 1335 94 1265 98 1198 52 1171 34 1057 75 701
1723 -0.83364133751000724 1.1828133893765762 2.9024786081859095 117 119 111 0.47739385161059539 22 1339 46 1412 94 1274 39 951 98 1091 33 961
1725 -0.87662886988849698 1.5101726086616116 2.6286579763205693 126 129 118 0.59711901116022315 22 1350 94 1287 98 1214 52 1091 94 1173 90 999 99 1094 84 784 93 767 13 1237
1726 -1.0194948205674488 1.3695526155847062 2.7823879589479934 126 128 120 0.15943235685158297 46 1351 94 1288 98 1215
1727 0.55702584963909341 1.0402670071051723 1.511077496156966 9 11 18 0.37227057108316669 22 1354 94 1296 98 1123
1728 0.4136144860306854 0.7939655551335284 2.1301069872643104 245 208 74 0.26370090714559996 22 1402 94 1301 98 1233
1729 0.25319186755632439 0.8315733491485765 2.0695825851544556 2 1 0 0.35974341381083269 22 1403 94 1302 98 1129
1730 0.41287589051533957 0.89305015015445877 2.2023881232464713 130 92 16 0.2415446663791147 22 1364 94 1304 39 988 33 1008
1731 -0.43102396811714172 0.67157791101619269 3.2993821262373557 218 203 165 0.29113632244549903 46 1400 94 1317 98 1178 52 1154 39 902 33 912
1732 0.68674001148147157 1.1117837810736186 1.5924496220035695 163 148 90 0.67964924712454977 22 1428 46 1362 94 1330 98 1224
1733 0.74186593901094045 1.1044021869168106 1.6272923089800695 163 148 90 0.11456967517836962 22 1429 94 1331 98 1225
1734 -0.16944071264429278 0.75594282470400775 2.4086656380268128 72 63 67 0.32463422056987873 22 1410 94 1342 98 1239
1735 0.21141263923952711 1.2476093620101698 2.0720110511331389 72 52 9 0.65809992751637625 22 1411 94 1343 98 1275 52 1251 39 1097 33 1120 90 1091
1737 0.34137482537787656 1.444327467326314 2.2683720183265965 93 73 21 1.0149852624089042 98 1280 52 1253 39 1122 33 1124 90 1137
1738 -0.529728434049071 1.1862926383950878 2.3164787855623521 99 88 24 1.9995293391111757 22 1448 94 1358 98 1324 39 1123 33 1126 33 1144 34 1223 75 818 53 797
1739 0.34915767237893741 1.0563506447952469 1.4977121988209519 239 205 71 0.3819813896742999 22 1431 94 1367 98 1317
1740 -0.25055477028200734 1.2556653362414081 2.1399058657678132 76 64 35 0.97853369445450789 22 1444 94 1377 98 1304 13 1574 34 1189 30 972 53 774
1741 0.053291238720506166 1.4486096236837736 2.1401270488801298 88 71 17 1.9386837868598674 46 1469 94 1378 52 1301 90 1187 99 1298 49 1232 3 906
1742 -0.53001665827617939 1.0616924809584074 2.3033648393429598 79 65 57 0.3494445112835835 22 1445 94 1380 98 1305
1743 -0.58134826214367963 0.85708484892260273 2.7015073226570614 56 60 68 0.5609947981852127 22 1420 94 1381 98 1323
1744 -0.25688413607665372 0.98597854657606676 2.1617015848033097 254 215 55 1.1586041954093012 22 1459 94 1395 98 1321 52 1310
1746 -0.74086845952089064 1.4715447667646568 2.5584162014274492 5 5 6 1.7327669383002444 22 1467 46 1498 94 1400 98 1328 33 1165 34 1214 30 1000 80 890 2 910
1747 0.57889769881108111 0.98628668549505771 1.8998096835077785 117 97 25 0.43864965053237553 94 1402 98 1333 39 1152
1748 0.17186937587863133 1.0916486582049194 2.1016310767757909 158 132 38 1.1194552177543582 46 1514 94 1407 98 1338
1749 0.28782345044868718 1.9650661835380951 2.2785516576013674 214 197 159 1.3211014961699235 22 1473 51 1613 94 1410 98 1340 33 1173 99 1312 84 1281 30 994 80 876
1752 -0.32601876265755053 0.51497046020842208 1.8540052782053551 1 0 0 1.4343253145402792 98 1361 52 1316 90 1207 99 1315 84 1283 93 1310 67 1144 73 1055 19 967 11 931 18 1076 5 1078 74 1045
1753 -0.63309007515261106 1.0195658000562458 1.7158754880063249 254 218 58 2.1683688448730409 22 773 94 192
1754 0.50566383905371293 1.8832917122115975 2.0381812567586062 127 116 92 3.3013179920767617 22 370 94 357
1755 0.65722758244628476 1.1893244980728135 1.2758582607205493 133 118 35 0.16147244600361954 46 24 98 43 39 39 33 33
1756 0.61108781642530074 0.83804978275657682 1.7522357142620251 73 72 83 0.12894079672570549 22 49 98 48 33 38
1757 0.39679173093300396 1.1034815959363085 1.6577818155792392 2 1 0 1.9835426966266372 22 79 94 1197 98 65 45 699
1758 -0.35295197843465292 0.57232065420070866 1.964722638327457 227 8 1 0.12494307663015244 94 650 98 86 52 633 33 46 90 29
1759 -0.31081729314517625 0.80533770519788506 1.8305779833735132 94 84 24 0.16180259859206517 22 139 98 119 33 64 39 85
1760 -0.30873454998939631 0.80444012529802977 1.8321018954193837 94 84 24 0.16055333128470162 22 138 98 120 52 52 39 86 33 65 90 36
1761 0.512363441573219 1.3493554816623756 1.732240317192191 108 91 21 0.12913505042672913 94 135 98 132 52 662 39 106 33 596 90 600
1762 -0.268517124903497 0.92087892631703727 1.8721882724048247 122 134 164 0.19274591412985981 94 146 98 137 39 104 33 83
1763 0.53468508896109934 1.3976596142922044 2.0246336932464803 112 91 23 0.20085284994833602 59 175 94 691 98 168 52 678 39 621 33 619 90 863 99 652 84 622 13 199 53 103 75 352 78 374
1764 0.16936356626925092 1.183544877100454 2.0600904056723066 165 136 54 0.21838006967561654 94 172 98 170 39 128 33 109 34 97
1765 -0.17365871083212264 0.93316587259956418 2.3103473635310889 248 201 54 0.2662560653678564 22 244 34 543
1766 -0.18602790755115114 1.2583513122628434 2.0921930616965532 167 179 208 0.14083208941865352 94 758 98 268 39 165 33 141
1767 1.3666006708595635 2.0401378073465657 2.2579985808035241 106 100 83 0.41584638220360781 94 275 98 271 39 195 33 169 93 757 77 463 20 359 43 474 64 487
1768 1.1756462559261389 1.9562951725467685 2.3187962871778929 112 104 83 0.53372209666142811 22 296 98 297 52 241 39 201 33 179 90 202 99 181 34 154
1769 0.95041182523567347 1.8205499956395905 2.3961890021661736 111 100 77 0.15179417108675203 22 317 98 315 33 186
1770 0.95041182523567347 1.8205499956395905 2.3961890021661736 111 100 77 0.15179417108675203 22 318 98 316 33 187
1771 -0.15045371497783858 1.3777068502154464 2.3327018066908849 82 75 20 0.13866277387906092 94 390 98 357 90 186 99 150 84 145
1772 0.2096666305280144 1.7151293507119074 2.2138196737303661 36 43 61 0.357182370752677 22 426 98 366 39 225 52 310
1773 0.30702064098442022 2.0956133787513269 1.8376102514919666 232 215 178 2.1108792331244475 94 867 98 391
1774 0.56213048201394156 2.2357008199803619 2.0691550899242177 113 83 72 0.17027117281233781 22 501 98 444 52 482 39 375 33 373 90 439 99 532 84 504 93 552 13 960 77 253
1775 -0.39771156108040262 1.48792542896625 2.4273123887445598 6 5 6 0.045397309053947794 94 518 98 493 52 440
1776 -0.49378910251921015 1.4212134851189671 2.4319388452517385 23 31 47 0.10524322101853142 22 537 98 497 52 430 39 365 33 737 90 315 99 239
1777 -0.68644232430530405 1.0615885329379524 2.9509982079417618 128 125 114 0.45889834289945225 94 905 98 516 52 845 33 766 90 316 22 540
1779 -0.68705378925707161 1.3774009259852671 2.5367621811818424 24 32 49 0.20879620845291624 22 561 98 528 52 488 39 762 90 764 99 321 84 277 77 135 20 329 43 130 64 133 78 296
1780 -0.67267179881004557 1.4018291445073223 2.5459822972680399 57 65 87 0.20811047402546493 94 547 98 534 52 497 39 413 33 399 90 406 99 357 20 136 78 125
1782 -0.69738173306322526 1.6912219589637771 2.4365338544277995 74 51 41 0.094752435074643912 94 576 98 572 33 471
1783 -0.63550346435387473 1.7710480728256652 2.4657737969014346 37 27 24 0.31555148302745761 94 582 98 581 52 597 33 796 90 793 99 805 84 799 77 487 30 344 75 458 53 469 10 654 49 274 3 486 20 396 43 362 78 462
1784 0.76053140837761213 0.77737292042693595 1.5996340575952248 9 10 13 0.14748307466614211 94 603 98 613 39 538
1785 0.64310658091658557 1.2199594419784785 1.3401804466827421 119 107 37 0.17328622139736077 22 51 98 628 52 29 39 45
1786 0.68867304921392669 1.16940866551449 1.4505979286246218 23 22 25 0.32169081971497665 59 624 98 632 33 545
1787 0.78382559996482759 1.4302844516425484 1.2897899316890855 96 75 16 0.16913189385868663 46 32 98 636 34 13
1788 0.46189238150721318 1.3296189287004752 1.7212001523686324 28 35 49 0.11614397863403224 94 665 98 667 52 660 39 599 33 595 90 846 75 60
1789 0.22465646985744742 1.2873333395498403 2.0535607153154807 112 80 15 0.98403822770076366 94 1054 98 689 39 624 33 624 34 843
1790 -0.13618288038053622 0.95735110111175536 2.2830264997015486 255 216 58 0.10980022386981865 94 706 98 696 39 139
1791 0.044418501584611879 1.3397762874646983 2.0748945801803647 70 51 8 0.56251424677676798 46 784 94 270 98 718
1793 1.0189396585198993 1.9540049430089503 2.3189263116453382 112 103 83 0.22047512490163371 94 776 98 743 52 762 39 682 33 680 90 676 99 728 84 932 93 958 13 1218 34 547
1794 -0.64939982771922511 1.0016917674442269 2.2879520293293787 109 99 28 0.41204682141500093 22 868 98 749 52 717 39 652 33 647 99 666 84 637 13 191 30 477 75 379 53 393 45 393 2 130
1795 -0.48005828799512229 1.0740784264734791 2.3481452940979604 56 50 50 0.44395564619049538 94 809 98 753 75 122
1796 -0.17838703283657362 1.6000456680178397 2.5069504242360847 3 3 3 0.35000402880816156 94 895 98 831 13 867
1798 -0.66425023449183718 1.1525725217083822 2.8891000724263276 105 106 96 0.095914974652680313 94 910 98 845 33 772 39 765
1799 -1.0409994867549166 1.4351329041452607 2.7138787057452416 140 141 130 0.1462166807213636 94 991 98 924 33 801 39 799
1800 -0.93955361420874262 1.6066007478556965 2.5622762154208871 59 40 32 0.22862583973551054 94 591 98 925 52 601 39 519 33 511
1801 -1.0913989907295845 1.5591425033544324 2.5992682086951171 142 96 69 0.038577484274687268 94 996 98 927
1802 0.61516324698829405 0.84354508241441328 1.9275522568111036 134 97 25 0.20745081636328686 94 51 98 951 33 557
1803 0.56196595991518272 0.94904364984780643 2.0943544778904379 202 174 65 1.1016527488658936 98 962 39 594 33 589 34 464
1804 0.43662139659626359 1.3117523409102887 1.7435173514348572 104 89 25 0.3131772219178855 94 1032 98 968 39 843 33 861 75 517 53 533
1805 -0.57285948238976603 0.67517860196042134 1.9391508794843979 252 227 72 0.34213961234825202 94 1039 98 972 52 656 39 91 33 70 90 590
1806 -0.26970867604387877 0.86229538803115691 1.8930799041581763 105 94 28 0.21295684138627285 94 1036 98 973 39 838 33 854
1807 0.13306876608110477 1.2047025643460565 1.8193476789645298 98 90 28 0.37861883489578618 46 1048 98 980 39 845 34 835
1808 0.36940145172913974 1.3435112763873549 1.9730332970704942 107 88 23 0.57745155562220707 22 1060 98 989 39 997 52 1206 33 1014
1809 -0.56976707259238735 0.76301782105296712 3.218060467238939 214 202 169 0.32326343596578855 94 1111 98 1043 52 781 33 711 90 671
1811 0.047053278167738875 1.9891952835409064 2.1018119063988649 106 75 61 1.6698654227495915 94 1258 98 1053 52 866
1812 0.069853355516157623 1.876725861592961 2.3344654933871531 2 4 6 1.1509797998366185 94 1131 98 1058 39 928 33 942 99 1069 84 1045 13 1439 53 435 75 595
1814 -0.65424870938325952 1.0518018800602082 2.9444280582843785 123 122 112 0.25185516500066513 68 1027 94 1132 98 1067
1815 -0.60175908235864684 1.2040688748034947 2.8966101990990207 59 62 55 0.25894952838152357 94 1142 98 1074 39 1032 33 1049
1817 -0.22546857487205052 1.885308702949466 2.3615387352207713 30 22 20 0.42360157405288823 94 929 98 1085 52 558 22 573 39 778 33 784 90 497 34 704
1818 -1.1468491533071656 1.5612712606387218 2.6612794851828609 87 87 82 0.67057107761692669 46 1001 98 1107 34 967 23 378 30 864 75 704 53 730 45 742 80 836 2 793 65 854 56 567 69 540 1 700 27 537 14 515 25 447
1819 0.58607473488566431 1.0142225791378483 1.373640406147443 123 134 162 0.42482003360484721 22 1011 98 1113 39 812 33 822
1820 0.58184786657698206 0.78426330993481796 1.7355222939519193 135 149 180 0.22024264674490018 94 1189 98 1120 39 816 33 828
1821 0.65453191910531416 0.83119610854898385 1.7347866110842423 0 0 0 0.14561379336443325 94 1192 98 1122 39 972
1822 0.45319893824879676 0.99089284929029864 2.0243780495964305 199 174 64 2.5475360588967977 46 1270 98 1130 34 831
1823 -0.64069842962729762 0.70325749409470451 2.0243607736899061 111 100 27 0.2882639022425128 94 1046 98 1141 39 844 33 860
1824 0.98594986285649056 1.9008146299109847 2.3274295730698942 231 217 179 0.7878880541672364 94 1232 98 1164 52 1157 39 894 90 1055 93 950 77 457
1825 -0.52069274423685552 1.0897366337053103 2.3821999221698928 48 46 49 0.22456465546936535 94 1239 98 1168 39 1065 33 1086 52 1254
1826 0.76373752536861605 2.256139863728337 2.0838199314885575 77 56 47 0.44527652788547917 51 1524 98 1175 52 1166 39 912 33 928 90 948 84 1163 93 1192 13 1542 77 656 75 156 53 151 10 1002 49 1128
1827 -0.56093403773579242 1.2514821316531848 2.429753730932398 28 31 37 0.18633591171611433 94 1249 98 1181 52 1215
1828 -0.67646020866785117 1.2253845044604343 2.5872217751681874 4 5 6 0.14450005108578101 46 1215 68 766 98 1186
1829 0.082894032144823368 1.9841587189016296 2.222362934462883 54 37 30 0.38005530312224778 94 1320 98 1187 90 975 52 867
1830 -0.67145810853123311 1.5594377518674154 2.5504860141135657 8 10 13 0.65119819539177415 94 1280 98 1208 90 1075
1832 0.6397555228761217 1.2601691415502148 1.2862879497077062 136 119 39 0.34401099062460883 94 1295 98 1222 52 1106 33 991 39 971 90 1010 99 821 84 550 75 706 53 682 45 746
1833 1.0233607724257019 1.5945976004152544 1.3185416181797236 1 1 0 0.63177026094999789 94 1297 98 1228 52 1197 39 1051 33 1062 90 1088 84 1219 99 1245 93 1251 13 1558 34 984 77 789 75 633
1834 0.80697485365204435 1.496783172443225 1.4069331438070947 0 0 0 0.88353055042213502 94 1299 98 1230 52 1242 39 1089 33 1116 90 1127 20 684 43 637
1835 -0.58656731184536981 1.0607299590510615 2.3521999111479031 101 87 24 0.5912550746255304 94 1316 98 1249 39 1102
1838 -0.69925111342801249 1.7165280095649629 2.4587560878178341 43 30 26 0.32404388283435431 94 1363 98 1289 52 1260 39 1112 33 1134 90 1146 99 1262 84 1235 93 1259 77 819
1839 -0.37349065369346335 1.8058185325278266 2.4623587791411903 36 27 24 0.70733436729791022 94 1385 98 1312 39 1138 33 1153 90 1174 99 1286 93 1282 13 1580 49 1219
1840 0.63667239951674581 1.0743661201083556 1.3058048745932815 78 84 105 0.57679752205926627 94 1387 98 1315 39 1113 33 1135 34 1166 30 957 75 777 53 759 45 743 80 837 2 840
1841 -0.4327581426910993 0.68025145960847644 2.6949585632202968 117 96 24 1.0197698700128695 94 1416 98 1350 39 1164 33 1181
1842 -0.50927578517427841 0.70900673411788884 3.2726667637173175 182 175 148 1.5396046720687437 94 1424 98 1351 39 1159 39 1172 33 1171 33 1182
1844 -0.64178598539653031 0.5333399031835302 2.3206239344254591 0 0 0 2.4246950803687004 98 1369 39 1180 33 1198 84 1295
1845 1.0599725949976715 2.2151114083908228 2.1151168421339959 210 196 161 1.9333081317542284 22 1494 94 1431 98 1370 52 1335 39 1181 33 1199
1847 0.82483620425289106 2.2705742481886122 2.072639192118547 98 66 49 0.52861688161628462 89 1364 41 1200 97 1249 8 1223 24 1116 61 1116 54 1012 59 1369 51 1431 98 1030 22 1159 94 864 52 848 39 718 33 726 90 389 93 1071 13 1495 86 831 7 947 42 994
1848 0.80140955163067817 1.3347472370544875 1.1509771401100621 170 137 37 0.24743436027837284 52 24 39 36 90 13
1849 0.39885850701679926 0.84908033083461409 2.052787244292269 128 91 18 0.37741629722715769 94 74 52 47 39 90 33 68 99 39 84 44 93 53 13 759 34 36
1850 1.635647505777678 1.5740470579831283 2.6007719993353109 234 220 184 0.11433915118190108 98 175 52 94 90 111
1851 0.49506077604689647 1.4159202503019159 2.1143185623196707 89 58 7 0.10656744001679853 51 260 52 97 39 147 33 129 99 93 84 99
1854 1.3121987875621703 1.5691494615875998 2.6044504531561414 236 220 183 0.075723568085119708 94 204 52 139
1855 1.3121987875621703 1.5691494615875998 2.6044504531561414 236 220 183 0.075723568085119708 94 205 52 140
1856 -0.21108539222436037 1.2253241866628148 2.0887232225153713 168 179 208 0.21081080755341369 51 343 94 291 52 144 13 205
1857 1.0656363137524398 1.968229982656418 2.3077687546661476 129 114 85 0.26012481380998026 51 442 52 255 99 208 84 223 93 294 13 544 21 649 29 610
1858 1.0656363137524398 1.968229982656418 2.3077687546661476 129 114 85 0.26012481380998026 51 443 52 256 99 209 84 224 93 295 13 545 21 650 29 611
1859 -0.60010172003222717 1.4048032449773498 1.9252674885023118 77 67 16 0.99339197845508886 98 361 52 261
1860 -0.48608112036644252 1.2257776873531669 2.3939469502185129 7 6 2 1.1592750594499817 52 274 90 189 84 140 51 450 49 915
1861 -0.017247074633447722 1.6493762713144648 2.3064876676649342 6 5 5 0.047247940760909317 98 419 52 389 39 316 33 314 99 252 93 257
1862 1.1106822197225286 2.4605953401964595 1.9373303932229498 45 30 25 0.46597431962525587 94 396 52 420 90 387 99 787 84 786 93 1074 13 1503 43 364 77 498 64 358
1863 1.133962803743175 2.495824262060931 1.9108396756696568 109 79 68 0.11779388203606388 51 644 52 426 99 526 93 555 13 716 77 263
1864 0.66997332043888647 2.2701473074688403 2.0579948339234049 111 82 70 0.28007521565135979 51 953 52 471 90 423 99 524 84 501 93 806 13 963 77 256 10 404
1865 -0.49833931685803867 1.4621020767603996 2.4895002793157928 21 27 41 0.24159211915662229 98 513 52 474 39 394 33 382 90 374 99 326 84 284 93 256 13 483 43 140 64 143 78 299
1866 -0.81706135816248548 1.1625714658730837 2.9261848621181916 118 120 113 0.10971169435853567 46 950 52 504
1867 -0.09859895143310457 1.9100326664807792 2.3579214449028845 99 108 105 0.41842929696768277 98 529 52 539 80 659 2 447
1868 -0.0049417054385933528 1.9988015197261397 2.2685575954407438 22 16 14 0.37856457435536051 94 541 52 540 39 772 33 782 90 481 99 559 84 521 78 183
1869 -0.6674046281825522 1.6414666924608372 2.5297262973961629 22 16 15 0.042801382666530101 94 1169 52 583 90 515
1870 -0.59758416978081064 1.7531123550260752 2.4071519925220217 35 24 21 0.37494463330174821 98 567 52 586 39 783 33 790 90 786 99 569 84 525 93 530 77 477 10 621 49 258 3 474 20 386 43 353
1871 -0.92997162511009546 1.5071380457694168 2.6734136704185221 94 98 90 0.16324529583328157 94 588 52 596 39 512 33 504 90 531 99 562 93 456
1872 -1.1282901601774835 1.5502978718643834 2.6566775023666698 50 34 26 0.51306765931549825 98 597 52 603 39 525 33 515 90 542 84 533
1873 0.77347911468971842 1.4351323374161145 1.2821412280371292 97 76 17 0.33147160566727418 94 629 52 629 39 560 33 549 90 573 84 37 99 33 93 59
1874 0.83164645585021879 1.4932014007349859 1.3898706709482074 1 1 0 0.29890756463663298 22 73 52 643 39 573 33 56 90 37
1875 -0.17913922295946089 1.1042858413243544 2.1690046728179917 38 21 1 0.16390291099572638 51 1097 52 696 90 628
1877 0.52040373404207851 1.4496967999888395 2.1137737477777603 80 53 13 0.23477539926256444 51 851 52 699 39 636 33 632 90 634 99 898 20 445
1879 -0.29879537168905196 1.4541097947207104 2.4568152439446522 54 37 4 0.2546414746728628 98 461 52 835 84 721 90 718 93 743
1880 0.19968787635496701 1.818654991399077 2.3464715096431363 49 60 83 0.69593417762862009 94 479 52 847 39 735 33 739 90 752 99 760 84 755 93 765 13 593 77 464 75 168 10 643 49 686
1882 -0.35652808820795945 1.8317151636682962 2.393926729373097 30 22 21 0.500202627306093 46 1233 98 877 52 874 39 451 90 781 34 716 30 541 80 477
1883 -0.83772595224062096 1.6643703292599417 2.5261704744670048 120 81 58 0.15244326507295278 98 922 52 902 39 798 33 802 99 572 93 539 13 685
1884 -0.89763981010084959 1.6373706345698753 2.5505817255120449 130 87 63 0.21609331396858894 51 670 52 904 84 528 99 573
1885 -0.026479286657564206 0.60798059174845398 1.9718348792692209 239 193 50 0.086797348792418585 59 887 52 929 90 1014
1886 0.96378188340668014 1.5663995040103111 1.3461877570481189 1 1 0 0.58727875654747819 98 952 52 939 33 564 99 1125 52 1113 84 50 84 1093
1887 0.36028555401374224 1.3107788992376781 1.9281575271708551 24 28 39 0.050279742550582013 51 1064 52 967 39 853 33 868 90 856 99 877 84 846 93 876
1888 -0.48547483313428313 0.60928609157551183 2.6677327779884763 124 123 141 0.17141359362789946 22 1288 52 976 33 1020
1889 0.67398001216320069 1.8170127521752217 2.4295248721754685 226 209 170 0.071644508403530954 52 1018 90 903
1890 0.37202627431310231 1.8301042769452176 2.1789832548808215 220 203 166 0.73241543733543013 52 1019 90 1061 99 1226 84 1199
1892 -1.1644625441959606 1.5513221725428186 2.6333769862097789 2 2 1 0.4919474927109726 51 673 52 1099 90 1003 99 807 84 800 93 793 13 680 10 592 49 205 3 467
1894 1.520627852745013 1.4955998988108044 2.6613977944357683 233 218 182 0.91626310305673409 51 1502 52 1139 33 888 90 883 99 1148 84 1129 93 1134 13 1527 77 364 21 1244 95 1179 10 846 49 1112 3 472 39 878
1896 0.44317590091196957 0.81504749617929673 2.0700506502306952 225 192 70 0.33829930304690553 98 1232 52 1196 39 983 33 1000 90 828 99 1118 84 1083
1898 -0.58989491297508856 1.4617966714269994 2.6216117852269591 44 51 68 0.80598650640525771 22 1390 52 1229 33 1132 90 1144 84 1206 13 1534 75 604 53 676
1899 0.62887562170253686 0.76785821526854869 1.9088649390658941 118 94 52 0.63762208586561708 94 1329 52 1238 39 1087 33 1113 90 1122
1900 -0.49976832763045576 1.3831523944597153 2.3995803846719634 48 53 71 0.6531592737865497 98 1252 52 1256 33 1128 39 1126 90 1139 99 1258 84 1229 77 806 75 801 53 775 10 1030 3 870 20 688 64 631 43 619 78 623
1901 0.4439577419753869 1.9691496676966722 2.2741092002286241 191 176 142 1.2176049512707907 98 1365 52 1328 39 1174 33 1192 90 1220
1902 -0.75120207043565002 1.0407527131671133 2.9755207588546173 126 125 114 0.28268885996401066 59 491 46 466 22 546 52 450 94 533 98 523 39 408 33 390 90 335 99 204
1903 1.1348372584284183 1.9560923942102957 2.3221088394293883 235 222 188 0.4324632074883607 59 765 68 533 46 206 94 313 52 248 26 563 89 749 41 656 97 659 8 738 16 511 95 509 51 426 59 252 99 194 84 194 93 277 13 523 34 164 72 586 95 724 21 651 83 400 37 476
1905 -0.48425102093648836 0.74964841522122994 3.2294845781364376 229 214 178 0.73452870263429637 68 1145 46 1319 52 1013 22 1162 94 1102 98 1034 39 712 33 920 7 1028 81 997
1907 1.0784045216315366 1.9257540174706016 2.3283301443196245 231 215 178 0.71759697965836722 26 1134 89 1133 41 1144 97 1006 8 1025 16 1028 95 1090 59 1194 68 1104 46 1296 22 1293 94 1230 98 1012 98 1162 52 1008 94 771 98 740 39 893 33 907 90 896 84 922 93 951 34 1011 77 602 72 892 21 1194 10 868 49 1119 3 711 20 500 78 304 83 694 29 1076 37 732 96 912 76 893
1908 0.88539030324504553 0.81258744048256826 1.6344082255172181 131 111 41 0.64681748011017071 98 35 39 31 33 30 75 15 53 20
1909 0.5975961267010651 1.2710906620669122 1.5586088011376973 89 100 125 0.15031740853072562 52 40 39 72 33 568 90 35 99 42 84 46
1910 0.61427250196315986 1.2615306915621411 1.6010395587698159 20 18 18 0.29242303504300315 52 45 39 81 33 572
1911 -0.62673946114191237 0.65187790159025072 1.9546152322931871 253 231 67 0.27512971232565059 52 658 39 92 33 71 90 591 99 604 84 573 93 585 51 1307 13 1000
1912 -0.26650588748904591 0.92021072380887114 1.8735368024928256 124 137 169 0.20086875784067096 98 136 39 103 33 82
1913 0.66310333688926726 1.4113009774064562 1.9396971871378257 207 147 77 0.45995186581327785 98 148 39 120 33 103 90 614 99 643 84 848 93 877 20 250
1914 0.66031067015792377 1.4159951822870922 1.9395620987045519 207 147 77 0.17304620461992881 98 149 39 121 33 104
1915 0.25301593723534704 1.2129849015298426 2.129116915682487 50 21 0 0.43700758792875827 52 85 39 135 33 116
1916 1.3790219592432182 1.4987687571791029 2.6541936687596634 101 90 69 0.38920526852469628 94 184 39 174 33 146
1917 -0.48742235124299854 1.1340703495612039 2.1636988430409669 96 69 14 0.34089312675446942 94 343 39 175 34 255 45 78
1918 -0.41001522679809665 1.1843755925844712 2.146490682183563 100 89 25 0.13375768855173512 52 192 39 177 53 385
1919 0.29956092817710966 1.8489935917031677 2.1585509167768686 70 65 56 0.12824777290050182 52 810 33 914
1920 2.3803615091788775 2.3086609242758396 2.8290847994104529 132 122 99 2.5238171657622392 98 310 39 229 33 257
1921 0.20466885424245396 1.7574707991075096 2.2688554359991788 24 30 43 0.090274706025027088 94 433 39 290
1922 0.28404305751908615 1.8010589453095025 2.2519187155866081 47 56 77 1.5734548444129981 52 376 39 292 33 291 99 742 84 738 75 146 30 192 45 111
1923 0.37228822835792763 1.9045028564555413 2.1877565635337142 226 208 171 0.87220912317407717 52 828 39 293
1924 0.080741848092964391 1.6969632408001338 2.305287751031464 24 30 44 0.14562225872093618 52 391 39 311 33 316 90 280 99 263 20 330 78 291
1925 -0.017355437707718812 1.6495988398860277 2.3060444507672582 8 7 8 0.053430194494339341 52 390 39 317 90 277 99 253 84 231 93 258
1926 -0.44028371544940909 1.1724523797370732 2.7176468221046077 6 5 7 2.2839822921502742 39 330 99 164 18 139
1927 -0.53165221568791865 1.3732207007360662 2.4088448047465785 55 60 80 0.19294826431950918 52 407 39 344 33 344
1928 0.14169132919421032 1.7677939243068539 2.3472223508849424 34 35 46 0.22538345010075617 52 421 39 347 33 351 90 346 84 331
1929 -0.63874430354152434 1.3497376996071475 2.4517233157247404 56 65 87 0.14895251715534008 52 437 39 372 78 104
1930 -0.65368610921809711 1.3713033829172097 2.5071379883211082 19 20 26 0.26583274657211697 52 473 39 393 33 768 90 369 84 249 99 293 20 322 78 290
1932 -0.54013539863568194 1.4540557724125607 2.5225021516629655 57 65 89 0.095872094453657256 52 485 39 402 75 202
1933 -0.64364115696974478 1.4107509298800036 2.5384792043484046 54 62 84 0.034902212099828502 52 492 39 409 90 399
1934 -0.10314544934492008 1.9481068894314015 2.3163662271334453 27 20 18 0.16015768078809348 98 854 39 426 33 422
1935 -0.71978070961582452 1.6859072152379662 2.431741843503286 29 20 17 0.36999449499819748 52 591 39 481 33 478
1937 -1.1442280965321887 1.5533042822943035 2.6315673395936341 54 36 29 0.22691837137771229 98 596 39 524 33 514
1938 0.72799028970931523 1.1123383918196066 1.1336615062329847 178 152 56 0.16289508593138943 98 934 39 531 33 522
1939 0.5999637523780349 1.0701931977159787 1.3488835816018063 116 92 23 0.57806853326237484 52 924 39 543 33 530 90 9
1940 0.63916638179824259 0.69664572334679831 1.7709577290413563 241 207 74 0.28414250106658645 52 919 39 549 33 535 90 554 99 13 93 7 13 971 75 287
1941 0.57531150711041068 0.69682045607757004 1.7869491345629875 245 211 76 0.18757724778530319 52 923 39 550 33 536 90 556 99 580 84 14 93 562
1942 -0.2974896529675764 0.82428355337358983 1.8272647277894107 254 206 53 0.28095518564277683 52 652 39 587 33 582 90 587 84 38 99 606
1943 -0.25523000303679472 0.97527055230326842 1.8817817491503346 18 18 25 0.1420355451174021 98 676 39 601 33 597
1944 0.056845184722127365 0.96601582202528868 2.076174247553177 42 30 7 1.9840935443965406 98 982 39 605 33 601 90 599 99 53 84 62
1945 0.17696617417309779 1.1452687878837671 2.0813322896421194 169 139 49 0.41384798559781438 94 1050 39 613 34 525
1946 0.53969085659555605 1.4163506410895492 2.0529243356727909 75 47 7 0.24421203526533647 52 685 39 626 33 626 84 628 99 654 93 640 13 811 77 75 20 439
1947 0.47150915496232504 1.4925629378299756 2.2033030100530402 112 91 23 0.14654797450537718 52 713 39 647 33 643 90 652 99 682 78 392
1948 1.3832698629324467 1.892606076525829 2.3470277698005715 240 223 185 0.52134328721947754 98 1003 39 655 33 653
1949 -0.75593489887201171 1.1015775673051125 2.4324460717985832 65 74 102 0.41617636975909233 98 812 39 693 33 690
1950 -0.40409135631881898 0.63943325791595207 3.292452831496036 57 37 25 0.37458611918303808 52 749 39 698 33 689 30 700
1951 -0.61890947130836826 1.3633714180530005 2.4679997833256828 19 24 35 0.17082194790398023 52 853 39 751 33 751
1952 -0.68232597678086548 1.33668937528163 2.4809431188560622 19 24 35 0.15763092547755664 52 855 39 753 90 740 99 245 84 205 13 416 20 299 78 279
1953 -0.88629720735988904 1.5683175205027822 2.6133863698492545 139 140 126 0.41626165683150995 52 1097 39 797 33 984 10 228
1954 -1.0860699483541623 1.4872871073211689 2.6610710999911769 173 169 148 0.45321826254275072 98 1105 39 805 33 805 34 1067 30 764 75 477
1955 -0.27486695328716776 0.57951742085011948 1.9052442690692641 224 175 46 1.2328867332008591 98 1128 39 824 33 834 49 513
1956 0.93558434436871074 1.5357679417154555 1.349864883113695 102 89 26 0.2787439212178292 52 640 39 828 33 838 90 829 99 851 84 830 93 852 13 787
1957 0.16009797600402895 1.151721272118857 1.690052039305127 151 127 54 1.3174542497496617 46 614 39 836 33 849
1958 0.48656238656683126 0.92146476836427027 2.1435553968033383 2 1 0 0.23616764629620227 98 664 39 840 33 590
1959 -0.62442611993448049 0.72094838400766614 1.9886317288804318 18 16 21 0.22196975691437212 98 983 39 841 33 858
1960 0.2398220105151859 1.3838425947304762 2.001934987911584 10 11 14 0.054357238414886308 52 982 39 861 33 872 90 871 99 884
1961 -0.26733835208156104 1.0033912955581701 2.233968884904828 253 216 61 0.24870883336043431 52 979 39 866 33 879 90 868 99 879 84 852 93 874 13 793
1962 -0.36634737221233954 1.153961078493186 2.1250474876461216 251 216 62 0.15683463747232371 52 1146 39 875 33 886 90 882 99 893 84 864 93 888 13 1341
1963 0.65208584059293284 2.2404413157771383 2.0697819919371887 32 20 16 0.26390245742581847 52 1054 39 916 33 933 90 955 99 1081 34 870 30 479 10 899
1964 0.77456756786455982 1.2821146925794344 1.5319918252640616 1 1 0 0.26316486814821727 98 1124 39 976 33 996
1965 0.69805257331881443 1.3046319079831488 1.4873797624525236 1 1 0 1.6656406969957431 98 1125 39 977 33 997 84 1084 99 1197 93 1092 13 120
1966 -0.18470809297462973 0.70377394545120764 2.100825908792689 1 0 0 0.14625759115926892 98 134 39 986
1967 0.49486257598593164 1.3654897320133392 1.7520917479399587 104 90 25 0.23016111827851668 98 1134 39 990 33 1068 78 540 20 613
1968 0.42888375443618193 1.2946625805484895 1.8518495752525606 98 73 16 0.84923143898469566 52 1125 98 1139 39 991 33 1070 90 1028
1969 -0.28492286677137973 1.0472897766961127 2.2379528573433971 46 27 2 0.42676076815334463 52 1208 39 1001 33 1022 90 1095 99 1214 84 1190 93 1256
1970 -0.48493950505736821 0.61093041983078089 2.6661757768976737 114 125 152 0.20356007395140682 22 1289 98 1244 39 1002 33 1021
1971 -0.15987804624038063 1.3319272900458081 2.1838613143332481 46 40 44 0.77184496611765729 52 1004 39 1008 33 1082
1972 0.1703387312098246 1.7218855235044965 2.2325664577534545 54 60 81 0.35539679764360121 98 1172 39 1018 90 1104 33 1090 99 1224 84 1197 93 1235 10 1036
1975 -0.6046746103299403 1.2768745241747106 2.4397018908814094 12 11 12 0.92900327225811996 98 1287 39 1066 33 1091 75 763
1976 1.0505623577525893 2.4514221472803803 1.966159443755499 50 34 28 0.83594138614498825 52 1224 39 1069 33 1094 90 1112 99 1231 84 1209 93 1261 13 1565 77 820 30 469 34 571 20 648 43 598 64 611
1977 -0.56821574996816093 1.2959471197262316 2.6868060448080189 42 47 63 0.10537915150145057 94 1322 39 1078
1978 -1.0547195637458964 1.5756547890791164 2.6140029748740781 79 54 41 0.27960610404650454 52 1234 39 1083 33 1111 90 1119 99 1191 84 1174
1979 0.19545407428595576 1.0534943816961519 2.1809074041077432 187 152 41 0.37798328657766511 52 1298 39 1121 33 1142 90 1181 99 1310 84 1277
1980 0.58078356888424165 0.93622449062572599 1.4584839790793607 129 111 45 0.82730670297179199 98 1330 39 1141 33 1155
1981 0.50750290105611928 2.1594554842123435 2.1819523166876684 51 36 31 0.75359244815445936 52 1304 39 1151 33 1164 90 1193 84 1267 10 1121 3 911 20 697 43 658 64 671
1982 0.37839653697288034 0.84901618665708223 2.3114256240676392 16 13 10 1.1070250787941582 98 1346 39 1162 33 1175 52 1319
1983 -0.052004815026509867 1.1679679665866141 2.0626210287243585 131 95 20 1.7932404728140625 52 1327 39 1163 33 1178 90 1218 99 1329 84 1298 77 865 75 843 53 808 10 1132
1984 0.22817064174295015 1.841604827636246 2.3750019464861052 5 4 4 1.5388338484730955 46 1195 22 1190 94 1120 98 1041 39 920 8 468 51 933 22 893 46 868 94 880 98 818 52 851 33 935 90 762 99 1036 84 1008 93 1000 13 1239 34 880 75 588 53 586
1985 0.62181403113291001 1.2016499180055698 1.6032684566789164 140 122 44 0.24280885483415593 51 1301 52 1112 39 978 46 1364 22 1357 94 1298 98 1229 33 998 90 824 99 603 84 40
1986 0.63881551743244736 1.0887259784900623 1.2354405373144526 145 129 45 0.62065296245810853 39 22 33 18 34 809
1988 0.36357565548115472 1.2314160695313847 1.540620639204421 22 26 38 0.22999366412376479 39 73 52 648 33 61
1989 0.18853917615601709 1.0831110740526555 1.8452766714407622 127 83 10 0.4367686546821607 39 102 33 81 34 53
1990 0.063135572067474485 0.96259951186149162 2.0213972081316527 8 6 8 0.019740931931414653 39 108 33 88 90 597
1992 -0.24203763000715828 1.057761052092125 2.2348468650890525 105 84 21 0.14150731050332638 52 109 33 135 90 90 99 83 84 92 93 113 13 184
1993 0.57570827909063527 1.570596671478502 2.2388533720881507 77 80 95 0.0670667208092149 52 191 33 158 90 137
1994 0.7618568790103678 1.4982256189815926 2.4226335688290788 1 2 5 1.5630564953507857 39 183 52 162 33 159
1995 1.420011323871232 1.9179685432531264 2.2758669228129063 0 0 0 0.011003302737508391 98 214 33 162
1996 0.25440818155498668 1.7617978713063576 2.1475350399507875 47 51 67 0.26368484537484116 39 217 33 206
1997 0.41200695838791673 1.8016916796714926 2.182400147469894 109 98 76 1.6824600727872905 52 284 33 217 99 722 90 681 84 722
1998 0.7642413112133758 1.9225584949917716 2.3549086206087924 234 217 178 0.24707224066749228 39 269 33 258
1999 0.7642413112133758 1.9225584949917716 2.3549086206087924 234 217 178 0.24707224066749228 39 270 33 259
2000 0.26540183023402447 1.7851162669090022 2.2505032798481395 23 27 37 0.10071290858962979 52 358 33 278 84 264 93 285
2001 0.20607352936230028 1.7558570658317658 2.2716054384018514 24 30 42 0.11038087278256505 39 291 52 368 33 290 90 270 99 267 84 263 13 533
2003 0.13983879615483522 1.7262180719099565 2.2859249727662001 23 28 41 0.10317753828624696 39 306 33 304 90 279 99 265 93 276
2004 0.2259037570228167 1.7758366730933079 2.2866789882545286 57 64 87 0.091660568674289539 52 384 33 311 90 290 84 278
2005 0.048194916305497749 1.7027393735295406 2.2737734956158286 20 26 38 0.030927807477151414 39 312 33 317
2007 0.20275766337256193 1.7972599084529102 2.3280827966057096 39 37 48 0.057628509298883662 39 345 33 348 90 342
2008 0.48196960699797198 2.121804376577364 2.1628431800391095 36 25 18 0.51512079761131502 39 369 33 369 90 419 99 507 84 480
2009 -0.65088692417715077 1.3934990231150617 2.5012339518884672 60 68 93 0.10231757399306568 39 395 33 384
2012 -0.59021263247106248 1.4384937196715297 2.5562178410754286 27 32 45 0.28403259968614653 98 530 33 401 90 410 99 375 84 323 93 270
2013 -0.84665734501367318 1.0995945565884035 2.9583837466148455 78 80 73 0.30086011444361532 39 774 33 408 34 764
2014 -0.5363475134216833 1.7138783381163638 2.4355072723886235 34 26 23 0.58400045250965604 39 452 52 873 94 1165 33 443 90 501 99 548 84 497 93 493
2015 -0.55265738562684097 1.744601592578281 2.3998661338644269 76 54 42 0.28992961201346412 39 458 33 451 90 508
2017 -1.0629864220877894 1.5569207141577777 2.600155231086525 54 37 30 0.33168955527885952 39 522 33 512
2019 0.68361533776684158 1.1200672222479846 1.4221249261148308 122 103 32 0.57166672405711261 39 553 52 928 33 538
2020 0.67580736658783125 1.2726238480335339 1.5593328644541753 93 73 18 0.63535201663043583 52 638 33 563 90 825 99 846 84 1087 51 1026 93 1093 13 1310 77 673
2021 0.78043012126295397 1.4712760380213554 1.4046203530740597 1 1 0 0.51406482234851891 52 647 33 567 90 833 99 857 84 831 10 477 77 285 49 561 43 490
2022 0.19820411402143145 1.1297333626765504 1.8458333820719939 140 90 13 0.60718105989208637 39 597 33 593 34 491 30 77 75 61 53 73 45 53 80 49 2 60
2023 0.19113742875783582 1.2521627416036076 1.7416771349488454 72 87 119 0.27448553721607249 39 600 52 664 33 598
2024 -0.59402298851366342 0.81507224658090749 2.0096836636325905 1 1 0 0.53748882884486915 39 603 33 600
2025 0.64531438873066915 1.4415315299129519 2.0018273368737849 164 138 111 0.36332579776852625 39 619 33 615 90 626 99 651 84 619 93 637 77 338 20 257 78 229
2028 0.47262348319833164 1.5133379399647668 2.2299221347628131 84 49 7 0.15131799861710749 39 648 52 714 33 645 90 656
2029 1.4323787931936034 1.9191025457038027 2.3214755460678291 238 221 183 0.5065438011250798 39 654 98 715 33 650 34 528
2030 -0.23274210775214327 1.3064629794384688 2.2103886626697919 93 71 14 0.33565599007569036 98 745 33 655 99 689 84 660 10 94 77 79
2031 0.17118984080118002 1.7036648222053097 2.2110224843751189 56 66 93 0.17282643803438769 39 692 52 792 33 695
2032 -0.047754879711251218 1.5632643427718709 2.3685545771144203 54 36 4 0.1234105922926152 39 702 33 701 90 701 99 725 84 715
2033 -0.28966989223314787 1.4739789943159005 2.3509528798864578 80 63 14 0.43256356840032356 39 705 33 703 10 548
2034 -0.1127110185372073 1.5376154944125451 2.3874458885797321 53 36 4 0.17727871532666784 39 706 33 704 90 705 99 727
2035 -0.38452391595340979 1.5644925763814699 2.1861483146336695 49 35 4 1.1015578243441566 39 709 33 707 90 714
2036 -0.67586757111348383 1.27888546374418 2.4082091387019808 6 5 6 0.052643626113526999 94 516 33 713
2037 -0.62137401809003712 1.3282750449080776 2.4010113339183365 25 30 42 0.17173750290900336 39 720 33 720 90 708
2038 0.67117724872125362 2.1842762548658459 2.0590390517261046 114 97 81 1.3942528147480846 39 715 46 835 33 721 34 596
2039 -0.11013245957557853 1.6187592852484025 2.428864259401478 51 40 29 1.2118136520536396 52 423 33 742 99 311 84 739 10 584 3 691 20 493
2040 -0.55830724631216067 1.3919839150677107 2.450447376244429 19 24 34 0.083159914740155536 52 438 94 524 33 744 90 324
2041 -2.4556394594097783 2.1655044480724071 -0.024784340255203891 19 24 34 1.0825967736986359 39 226 33 745
2042 -0.3992249164489749 1.4884619026914703 2.4244969573530262 8 7 7 0.077329688798048885 39 742 33 746 90 742 84 250 99 282
2043 -0.1591161742212153 1.5804496933492784 2.4780848671059688 46 37 28 0.50983270241402778 39 746 33 747 49 213
2044 -0.29573494783569948 1.5369762915767156 2.494749865038786 42 34 27 0.55708027802012083 39 754 33 758 99 749 10 580
2045 -0.14011475008826368 1.634254155197739 2.4879809534631887 5 4 3 0.74433933774700323 39 756 33 763 49 239
2046 0.26305656197454713 1.964304647911727 2.3315461161877344 204 189 155 1.0661992862116161 39 757 33 769 90 963 99 1076 93 1181 84 1053 10 872 49 751
2048 0.58841359535065463 1.0027188363798398 1.4319966083454791 127 99 26 0.97105731961568975 39 545 33 823 34 817 98 41 80 355
2049 0.37246496417017372 0.80083483624401142 2.1092585546860878 242 206 72 0.15720701703127823 39 835 33 847 90 589 99 608 52 943 84 576 93 591
2050 -0.23579214194311107 0.87519812689863807 1.8781384498839411 23 23 30 0.086367301264455729 52 1118 33 852 90 1022
2051 -0.32590892652125092 0.96988428987879538 2.2596522125789145 254 220 73 0.34413043184366165 39 633 33 880 90 869 99 1138 13 1325
2052 0.23960544314209051 1.3871191540706185 2.2154953228089602 51 49 57 0.55700428992502982 39 883 33 893 90 650
2053 -0.053087609940010209 1.3385726078336713 2.1467024070544269 83 68 18 0.43308111067591731 52 716 33 894 90 651
2054 0.31140378019261195 1.7979103202836306 2.1983331995908211 3 2 3 0.16896509515887559 39 899 33 910
2056 0.70009682129172912 2.1283676031266792 2.2267032334154293 112 91 77 0.23038571071945879 39 727 33 930 90 939
2059 -0.58975070711473532 1.3792115264859715 2.4522785089928223 55 66 93 0.37892341039509675 39 922 33 937 90 918 52 1051 99 960 84 926 77 574 75 592 53 584 10 544 3 431
2060 -0.27724684380740411 1.4972291274295424 2.651372580891421 55 51 45 1.1730971739186666 39 761 94 1134 33 943
2062 -0.19561745902256533 1.7656466491616112 2.427488617540984 4 6 6 0.59491650846796029 39 936 33 954 90 974 10 635
2063 -0.85450843552382028 1.3054743793646821 2.752726120654013 116 118 108 2.5056982119904756 98 1209 33 969 90 968
2065 0.40736362684702265 1.0566564637359455 1.5140848395438014 235 204 73 0.56390383367742114 39 821 33 993 13 1509 93 1083
2067 0.49243052214406619 1.5543950125172414 2.2707850490871508 118 95 22 1.2904013481003775 39 1009 33 1029 90 1099 94 1312
2068 0.33021166824117937 1.5394433652810469 2.2004031260303654 6 5 4 0.80744171043630253 39 888 33 1031 75 670
2069 -0.26345083158810384 1.3148944012128592 2.2347987932924491 107 97 28 0.28521107877335466 39 1010 33 1032 90 1051 99 1218 84 1132 77 696 75 672 53 648 10 961 3 782 20 623 43 516 64 533 78 555
2070 -0.022841102038731655 1.5707114033745304 2.3244662199505042 78 64 15 0.47939042391115205 39 1020 33 1037 90 1059 93 936 99 943
2071 -0.028044682224713721 1.5999320905767889 2.3780448652553803 77 67 17 0.099934597850341242 39 1026 33 1041 90 1065
2074 -0.26391081754958579 0.93650568412773172 1.8493205749872472 128 139 172 0.39830523112120408 39 1053 98 1237 33 1064
2075 -0.46035545835373548 0.95343055350068473 2.3781659164474211 224 181 59 0.30464380977590672 39 1061 52 1213 33 1081 90 1041 99 1141 84 624 93 878
2076 -0.19401993190662079 1.3386336010564917 2.2156208323658104 110 100 29 0.48062348937395472 39 1063 33 1084 99 1217 77 799
2077 -0.19778343700164036 1.3406673802743776 2.2142866256136413 110 100 29 0.1827132431690113 39 1064 33 1085 75 731 53 708
2078 0.16986905346528583 1.721852741373834 2.2325690791572432 53 60 81 0.37783771045345155 39 1017 52 1217 33 1089 90 1105 99 1225 84 1198 93 1236 13 1532 75 572
2080 -0.69336566310136905 1.3438252094302965 2.3937358576355261 50 58 78 0.14821168167543811 39 1070 33 1095
2082 0.46162743574568599 2.2191128903663713 2.109613156387089 37 25 21 0.12788119744126944 39 1075 33 1102 90 1114 99 1234 84 1211 93 1242
2083 0.39639089785709186 2.1922851858708698 2.1281985897470705 36 25 21 0.26020614080795312 39 1079 33 1103 90 1115 84 1213
2084 -0.81440055384333643 1.3546649644916562 2.552425550040534 81 84 79 1.4382939545350801 39 1109 33 1104 90 1142 52 1289 84 1231
2085 -0.92654048032080893 1.6264825262510751 2.5836649761468768 81 56 42 0.17708168841528243 52 1232 33 1109 90 1117 99 1190 84 1173
2086 -0.98984298052851238 1.6000973516140919 2.59789400219986 101 69 52 0.39774828688651437 39 1082 52 1233 33 1110 90 1118 99 1189 84 1172
2087 6.6689676405495328 0.36982102218328539 6.9275158296955768 0 0 0 0.98423059074691932 22 643 39 1101
2088 -0.72964716509922012 1.216336268359411 2.6299980466420569 84 86 78 1.109735186715715 39 1131 33 1130 90 1164
2089 -0.62031789866859888 0.87942759802868564 2.8884023178118032 225 208 166 1.2784084604559631 39 1125 33 1146 90 1138
2090 -0.37450299401910842 1.8097364368521984 2.453681674210197 40 30 27 0.25872367819106534 39 1137 33 1152 90 1173 49 1218
2091 0.5830814187276383 1.2515484550221248 1.6577465945037166 128 91 31 0.64271765979801021 39 1148 52 1297 33 1160 90 1178 99 1291
2092 -0.39800936902941592 0.65210281950613858 2.0900804480319204 1 0 0 1.8640800114572769 39 1118 33 1161 84 1257 99 1268 93 1249
2093 0.1843400451384718 1.6939797832667649 2.2169961859046867 57 67 92 0.62487917857586661 39 1158 33 1170 90 1203
2094 -0.6453759663098354 1.6791333003191458 2.6533615745023313 53 37 30 0.097235049338989576 39 1167 33 1186
2095 -0.31378271054419082 0.74551214122383735 2.1485881378931917 14 14 17 1.7126467309738793 39 1178 33 1195 20 729 78 664 18 1097
2096 -0.31233600716817173 0.74614564226106761 2.1210054637142379 0 0 0 1.4620007897455169 39 1179 33 1196 90 1216 99 1327 84 1296 93 1325
2097 -0.28250643649984919 1.698958903027429 2.5262281427142543 9 9 8 0.61567016483261239 94 1150 98 1080 39 944 33 959 8 1221 51 1443 52 1175 90 1072 84 1152 13 1420
2098 0.4974035407026311 1.4834451189195048 2.1708587780186539 62 40 5 0.36606504123322164 46 183 22 779 94 721 98 711 33 642 39 641 52 996 90 887 99 679 84 877 20 454 64 434 43 434 78 247
2099 -0.59307992029177647 1.3969919465206291 2.4697860951870143 32 37 50 0.37786103630728968 39 1071 52 1225 94 1323 98 1253 33 1098 90 1108 99 1227 84 1201 93 1233 10 974 3 795
2100 -0.65088087293757013 0.93843020973157409 2.1891575431768424 9 10 15 0.18818532217325359 51 294 52 125 33 634 39 870 94 315 90 89 99 74 84 85
2101 1.16705913339301 2.2630479895112252 2.3052115053175637 61 57 47 2.3678109048371034 52 385 22 405 94 391
2102 0.84611829124007631 1.3844229105519723 1.1874560161060317 178 141 37 0.029500447810187111 98 45 90 16
2103 -0.12546001805489748 0.53802399673223322 2.0012502414766828 7 7 2 0.025238325014409875 52 33 90 21
2104 0.41755716875657395 1.2895620800931724 1.8873721353216268 152 107 37 0.22868386154358425 52 70 90 60 99 58
2105 0.62799861842633142 1.4073961049817849 1.9343900257171145 1 1 2 0.20001123748912991 52 80 90 68 99 644 84 614 93 630 13 799 20 249
2106 0.33788586621767569 1.324483544507991 1.9522422845333989 109 87 22 0.26571865718546706 39 124 90 73 99 70
2107 -0.24394794314831092 1.060009218553893 2.2305264198433106 102 82 21 0.18210289554836587 52 110 90 91 99 84 93 114 13 185 51 259
2108 1.7121343290454702 1.4808373764397145 2.6396695996240389 151 105 81 0.34178274932683383 33 134 90 93 99 92 84 105 13 815
2109 1.5871533680450376 1.4220622108658274 2.6823033368318483 156 109 84 0.62254965186508082 52 682 90 100 99 98 84 642 93 647 13 1067 21 1075 29 949
2110 1.6410680726523301 1.500888039863943 2.6563652952437806 65 38 23 0.31024382928332433 39 162 90 104 99 104 84 112
2111 1.3489202114800325 1.4412120163264766 2.6961004096179129 52 34 23 0.32621290701208683 52 108 90 114 99 115 51 175 84 119 93 660 77 113
2112 1.2839961778593623 1.4152121918159126 2.7119051790552451 47 28 17 0.20113529932044583 52 115 90 116 84 118 13 825
2114 0.56959728135957743 1.5385940386523063 2.1847451361086536 72 76 94 0.086679869388284023 39 170 52 163 90 124
2115 0.74089387131147977 1.5231732977382852 2.2928297920846248 235 218 178 1.8468677681043038 52 706 90 129 99 909 84 1130 93 1136
2116 0.27168688078917952 1.4028602537200177 2.2733205350326258 12 16 26 0.081250229091112833 39 181 52 184 90 131 99 123 84 127
2117 0.27184564404578615 1.4027373854199678 2.2732566035447017 12 16 26 0.073608814456449762 39 182 90 132 99 124 84 128
2118 1.5502837163784895 1.8577098917197632 2.4046197280732846 236 218 182 0.29055306778783319 52 171 90 142 99 698 84 691 93 728 13 1194 51 1130 77 157
2119 0.078892217296886405 1.6974076423548705 2.3043234887968125 24 28 40 0.19475272510637315 51 548 52 392 90 281 99 264 84 251 93 273 13 519 77 424 10 189 3 149 20 331 43 311 64 314
2120 -0.55528508793095854 1.3906669054501317 2.4541884411191108 18 21 29 0.14825175002338981 52 439 94 525 90 325 99 237 84 210
2121 -0.52594531249406085 1.4285221544919111 2.4703866042268974 29 26 8 0.17847649403458216 52 461 90 357 84 240 99 287
2122 -0.52594531249406085 1.4285221544919111 2.4703866042268974 29 26 8 0.17847649403458216 52 462 90 358 99 288 84 241
2123 0.88445779672003155 2.2966456690217263 2.0455139829395672 85 59 50 0.076982014973813462 52 422 90 381 99 497 84 478
2125 0.24018974803934401 1.8884280769793405 2.3302812776725141 6 6 6 0.12394125590072401 52 456 90 391
2126 1.1166566139879592 2.5074904360355208 1.9283347147669279 33 22 19 0.3785553990526857 52 446 90 412 84 518 93 556 43 365 78 334
2127 -0.55844132129515167 1.469024638478049 2.5848197828936854 26 29 41 0.087261946421933023 33 405 90 428 99 410 84 362
2128 0.43048293415514632 2.1479844012003935 2.1260959816369103 110 79 68 0.090250697608244182 52 484 90 438 99 520
2129 -0.74542844577187262 1.3646544284381812 2.762950634703452 108 109 101 0.022950565421956625 52 534 90 458
2130 -0.4061152890531779 1.6600805577579267 2.5408347905859419 6 7 8 0.1387584106062924 39 434 90 474
2132 -0.87431122351089763 1.4608954046666511 2.7126511603197181 82 83 74 0.10686515124945836 52 585 90 513 99 530 84 482
2133 -1.0402967120876467 1.4602052680999267 2.7094785151868619 96 96 85 0.05281988044440273 52 901 90 535 99 563
2134 -1.1338998717167508 1.5581295287811623 2.6303470377105693 52 35 28 0.080906674926993882 52 602 90 541 84 532
2135 0.59576798801075415 0.72154935978500723 1.7859474199053547 116 99 32 0.14345171623493744 39 551 90 557 93 563
2136 -0.20433202908511264 0.80143576098510683 1.8261226252499658 164 119 23 0.10902190494107461 52 645 90 581 99 598
2137 0.15191305670224697 1.2552154102040198 1.7922650407781184 91 109 146 0.18686058554766358 52 962 90 606 99 56 84 601
2138 -0.18846099326844526 0.63383352263129411 2.5097160189835872 253 242 77 0.073295805872130637 52 963 90 607 99 625
2139 0.56686204555226127 1.4513818639318812 2.0495551739456217 115 95 25 0.17053685926690507 52 88 90 629 84 630
2140 0.73788932517049588 1.7669413358269721 2.4677697620075127 109 97 75 0.011218672433701527 52 771 90 678
2141 0.82858948671797628 1.875289275940119 2.3773672744943535 113 103 81 0.11951925036670048 94 800 90 687 84 724
2143 0.2234270910100529 1.9010473027395045 2.0738390681938514 220 200 162 0.91062168262430598 52 1031 90 724
2144 -0.71919175280804448 1.1227428625757534 2.9259559644524038 120 120 111 0.063158026948548551 52 859 90 751 99 244 84 204
2146 0.78041429209627222 2.2189968492453596 2.0921339649998898 233 217 179 0.10079973886796462 52 1043 90 763 99 1063
2148 0.3205030387348114 1.0717345946960999 1.4918312238582376 235 203 71 0.51546727850948171 52 1109 90 811
2149 -0.62006723396775765 0.7189142863708925 1.990001410011152 17 15 17 0.13357322325180923 51 795 90 839 99 856 84 826 93 593 13 760
2150 0.049232341291748777 0.93339546211254976 2.0255092077259196 30 22 9 0.30239044571462931 52 956 90 841 99 617 84 585 33 1007
2151 0.2786559237286263 1.4001103130467458 2.0002288700361008 109 92 29 0.30854687207026626 52 693 90 875 84 858
2152 0.54457338007925937 1.6752483079332376 2.2839534339108831 236 214 172 1.1013537582602377 52 1007 90 894 99 1153 84 1134
2153 0.87061916440631404 1.7324345299650346 2.5240094487207156 235 215 172 0.015942801287137778 52 1009 90 898
2154 -0.076183181938804842 1.5408236179895523 2.3690909722368163 83 68 16 0.40631312616990856 33 917 90 902 99 945 84 917
2155 -0.68025673763377636 1.3649638406093945 2.5072904149542179 58 64 85 0.32973368991385454 33 770 90 929 99 740 84 729 93 747 13 852 77 577 43 289
2157 0.39096788537002086 2.0217944146898463 2.2946685078652154 222 207 171 0.28177749135811375 52 1062 90 957 99 1073 84 1051
2158 0.69255090214349824 2.28580714956674 2.0547179285141541 106 76 65 0.55439705077420198 52 1058 90 960 49 1129
2159 0.69309618805516815 2.288342471442312 2.0536436768073174 106 76 65 0.54621346616007538 52 1059 90 961 99 1181 84 1164 49 1130
2160 -0.694882958208907 1.4352287023077126 2.6141156930393588 2 2 3 0.074664334004560351 52 1078 90 970 99 1042 84 1005 93 959 13 1213
2161 -0.85063003379819713 1.228518914785085 2.8945045682262189 122 124 116 0.11858493176384617 33 973 90 971 99 1027 84 986
2162 -0.62256618248521678 1.6356803347469886 2.5007038539731195 73 53 43 0.29362086945843624 39 956 52 1179 90 991 84 1057
2163 -0.47748961205913765 0.67852766261262165 1.9103345333934345 254 233 77 0.29244035936382179 52 1243 90 1018 99 1196 84 1076
2164 0.18982913834270146 1.2035346112093963 1.8189020505998013 96 88 28 0.25859872068800249 33 1009 90 1027 99 1129 84 1099
2165 0.13253400900154641 1.4099675460434424 2.0577829089420554 12 11 13 0.22218595141101805 52 1144 90 1044 75 663 53 706
2167 0.4652997411915844 1.6495859538691704 2.2726745445574599 234 212 171 1.5274322875832962 94 322 90 1052 99 1154 84 1136 52 751 93 1229
2168 0.39541804415619763 1.7511283816395644 2.1745239899096314 233 211 170 0.58767069656725779 90 1054 99 1156
2169 0.75540784001819372 1.0433778241102754 1.2672671029318119 147 129 38 0.42213143746715759 52 1190 90 1084 99 1192 84 1175
2171 0.11319151411268855 1.6429081985575145 2.2108187344630457 44 52 72 0.28698249130046188 33 1088 90 1102 99 1256 84 1227 93 1230
2172 -0.59221679223922641 1.3969458609144008 2.470989141449158 48 57 77 0.49947131557837832 39 1072 52 1226 90 1109 99 1228 84 1202 93 1234 10 975 49 927 3 796
2173 0.17662726317807242 1.7964601585320867 2.3506095253552992 43 48 65 0.59593082110176188 22 1313 90 1110 99 1230 84 1205 93 1239 13 1536
2174 -0.8750167269580339 1.0886457053186978 2.9913047575409872 1 1 1 0.28174981354719958 52 1228 90 1111 84 1142
2175 0.092439679546969675 0.8805662443537885 1.9943664156118825 20 17 16 0.33616938100280119 52 1244 90 1128 78 615
2176 0.071479637495535958 0.89440578520152902 1.9665106234931597 20 17 16 0.095687608395309001 52 1245 90 1129 99 1243
2177 -0.23662834551852649 0.65677257112361387 2.4609805618900173 212 157 34 0.56942769667570325 52 1273 90 1131 99 1205 84 1186 93 1097
2179 0.2097059424967028 1.3320433484445939 1.983510499871681 103 90 25 0.87512251333388102 52 1276 90 1136 99 1252
2180 -0.5711166817483756 1.6753948206165763 2.4791787314052258 71 50 40 0.60942103350186805 84 1234 75 743 53 728
2181 0.74370872365339169 1.5593787435828916 2.2932944444324943 136 122 98 1.3630211975457684 90 1161 99 1274 84 1263 93 1309
2183 1.1616576367330658 2.3958569359121547 2.0273267803911126 121 111 91 1.4699404762612367 52 1285 90 1166 30 991 45 764 80 810 2 818
2184 -0.27854270950597421 0.91114770466458428 2.312562327844927 255 220 68 1.0614379240124678 52 1299 90 1183 99 1295 84 1260 93 1304 13 1608 20 704 43 643 64 652
2185 -0.49116505275423417 0.95433660904524897 2.3283557536394963 200 151 43 0.35841587071045944 52 1277 90 1184 99 1297 84 1278 93 1306 13 1590
2186 0.31477965193637225 0.9050913383287239 2.208612039981694 0 0 0 0.63846905999786174 52 1307 90 1197 99 1309 51 1607 84 1276
2187 0.38867320778299058 1.5847271231487459 2.3134779910877548 8 7 7 0.79829493633374915 52 1311 90 1202 99 1311 84 1280 77 867
2188 0.099173624554268966 1.3159173967073363 2.1386157309207037 47 41 43 1.2643007864225675 33 1180 90 1209 20 715 78 654
2189 0.9569570966803832 0.77381978895907555 1.4670377260306127 153 133 46 1.1116127591779394 33 1187 52 1332 90 1213
2190 -0.04107015124091571 1.1511271346299556 2.0780434922874345 146 103 19 1.5872658460580233 52 1326 90 1217 99 1328 84 1297 20 714
2192 0.25201497492746316 1.8455640991370736 2.325956184451921 8 8 7 0.81058950107049565 39 913 33 926 90 753 8 462 59 827 51 931
2193 0.62814621205695131 1.1223385145596703 1.2563198992398796 127 106 31 0.92070938889123333 22 1238 94 1185 98 1114 90 798 39 29 33 528
2194 -0.022857850811159507 1.8090712968631688 2.4351284773790116 2 4 4 0.47575897627243185 98 1191 39 1031 33 1050 90 1069 51 1433 52 1074 84 1151 13 1254 93 1168 77 636
2195 0.57554590727941135 0.78519331265397152 1.7338102724089459 143 154 183 0.1167514654206511 90 559 99 18 84 16 93 12
2196 0.62051003355117196 1.2585513953194096 1.5842943232680307 85 94 117 0.4229095811240563 90 34 99 41 84 45 20 21
2197 0.59391097125267933 1.297650645550628 1.5525716489006027 21 25 35 0.17822107816655908 90 38 99 45 84 47 93 70
2198 0.61893689881313474 1.4428000679536686 2.0667762275881469 6 6 7 0.75601755601287579 90 86 99 90 93 892
2199 1.6639055697920135 1.4501840390955962 2.6770460030807861 150 102 78 0.063518508143680943 90 97 99 91 84 104
2200 1.703295829626412 1.5259082413477243 2.6328264478045305 73 49 33 0.21095055627882436 94 156 99 105 84 113 93 146
2202 0.23897601927490594 1.2884232098063013 2.4114848741133326 71 73 84 1.6374197796554579 52 179 99 117 84 117
2203 0.57889546548149851 1.5605625716693738 2.3238989173870936 117 86 22 0.19774960262855998 90 146 99 134 84 136
2204 -0.56287569062782072 1.1371638345921558 2.4565626211814706 26 17 9 0.19683443016527391 51 420 90 180 99 137 84 133
2205 0.60400119744341896 1.6858850845553826 2.4997032701045496 226 205 163 0.035050966239858719 59 305 99 186 84 186 51 432
2206 -0.65030704494090708 1.287552585086488 2.4876802701360217 47 49 63 0.55209137357076721 90 289 99 195 84 709
2207 2.9227197759779533 1.6128286457886289 4.6170822558408569 125 115 93 0.91760879607016199 51 201 99 242
2208 -0.68276910316478512 1.3364773923822797 2.4809226490958944 19 22 32 0.14880976477929389 90 741 99 246 84 206 93 190 13 417 77 121 20 300 43 282 64 114 78 280
2209 -0.78502471900516912 1.0975060205684477 2.9403974333838399 130 131 122 0.097219380326545521 90 755 99 249 84 215 93 178
2210 -0.72297865886265955 1.1558899449384772 2.9033914648173074 71 73 65 0.1883883563168971 22 557 99 262
2211 -0.65296215054863149 1.3723677865368726 2.5047490134463999 30 26 17 0.055112933768013329 90 368 99 292 84 248
2212 -0.61908946085612881 1.4010665747321356 2.5355866169825489 20 24 35 0.063164318877445294 90 385 99 322 84 281
2213 -0.5536668655266721 1.4304486453399998 2.5207440274957773 22 25 36 0.024437999993117243 52 478 99 324
2214 0.14790730118078352 1.7655431045246155 2.3576197172447482 33 32 40 0.067122939683654681 90 345 99 350 84 330
2215 -0.55592089227944708 1.4672203120857454 2.5911460039141003 26 27 39 0.020408568283488665 90 427 99 409
2216 7.0042217995651823 1.6354067771567289 9.0477960346085418 125 116 94 3.1077502739225276 52 411 99 447
2217 -0.67329733930983682 0.7663847293560152 1.5801145472483062 0 0 0 3.5975270093647698 22 148 46 83
2218 0.4925819448840339 2.0978495722303951 2.1881186530015477 222 206 169 0.040345839990147146 90 407 99 496 84 771
2219 0.72840951303818779 2.2780451096245016 2.0691157751775635 105 75 64 0.12028239155627296 22 461 99 518 84 493 93 551 13 962
2220 0.76558789281142448 2.3249162235656202 1.9922299342230958 155 108 83 0.22527377236194179 51 954 98 402 99 522
2221 0.66993231451109314 2.2704898255670991 2.0588620248542115 110 80 69 0.27178815743125856 90 424 99 525 84 502 77 257
2222 0.5992629297171832 2.2457111044365115 2.0647462107780106 108 78 67 0.056222664352318069 90 433 99 528 84 500
2224 -0.5415193444597689 1.7416980904214621 2.4185630870266133 74 54 43 0.22556149044683593 90 507 99 558 84 514 93 513 13 928
2226 -0.49820042883707322 1.7909050270939941 2.4265640075062516 22 15 15 0.24678813275995862 8 570 99 571 84 527 93 541 13 695 20 214
2227 -0.93827822208646405 1.5845437156129638 2.6444222545977452 169 135 119 1.2296090222497953 90 540 84 529 53 285
2228 -0.62553779003494281 0.61450776471125435 1.9734665641575799 127 103 26 0.094385999129566314 51 776 99 600 84 569
2229 0.0618503896918371 0.96407980353052847 2.0221012803825564 6 6 8 0.22380944562223462 52 661 99 621 84 586
2231 0.64846822562048279 1.438404849223456 2.0067775959197478 196 166 141 0.31188324816953644 90 625 99 650 84 618 77 337 20 256 78 228
2233 0.20235896114413282 1.3499047889235736 2.0656283084504787 49 25 1 0.09051794211208504 90 877 99 660 84 633
2234 1.3348159556179096 1.5710927012391553 2.6120282191105142 233 217 180 0.42072083625551954 51 1076 99 686 84 664 93 909 13 1102 77 379 20 320 43 159
2235 0.4769511792054496 1.5123729326990571 2.2326568008044831 81 44 6 0.21261758440051209 51 863 90 657 99 687 84 663 77 349
2237 -0.61968820712260519 1.3648532181364592 2.4639399201193712 19 23 35 0.14426392186486198 90 737 99 733 84 207 93 196 13 422 77 122 64 116 20 305
2238 -0.68026456961683457 1.3662150588171347 2.5101372262755417 60 65 86 0.4539144675227903 33 771 99 741 84 730 43 290 78 293
2240 0.73459228950162303 2.3004389072413227 2.0277370360385971 107 77 67 0.37993522940061825 90 767 99 788 84 788 93 808 13 1277 10 750 49 1044 3 325
2241 -0.73024851272319524 1.6726614637665995 2.4474978170194199 105 72 53 0.063048182310300613 90 785 99 799 84 794
2242 0.6182941513301965 1.0895543746410359 1.2687734656670684 11 8 8 0.23772219051794558 51 1000 90 797 99 813 84 806
2243 0.65384783972884408 1.2275245393248759 1.2210260017331114 142 123 34 0.35769955708412626 51 1012 99 816 84 544 13 78 93 23
2245 1.0257783274337657 1.5490082102425426 1.2837118207424809 249 215 70 0.06044060110020729 90 822 99 845 84 823
2246 0.80281035110810262 1.4748910607223782 1.3764075649507412 101 90 26 0.33995346523451997 52 39 99 849 84 583 93 607 10 783 49 558
2247 -0.58807454136369119 0.72848426873591787 1.9671931371263369 106 92 27 0.56995892549499394 51 1037 99 852 84 824 93 836 13 1013 77 510 10 452 49 523 3 347 20 420 43 379 64 372
2248 0.44942470459358236 1.2418844899791146 1.8308077891667325 153 128 45 0.10688733299371649 52 1120 99 868 84 593
2250 1.6238883360479299 1.5775412608460397 2.5729343862430918 226 211 173 0.081631264999340369 51 1051 99 902 84 875
2251 0.17813587287540367 1.6656753599150063 2.1581902871416423 53 58 76 0.16378945796266955 90 897 99 934 84 903 93 928
2252 0.17578065403577456 1.7029002427758537 2.2153711982303328 54 65 91 0.23565376975194807 90 686 99 946 84 921 93 946 77 581
2254 -0.1502776119644994 1.5267285703908362 2.3761127285165133 85 70 16 0.38067789623558324 52 819 99 949 84 920
2255 -0.81347964920448301 1.0897645648725851 2.9534394884527488 85 90 85 0.41354197082583988 33 949 99 965
2256 -0.81251381128236666 1.2721043836192016 2.5944623589593183 69 73 68 1.4385724410402174 52 1060 99 971 84 941 90 937
2257 -0.81409121704481713 1.1741177205568529 2.9392606615277486 130 133 126 0.060096151057846901 90 958 99 992 84 961
2258 -0.7957589050039785 1.2683989102810886 2.8387419505307285 131 133 126 0.0554576157855333 51 1407 99 1024 84 981
2259 1.1894031185612921 2.2919625026308825 2.0952740821497247 234 219 183 0.11556292469260653 90 728 99 1035 84 1025
2261 0.14027588041807459 1.8126886394000699 2.4017731606524828 2 2 4 0.10566837405801233 51 1241 99 1041 84 1022
2262 0.43203374483244461 1.9684266398783044 2.3448479062186691 217 201 164 0.14865626256474759 90 945 99 1054 84 1042
2263 0.3692065360163555 1.9414075921861991 2.3659700753756487 214 197 159 0.26035727245693119 90 946 99 1058
2264 0.33592807647975548 1.9923350523855767 2.3252985216990836 215 199 162 0.19463968387199429 90 959 99 1075 84 1050
2265 -0.47298670917110563 1.7375956173048597 2.4427289415869202 27 21 19 0.42677439544111251 90 992 99 1097 84 1066 93 1055 49 959 10 623
2266 -0.13682651710905736 0.50677936660292544 2.0349463709985733 247 193 45 0.27871025326714416 90 1012 99 1108 84 1071
2267 -0.64886686415812056 0.70140108393944356 2.0347810447673567 109 100 35 0.64713063662755832 51 799 90 1026 99 1126 84 829 20 550 77 513 43 383 64 374 78 477
2268 0.55472113485688324 1.4534639386417305 2.0847147786678746 117 94 25 0.094344286640646133 52 981 99 1143 84 1122
2270 -0.52728026612387924 1.7674751819586307 2.4082379738663193 64 42 32 0.31615178337273142 90 1077 99 1185 84 1167 93 1188 49 1113
2271 -0.83377421618565561 1.6395802022940598 2.5457577562507159 112 74 51 0.32569360466302594 90 1080 99 1187 84 1169 93 1185 77 644
2272 -0.2923354168056676 0.89002505176967084 1.9475286727665462 0 0 0 0.43007159770232023 52 1247 90 1090 99 1204 84 1184
2273 0.14176684477721077 0.84706806411884628 2.3652738315835187 254 227 75 0.44462075785574923 51 1543 99 1209 84 1188
2274 0.36138119895624593 1.7165789379812455 2.2091719273775778 23 19 16 1.3921713093669026 90 1101 99 1222 84 1195 77 769
2275 -0.84728567551414569 1.5030287143557335 2.6479735691280872 144 148 143 0.86824764981975799 51 1531 99 1232 84 1208 77 721
2276 0.62348245223679311 0.70644493934104502 1.7970885312241214 142 124 42 0.43270599781657876 90 1147 99 1265 84 1237 93 1262 13 1566
2277 0.61270625151096758 0.71757548178200647 1.7798203379669384 142 124 42 0.60726236502122355 90 1148 99 1266 84 1238 93 1263 13 1567 8 1334
2278 0.13812030281938639 1.3961074060321585 2.2774810134062689 88 69 14 1.4275493125905454 33 1162 39 1150 84 1262 77 856
2279 -0.62854417712832 1.204689256931178 2.5447254554144623 17 19 20 0.75062003094055019 90 1191 99 1300 84 1265
2280 -0.5797492139164051 1.2294604651976264 2.463208644166925 25 19 9 1.4139868373196001 90 1225 99 1330 84 1299 93 1316 13 1615
2281 -0.65570902223473027 1.4687281957533787 2.6233471493461753 2 2 4 0.28962182097782191 46 1235 22 1217 94 1161 98 872 52 1080 39 949 33 963 90 976 99 1056 59 1120 51 1255 84 1024
2282 0.61412891002332815 2.2432310415562231 2.0771501318435388 101 69 52 0.57476097699195627 26 771 89 984 41 827 8 949 95 727 61 608 59 1099 68 671 46 846 22 890 94 472 52 477 90 432 99 527 8 790 51 955 84 499 93 805 13 961 72 578 21 965 10 393 96 497
2283 -1.0589627463980329 1.4548097228096704 2.7058113449327146 70 72 67 0.48232285638483607 68 800 22 604 98 593 52 599 99 567 51 977 90 536 7 648
2285 0.588617704866786 1.5839842330707121 2.2804686985758948 58 61 75 1.4481844630742577 59 1418 51 1581 99 1276 46 1435 22 1414 94 1348 98 1278 52 1280 33 1125 90 1162 84 1244 93 1274 93 1275
2286 0.74226070331699101 1.8473098991045034 2.411564757082179 234 215 172 0.3101490837478883 89 1107 41 947 97 972 8 1039 24 873 61 865 59 1219 51 1358 68 929 22 1100 46 1115 94 820 99 957 52 1017 90 695 84 939 13 1397 93 1159
2287 -0.58996810829169122 1.37992539425123 2.4532747819490837 55 66 93 0.27356008252631592 39 921 33 936 90 917 52 1050 99 959 94 1135 98 1063 84 925 93 934 77 573 20 478 78 417 43 444 64 446 3 430 10 543 75 591
2288 1.1255699092246874 2.5294396068149387 1.9528758578701246 87 86 81 0.52421568833077115 98 797 52 856 39 721 33 733 90 769 99 1100 39 911 33 931 90 962 84 1068 93 1076 13 966 77 735 30 163 75 577 53 580 45 401 20 607 43 553 64 562 78 525
2289 0.066594880373670118 1.0293049662122677 2.1415162525944216 41 31 5 0.28569851724059847 59 1450 51 1548 22 1409 99 1247 52 1250 90 1133 84 1220 93 1253 13 1557 77 752
2290 0.75478358418754865 2.2487288055072985 2.136700458496319 91 65 54 1.8278237907341206 41 1234 97 1276 8 1326 24 1117 46 1474 22 1449 94 1383 98 1309 52 1288 39 1127 33 1148 90 1192 34 1190
2291 -0.40613648134387431 0.60639909464946806 1.9429294905467729 174 130 42 0.16322251891092088 99 595 84 24 93 29
2292 -0.36483073290032475 0.64582117055804933 1.9255033625514923 253 212 59 0.19602780189233332 99 28 84 28 93 35 13 748
2293 -0.29125560139457313 0.81509622589732778 1.8450115472406605 244 190 48 0.1363758757874963 99 607 84 39 93 589 13 758
2294 -0.66177510513632365 0.66715363556866647 1.9594622008546427 110 98 35 0.074815776401362541 99 609 84 41 20 15
2295 -0.36338797078037327 0.55544927841830283 2.3702314222198613 4 4 5 0.23067489463959875 99 47 84 51 93 595
2296 0.22461526752395766 1.328363952152837 1.9632771924563606 137 101 35 0.060712649776289138 99 76 84 90
2297 1.2129062125581858 1.274795446596058 2.7529521771269261 38 19 10 0.18642307637433034 99 96 84 102 13 196
2298 1.2073415421147753 1.2784262232115566 2.7427286663125474 38 19 10 0.23425923787300526 99 97 84 103 13 197 51 152
2299 1.5214940282554381 1.3986597257362345 2.7004418774777119 157 108 83 0.27495778648207969 90 101 84 107 13 808 10 153 49 630
2300 1.2255942081449762 1.3356798166475159 2.7129180907980661 147 98 70 0.32380705426235235 99 667 84 111 93 648 10 140 49 945 13 1063
2301 -0.3282981346582961 1.2879372258921351 2.3767853794710465 76 66 16 0.077820165453975923 90 190 99 145 84 141
2302 -0.010946274353917268 1.4252945167761248 2.2927565317322438 79 63 14 0.13052998897936455 98 342 99 144 84 142
2303 0.16870366265318143 1.7357497732185809 2.1343794449857927 24 25 32 0.048872208601440009 99 200 84 188
2304 -0.55837965212928997 1.3949132448175738 2.4411823626950957 18 19 27 0.066721761745817523 99 236 84 209 93 201 13 428 77 126
2305 0.11295982351153212 1.6915296454674507 2.2684641664390677 35 30 15 0.23537217529470517 99 223 84 218 93 254 64 140
2306 0.10802664978023736 1.6948370839322158 2.2552592676424004 35 30 15 0.064772469123994134 99 224 84 219 93 253
2307 0.30861663574314074 1.7856566007905925 2.229704889804434 49 54 76 0.11186361338731041 99 240 84 227 93 274 13 528 77 159
2308 1.0670851185728112 2.024708704400302 2.2744774541857082 116 107 86 0.021389324123347143 99 243 84 259
2309 0.1836627618150739 1.7676230103242694 2.2283163809017403 22 25 35 0.05632224838575825 99 266 84 262
2310 0.95163342536793383 1.9699068097217931 2.3282842167949052 121 112 91 0.10734474505152368 90 234 99 251 84 265
2311 0.16249080004716865 1.7546541217105336 2.2577500364179581 65 70 92 0.02542641219685465 99 277 84 266
2312 0.75719292963409957 1.887852341806153 2.3862801430737295 116 104 79 0.022538102035799742 99 256 84 268 93 316
2313 -0.56152995581092802 1.4381332879955546 2.4951111107671244 19 21 31 0.035637744290185007 99 325 84 283 93 251
2314 0.81790282100515088 2.1626332201360352 2.152190281336098 232 217 181 0.02542744617522532 99 444 84 428
2315 0.58106568769786482 2.0513351584825443 2.257650419518539 228 212 177 0.014058506752718164 99 457 84 434
2316 0.3232668184236025 1.9417550667765335 2.3371150189767111 210 195 158 0.071000807096696109 99 465 84 446 93 463
2317 0.65913980544180117 2.1167960113197535 2.2188310128587072 236 220 180 0.15569266633088721 99 471 84 450 93 784
2318 0.17715880411876284 1.9065601641013354 2.3448035492749 11 12 14 0.11468096407341097 99 487 84 453 93 461 13 653
2319 0.9928208979843629 2.2900136608820763 2.0785538468533833 232 217 183 0.14139384834718199 99 472 84 466 93 796 13 949
2320 1.1636643947298979 2.3845632311813563 2.0208029964655192 122 115 95 0.033146713613271844 99 479 84 468 93 547 13 958
2321 -0.29389572981123907 1.7151222579782535 2.4899455194665823 5 6 7 0.040987099418161345 99 506 84 469 93 440
2322 -0.47590358678412803 1.6354328316085947 2.5536952910758117 4 6 8 0.022321592746257949 99 513 84 470 93 425
2323 0.23202165940901659 1.9658187289741789 2.3267598783637156 199 185 153 0.16121284103692654 99 783 84 473 93 780
2324 0.84940861378475074 2.2700158174392424 2.0755002961292734 108 76 65 0.18826271225154981 99 493 84 475 93 800
2325 -0.87992104982375929 1.4679481980053002 2.6865296088887338 79 79 71 0.12752075315496544 99 529 84 481 13 587
2327 -1.0918105219478058 1.5672321776503717 2.5731116563601324 163 128 112 0.18447490638723318 99 806 84 530 93 526 13 666
2328 0.73751724969469579 0.77853764340035547 1.5490653474538612 80 97 133 0.035344618149887722 99 576 84 536
2329 0.74280553703023455 0.95973942813440072 1.8407990975331998 160 132 48 0.055505043906961905 99 596 84 563 93 43
2330 0.73899639457404409 0.91229349369834867 1.9167322952597714 2 1 0 0.75175161421113046 59 1327 99 27 84 564
2331 -0.22490752727513552 0.8158307350524916 1.8284296598359187 253 224 64 0.28711027849795012 99 35 84 572 93 588 13 1006
2333 0.56976495655972359 1.1868938137674925 1.6555634469630489 1 1 0 0.27709842104989524 99 847 84 578 13 1022
2334 0.3683483039784996 1.2316417743769823 1.5457812443381631 19 20 28 0.067082596317019433 99 610 84 580 13 779
2335 0.57613278648970234 1.2148104098448347 1.6545910168162326 148 124 34 0.12440442211251229 99 848 84 582 13 776
2336 0.45981473019494934 1.2656755428517621 1.7050415791453768 152 113 41 0.07572874567140471 99 618 84 587 13 140
2337 -0.42707136901068465 0.69283200623533892 2.427649735773139 128 90 17 0.53456118165118627 99 630 84 597 93 86
2338 0.34689657156265891 1.2730771073796636 1.9265288768002222 153 120 39 0.15401085008296875 99 636 84 607 93 100 13 794
2339 -0.3123715122755531 1.0366821269185345 2.3081393324070794 80 85 106 0.99148169285607446 90 637 93 881 13 1339
2340 1.3269260054577114 1.2755045416108521 2.7321693676814562 117 85 70 0.31473135773809618 99 658 84 632 93 642 13 1058 21 1064 10 552 49 940
2341 1.24892572561523 1.3038260484872033 2.7156020006186643 40 19 11 0.42517301698906879 99 661 84 639 93 645 13 804 77 93 21 522 10 556 49 618 3 142 20 93 43 119
2342 1.244948763691978 1.3079689859067472 2.706587135107283 40 19 11 0.262699884933707 99 662 84 640 93 646 13 805 77 94 10 557 49 619
2343 1.3710684581308499 1.3972578730308942 2.7134977403957166 105 75 63 0.03727547120832822 99 670 84 646 77 102
2344 0.22523813830024339 1.4829437411472524 2.0092638888311902 17 20 32 0.05842962069137151 99 677 84 649 93 147
2346 1.157936883671608 1.3645452428431717 2.7503770427360119 46 30 22 0.14267409354121144 99 676 84 653 93 659
2347 -0.10928429255070116 1.29394442820622 2.2630322971454362 4 3 1 0.72870560156337727 99 122 84 654 93 905 13 829
2348 0.47530003616746619 1.4903317701264711 2.2070162518498937 114 92 23 0.068751241154470275 99 683 84 656 93 663 13 833
2349 0.47754262397588365 1.4885596869295579 2.2125648642263114 114 92 23 0.070133883832079677 90 653 84 657 13 834 93 664
2350 0.23598498869223078 1.3424228485562113 2.3694317827715037 50 51 62 0.14293319231477025 90 890 99 684 84 659
2351 0.45174114299158202 1.5228608275514579 2.2661970313809845 110 88 20 0.11516936761481016 99 912 84 670 77 559 93 681 10 824 3 677
2352 0.46087641992879502 1.5400868840662978 2.3010069555159895 55 25 1 0.043876141489596822 99 136 84 678 77 354
2353 -0.46276710090922563 1.2331817136873215 2.3815627600155329 7 6 1 0.073358951103450878 99 143 84 679 49 130
2354 0.25795477341306122 1.9500105863015993 1.3964751856532502 235 217 177 1.5437880567122448 99 694 84 685
2355 0.5945433833705509 1.5791721388453528 2.3640393759875158 32 31 36 0.11065501122286421 99 699 84 688 77 570
2356 1.4986815175932351 1.9192891338646982 2.3477785009999708 237 220 185 0.39097406112807342 99 705 84 695 93 933 13 1381
2358 0.24825386919951767 1.8843235838488221 2.0584601899856358 3 3 4 1.5939911737936587 99 739 84 734 13 889
2359 -0.60982209933074105 1.8843008346824262 1.4314747084029786 41 33 25 1.6328881664596402 99 748 84 742
2360 0.48241960490309455 2.0774820276305332 2.2340303879172358 221 205 170 0.10662220602095362 99 777 84 770 93 787
2361 0.44092779412215588 2.1027941300419424 2.196827209590837 95 67 58 0.20016278944563756 99 785 84 777 93 792 13 1273 51 1442
2362 0.038873120580428369 1.9841644011534567 2.2350869791011458 86 60 47 0.49056149720387826 99 1090 84 787 93 1067 13 1271 51 1459
2363 -0.10524743852872649 1.9009752380758809 2.357121486410493 96 104 102 0.31677995250376351 46 1330 84 789 75 213
2364 0.85971909637441668 0.76795131682669115 1.4624727958317896 2 2 1 1.8702330185108724 99 810 84 802 93 1077 13 1280
2365 -0.58939808844532482 0.73037935206754812 1.9586167656850457 105 93 27 0.44487317521337738 99 853 84 825 93 837 10 453 49 524 3 348
2366 -0.25049093499418101 0.97698717346148578 1.8767746166797505 22 15 17 0.0094390318573405584 99 865 84 835 93 848
2367 -0.63041304385635721 0.92942001719832579 2.1457417551147429 74 90 123 0.25054854617767314 99 878 84 847 93 867 13 1042
2370 1.3028494076124739 1.4801725298306372 2.6718280053534111 213 195 155 0.18023421987831548 99 908 84 879 93 1140 77 571
2371 -0.71958652769809062 1.2075619846036947 2.5656943511392689 126 125 115 0.45331592801776327 99 1158 84 907 93 918
2372 1.2791835234974556 1.9300388789880523 2.3439245717225807 236 218 177 0.038306568115357702 99 933 84 909
2373 -0.58374161194470309 1.3447616703408853 2.394755740925075 51 57 77 0.093880211522900256 99 718 84 910 93 726
2374 1.1347730150721835 1.9217761317883397 2.3269403780620515 138 124 96 0.73866520179141526 99 940 84 916 20 494
2375 -0.84109199417461356 1.3450864189025942 2.5237757375722261 124 126 120 1.0128528836989463 90 952 99 989 84 955
2376 0.69807644225182719 1.9470447403934033 2.3664655464078299 231 214 176 0.060246236576204287 99 990 84 976
2377 0.49075819190036396 1.8710592741810734 2.4034509711731267 217 199 159 0.031274482494436914 99 1002 84 989
2378 0.65876920890601109 2.0004165596696186 2.3208261955358003 229 212 174 0.099999686531955748 99 1019 84 1013 93 1022
2379 1.2452098043824984 2.3195873304517716 2.0654259898447394 233 216 182 0.038063883323911224 99 1032 84 1023
2380 0.86488027591709515 2.1594032190657413 2.1881808417028887 232 216 180 0.031533198635192008 90 919 84 1031
2381 -0.36966724730576972 0.76156072767140293 1.8281535617454474 253 234 73 0.082112681550345332 99 1116 84 1077 93 829
2382 -0.17740650066919669 0.80586519663111988 1.8324304858695593 152 114 25 0.72115243782317351 51 1491 84 1078 93 1207 13 1510
2383 -0.24083846892571578 0.88225763203419083 1.8648138372186178 22 19 24 0.32092901099625454 99 1122 84 1088 93 1090 77 512 49 863 3 620 10 773 43 380 64 373
2385 -0.39567790343534537 0.72723713961922076 2.5238985972305916 10 11 15 1.9196757845722989 99 1133 84 1107 93 1219 13 1316
2386 -0.13450040872030439 1.211375898146382 2.0574852787724249 250 207 63 0.29758510325086135 90 1038 84 1119 93 882
2388 0.78616078794546584 2.1501579180833055 2.179021335201202 229 211 171 0.2716806485341538 99 1164 84 1144 93 1183
2389 -0.70233670311546792 1.5196472825972633 2.5880958283413582 48 54 52 0.17902775311815425 99 1179 84 1149 93 1165 13 1401
2390 1.0760513344247713 2.335197292024592 2.0487820634665175 229 212 174 0.04051611172681617 99 1167 84 1157 93 1191
2393 -0.65376866808416689 1.3242299986872745 2.4427571912581207 43 50 71 0.49231775249523074 90 1106 99 1223 84 1196 93 1228 13 1360
2394 -0.70630941043177364 1.3535273482271977 2.5050501547901063 49 50 65 0.43783626620342525 99 1160 84 1200 93 1232 13 1374 51 1520
2395 -0.18031323267571822 1.0454035619264828 2.0468345839927933 112 95 26 0.28998519561685049 99 1248 84 1221 93 1254
2396 -0.70078017984803387 1.7164581618308512 2.4572114156310656 46 32 27 0.40073402086762844 99 1263 84 1236 93 1260 13 1541 51 1534
2397 0.37873479803124105 1.4639760083073403 2.2437247758243104 127 90 47 0.5695672247154081 99 1275 84 1243 77 857
2398 -0.45982840535885983 1.7841079519244185 2.4470507029505488 42 31 28 0.83514676909770935 99 1284 84 1252 93 1280 10 1077 49 1216
2399 0.65413312070495799 1.3100241350505379 1.9860299972707449 140 103 37 0.4105683279676009 99 1294 84 1259 93 1305 13 1609
2400 0.29515153152274082 0.92322105766663254 2.1712584245575335 0 0 0 0.67769058285785511 99 1308 84 1275 13 1588
2401 0.76486475427145739 0.83544852986705487 1.7461773777511058 12 12 14 1.3490678679808312 99 1317 84 1285 77 871
2402 -0.56962322034675716 0.79736790269755897 2.1400418252747633 107 90 25 2.0388541524672261 99 1318 84 1286 20 722 78 652
2403 -0.78613814983843788 1.1296554181126752 2.7146694911505911 133 132 123 2.1526336001226984 99 1319 84 1287 93 1293
2404 0.52911342400960959 1.1648229593742445 1.6343684330821966 120 87 21 1.1241515393339336 99 1333 84 1301 93 1331
2406 -0.26009377026683478 0.57271947044016602 1.9213071488081832 127 117 39 1.164012249979957 99 1194 84 1180 13 1568 93 1246 52 1263
2407 -0.71231743890652455 1.621134776763723 2.5408976451268019 40 29 27 1.554112060989294 39 478 33 470 90 514 99 551 84 496 84 503 46 1415 51 1468 22 1348 59 1383 8 1232 68 1291 94 1171 98 1096 52 883 39 785 33 477 90 518 99 555 89 1288 93 472 93 770 13 1253 34 1126 30 923 21 1047
2408 0.096983086736224036 1.7455511556968573 2.3802483053786236 54 64 88 1.2247856399364005 94 1360 98 1251 52 1257 39 1108 33 1129 90 1141 84 1248 33 1147 90 1165 13 1564 77 836 30 908 75 738 53 666 49 1207 3 897
2409 -0.52961056320193345 1.7615890995763217 2.5082330256466276 45 31 26 1.3508105265954915 98 1367 99 1331 84 1290 33 1194 52 1330 90 1221 93 1327
2410 1.605075301155938 1.534503725499742 2.6453348593481896 227 210 170 0.25364652865397042 99 905 84 874 93 1135 77 368
2411 1.1242503058390994 2.2655914591242707 2.1147339059080652 233 218 182 0.038997362188814666 99 1037 84 1027
2412 -0.43527376358646991 0.59780340210144045 1.9551873545099268 171 119 24 0.10600933323924029 84 26 93 30 13 39
2413 1.4621925433433172 1.0638311070505428 1.9194525442038479 2 1 1 0.77947397340069791 8 24 93 50
2414 0.70313682655194742 1.3780750080647455 1.3007880083092263 255 218 53 0.46024111719197791 84 35 99 30 93 54 13 115 77 269 49 63 20 5
2415 0.70162379667255081 1.3773409028526564 1.3029316923568706 255 218 53 0.28900754974767034 84 36 93 55 49 64
2416 0.83339930632765835 1.4906856209916399 1.3848606179395428 2 2 1 0.2827553735756958 99 46 93 77 13 146
2417 0.045746583283719638 1.0525853042695783 2.1611672536912208 7 4 0 0.21402204866548782 99 63 93 96 13 157
2418 0.54870120537357747 1.3690617625172441 1.9788229994461215 107 84 26 0.22809976390003331 90 71 93 116 13 190
2419 -0.37461920523288267 1.0862545765844573 2.1711920975200001 89 90 107 0.31020661987482806 84 94 93 117 13 1054
2420 0.27378115066801539 1.3737970022669312 2.0088822385643188 120 98 25 0.19324435461222675 51 277 93 126 13 214
2421 1.4007737736615586 1.3164733098594692 2.7394294764762654 167 112 84 0.19378865282565014 84 638 93 131 10 137
2422 0.55699636190194923 1.5169913014496705 2.1994484239152499 53 31 5 0.91527971275136022 84 125 99 119 93 154 13 832 77 347 10 539
2423 -0.24573268812058793 1.3392470386861191 2.3421369965724708 82 72 19 0.20035307622851192 84 687 99 149 93 161
2424 -0.62050489664790975 1.3667211365734748 2.458110342045583 23 26 38 0.094478596530782236 84 208 93 197 13 423 77 123
2425 -0.49268756182449575 1.4221938241453318 2.4319890828419739 22 24 35 0.18864561058906934 84 217 93 207 77 378 10 124 20 310 43 286 64 287 78 424
2426 1.4316996206744883 1.9582564775927498 2.2957527549338028 126 116 95 0.11603807818668789 84 161 93 224 13 474
2427 -0.8098833632453466 1.3701621334283451 2.4348543745239342 122 124 116 0.079328478447745793 93 228 13 855
2428 0.26384948787186024 1.7472924435295165 2.184011398357049 28 30 40 0.021118732048772536 84 191 93 248
2429 -0.31960538065445809 1.4999782907540953 2.4956531120258028 38 28 21 0.14885904055974511 52 447 93 252 49 185
2430 1.116389985819868 1.9371971689574528 2.3230562118241309 113 101 74 0.27971849872929916 99 184 93 269 13 517 77 180 10 271
2432 -0.85261325701464663 1.3460429840457147 2.7857635496568847 119 122 115 0.11311662835447954 84 422 93 314
2433 1.0967658331777304 2.0067586482678363 2.2864992053196547 235 221 185 0.14134952935462175 99 216 93 317 13 874
2434 1.5716062601692482 1.7404562705387887 3.3502391289967832 226 208 165 1.5926317819103586 99 248 93 319
2435 -0.5224780175064383 1.7831930211694931 2.4017410517208928 72 51 40 0.11447406785253765 90 523 93 537 13 937
2436 1.0366979252285713 2.3278355111326148 2.0633270445478216 117 109 93 0.059100233966194515 99 486 93 543
2437 0.75682655908427476 0.76030701942428913 1.5724611142765532 83 101 138 0.33378808509952157 8 960 90 549 93 559
2439 -0.23987719376689132 0.96363147645324554 1.8455042736153935 204 206 228 0.34788615535193218 51 801 93 601 77 279 43 22 64 25 3 362
2440 -0.24597397691645681 0.83947869262811381 2.3374663238179751 129 88 18 0.2777619248701555 84 75 93 615 77 55
2441 -0.066328271696367055 0.99408437280609374 2.2179002508947994 254 230 60 1.5281044066884901 51 811 93 620 13 1041
2442 -0.091767987331220005 1.1167627323434546 2.0997858847905264 254 228 59 0.15376625618367817 84 84 93 623 13 1050 77 315
2443 1.2312429905993103 1.2382290824806821 2.7561847359214666 115 82 70 0.30422838775062144 84 634 93 641 13 1057 77 90 49 613
2444 -0.70029010520555612 1.1821210549727921 2.5404041485555164 118 112 100 0.41234601999885762 84 900 93 693 13 1131
2445 -0.87297419013695066 1.0962934293203075 2.9656732093511016 1 1 1 0.28357561231603079 84 728 93 737 77 144 78 327 20 163
2446 -0.70834029870927806 1.3910254771443882 2.5447395652122324 47 53 71 0.90365387419332732 51 1243 93 753 13 859 77 409 10 128 20 343 43 308 64 309 78 441
2447 -0.024026403230845417 0.96623276856652984 2.2317263433222414 69 61 55 0.45955558127749652 51 1050 93 862
2448 0.68265405790681677 1.4595227181741268 2.0648276718404377 1 1 1 0.97049968654817886 90 87 99 883 93 894
2449 1.4202199431314317 1.903592390791716 2.3402804677847966 235 220 182 0.34520440334947322 99 706 93 932 13 1378
2450 0.26255982944325695 1.8440928927247247 2.3351137798694812 3 3 3 0.23607886984325344 84 992 93 990 13 888
2451 0.48184716354471374 2.0867994333130278 2.1832664920110307 222 206 170 0.79427212346367804 51 1430 93 1064 13 1475 49 1001
2452 0.90444783319691058 2.2858409912159146 2.096886219670473 98 70 61 0.61732940346739296 99 776 93 1072 13 1497
2453 -0.56469373233956943 0.63379799735944686 1.9387824570491796 183 146 35 0.18421467529321475 84 1075 93 1085 13 1291
2454 -0.32923752014843388 0.97191219991551114 2.2510487477902563 254 224 64 0.21658754784431927 84 1112 93 1118 13 1324 49 889
2455 0.47786634111873022 1.744065110418086 2.4807880110484994 214 195 153 0.19198911479065178 93 1155 13 1533
2457 -0.10903396998481599 0.69437286149272237 1.8482933602718661 255 233 70 2.3346746485374927 99 1109 93 1202 18 832 57 872 17 956
2458 -0.052900201166051319 0.63758823155322752 1.9347804691125456 255 233 70 0.41599731890149588 99 1110 93 1203
2459 0.61044132879350776 1.3420637365228723 1.3200419689928005 105 93 27 0.58665354329621888 84 1079 93 1250 13 1308
2460 -0.44551313918431695 1.774160454811408 2.4652769914325448 44 32 28 1.55982725236978 99 1285 93 1281 13 1579 51 1588
2461 0.31361823301092306 1.6356332803680937 2.25363435187856 36 28 25 1.3917878725094932 52 1334 93 1326 13 1627
2462 -0.77689893235709351 1.5535248775109367 2.6046977529658268 104 112 110 0.82395166504889128 41 230 16 59 97 213 51 972 33 480 39 784 93 446 51 1463 39 1040 99 1091 90 998 84 782 13 1244 75 703
2463 -0.4997480238941322 1.7204845505716133 2.432441893513734 31 23 21 1.6910299158542159 90 496 99 543 84 490 93 487 22 1344 46 1411 94 1164 98 1093 13 1261 34 1053
2464 -0.016764799369977119 1.1606171169869712 2.1254090740715945 117 76 11 1.7654927281478507 89 1347 41 1183 97 1233 8 1283 24 1108 61 1105 54 1023 93 1223 68 1274 52 1207 90 1092 99 1211 84 1116 13 1525 87 999 70 984 42 966 91 970
2465 -0.9277742322124426 1.5367218238602809 2.6597688522426046 162 161 148 1.0796531278809707 33 506 90 791 93 774 99 568 84 519
2466 -0.30782758124426851 1.1866320186425778 2.1024516534700153 252 211 58 0.59512162335269359 8 1026 99 891 84 862 93 890 24 740 61 773 59 804 68 986 46 824 22 837 94 761 52 709 90 638 34 578
2467 0.90157578439360153 1.5396116823454462 1.3713612816486993 1 1 0 0.5894531404040968 52 1115 84 1094 93 1106 39 69 33 58 90 588 99 861 52 942 84 833 75 41 78 198 20 20
2470 0.85483018109510767 0.7949855534866429 1.3766295259945149 1 1 0 1.8904490285259543 93 1 13 2 43 206 64 208
2471 -0.025370538237303779 0.60701040145270668 1.9678354503948239 255 253 83 0.38463004604657425 59 886 13 19
2472 1.2207383640748948 1.088352707822547 1.6173166447660943 204 136 43 0.24409524941351399 51 698 93 27 13 51
2473 -0.66024127706131519 0.74823666325999949 1.9526005381944329 106 92 28 0.59397253584430698 93 56 13 100
2474 -0.36553719949292879 0.59895401935444925 2.4624024505155813 9 8 10 0.077389847904815151 93 74 13 107
2475 -0.63601554768388791 0.66744541666506707 2.2947485952098345 109 96 29 0.22035018699401926 13 113 77 298
2476 -0.66024076137843146 0.77176586611755127 2.1269597702317764 3 3 1 0.0023197699097661823 93 76 13 122
2477 0.8203239453671699 1.4991713045707782 1.3622663634359313 0 0 0 0.15347759273321912 93 78 13 147
2478 -0.35946357516344191 0.92959159125059465 2.2932765250261959 253 213 73 0.19590884449786086 52 95 99 71 13 160
2479 -0.37693324009786794 1.1778977501114825 2.136969041711327 105 72 12 0.155414145160371 93 127 13 210 49 108
2480 0.006219846050659914 1.3277608565253669 2.0750358415994827 94 74 28 0.29515566487368955 94 272 13 220 46 246
2482 0.57121509550729055 1.537264449944503 2.1835570895288354 79 80 97 0.15013389403746011 93 157 13 278 77 346 10 540
2483 0.74354660749397938 1.924380021563443 2.3487760296064915 0 0 0 0.041629991555285226 93 339 99 289
2484 -0.55866923691404624 1.3952217577355936 2.4409489621467562 30 35 51 0.061120080185525547 93 202 77 127
2485 -0.62594736760734282 1.407328019134092 2.5144430636746686 30 35 51 0.20860697801089148 93 249 13 464 77 140
2486 -0.39974107501993483 1.4868391032591528 2.4284801644979135 4 3 4 0.053428999652415904 93 240 13 467 77 137
2487 -0.054299664640917497 1.6362626635044435 2.3531177616852776 54 51 46 0.82615190359512058 52 1037 13 503
2488 1.0282771119612775 2.4413735775716296 1.931740364650814 36 19 15 0.13769163548390828 93 554 13 714 49 509
2490 1.2978762840348836 0.95857121070235474 1.7036585118929666 138 72 9 0.1081622999342019 51 682 93 568 13 732
2491 -0.73028210107648184 1.0245057575349172 2.4144904580576352 2 2 2 0.64424310564618337 93 137 13 812 20 449
2492 -0.12567699109779706 1.5336565041658394 2.3788751988946588 24 15 5 0.14728170434907747 94 872 13 854
2493 0.08728807997801892 1.6856515832933689 2.2728768577796115 61 68 90 0.004414490013152539 51 910 13 861
2494 0.77025052767847624 0.81114455321937518 1.5927868969870742 1 1 1 0.92278499037665362 97 45 13 970 41 42
2495 -0.61536132160862389 0.51366429714482842 2.0091933352703912 2 2 1 0.66482431464360658 41 1081 97 1117 13 984 72 382 95 308 21 385
2496 0.004045746788004758 0.7193026668895417 2.1313083997606759 254 244 65 0.19802791141993051 93 590 13 1007 77 280
2498 1.3929689398724916 1.5998448357471753 2.5858535638146671 231 215 179 0.28459709917081749 51 1075 93 910 13 1104
2499 1.1432541677224524 1.8649111692230758 2.3784479709664295 236 218 179 0.30377583077422643 93 945 13 1207 77 439
2500 -0.72367448168703241 1.397734849483075 2.587678562926087 4 4 4 0.066187244914189453 93 952 13 1211
2501 -0.26993638809699982 1.5585684895208873 2.5172466578469246 10 9 7 0.55728014815353966 22 1200 13 1214
2502 -0.36089693169020209 1.7007663494887819 2.4409025402708031 14 16 16 0.59873215058195317 93 1021 13 1247 49 640
2503 -0.17019391254047581 0.85303576175958451 1.8567855545669973 157 109 19 0.46310020385468836 93 834 13 1298 77 669 10 922 49 1056 3 751 64 503 43 489
2504 0.80526692316824167 1.7384944281045809 2.4601311123355236 239 219 175 0.43031392019762615 89 1077 93 1152 97 946 13 1383 41 922
2505 0.51746292601827082 1.7086628778224793 2.4243973597116288 141 123 93 1.8453704552968375 93 1153 13 1385 77 813 10 1102
2506 0.55912447586636349 1.7636935550164541 2.4739537746701656 216 197 155 0.23321285239878894 93 1156 13 1391 77 599
2508 0.23271964538103976 2.0295325694470083 2.1823466657281938 98 66 49 0.47297098050385833 46 1402 13 1478
2510 0.88854155051622175 2.2442920984919033 2.1146732297280604 229 214 178 0.34221004340917793 51 1421 93 1068 13 1488
2512 0.85962012002031851 0.73904990378486446 1.4092743935376382 0 0 0 1.8474355172477734 93 1283 13 1581 43 600 64 563
2513 0.68897839350379431 2.2332615142248167 2.1024277207514266 69 46 35 0.93513141118265453 84 1266 93 1298 13 1602 99 1303 51 1602 77 862 59 1473 49 1234 20 699 43 660 64 672 78 629 29 1156
2514 -0.6129419226428191 0.84456873368683438 2.1325481631099028 104 92 27 1.6138993476690797 93 1290 13 1607 77 847 64 676
2515 -0.55172368893257395 1.7411055635178168 2.5401299893915783 64 46 37 1.0491341785963419 22 1489 51 1627 13 1625
2516 0.097650058116600463 1.1202821138717813 2.1007695455978235 222 185 68 0.28750165344760187 8 869 24 696 61 698 54 667 13 167 59 738 51 819 68 614 46 727 22 729 94 177 98 171 99 66 93 99 87 668 70 615
2517 -0.52724463422176504 1.2485394175366551 2.3135716693366879 1 1 2 0.94253606244162635 68 749 46 1321 84 1133 13 274 22 464 94 443 63 800
2518 1.0368891364221395 1.9805382431189946 2.3122473547721296 229 215 177 0.1388638365279416 84 233 93 313 13 566 89 750 41 659 97 660 8 325 59 281 51 457
2519 -0.46347070768211135 1.6739051651186023 2.5308576936756411 70 79 79 0.34419843977438908 84 1058 93 1037 89 1292 41 1132 97 1174 8 1228 16 983 24 1121 61 1125 54 1032 59 1378 51 1457 46 1410 22 1343 94 1277 98 1206 52 1087 33 787 39 443 99 1088 13 1428 34 1052 86 997 21 1183
2520 -0.190810101459014 0.80081848459927096 1.8378099573327753 160 114 22 0.7524272789493941 26 299 89 504 41 394 95 13 24 553 61 557 54 267 13 757 68 1115 46 1043 22 1031 98 655 52 644 90 580 99 597
2521 1.7137659520662423 1.603569184618783 2.5885971118754014 237 220 183 0.44056017426257388 26 1133 41 903 97 928 16 1030 13 1084 51 809 99 113 84 116 93 665 91 1018 36 901 88 922 83 850
2522 -0.26056958028763771 1.1749544390225801 2.1253297692732853 58 53 48 0.69747348128026643 26 54 89 172 41 131 97 124 24 736 61 758 13 803 46 817 99 659 84 629 34 562
2523 -0.20259492638294377 1.3464004293181666 2.2444846386449311 100 91 26 1.2865802245511504 89 1046 41 882 97 907 8 1044 59 1366 51 1557 13 1576 22 1446 94 1396 98 1322 52 1302 39 1157 33 1169 90 1188 99 1299 84 1264 93 1291 77 866 30 992 75 833 53 796 45 805 80 884
2524 -0.51915461618692782 0.60294837024872583 1.9637000035916352 255 233 68 0.82114543858147282 26 780 89 989 41 834 97 861 8 1181 24 1030 61 1047 59 1348 68 1220 51 1300 13 992 52 1116 99 835 84 816 93 819 63 1083 87 854 70 894 42 889
2525 -0.57831903872750456 0.67000902677310969 1.9451315649627574 255 232 87 0.70628267253453914 59 1350 51 1306 13 1002 99 602 84 574 93 586 34 999
2527 -0.40121577017945731 1.748845175449685 2.4447997495408562 30 24 22 1.0802593944909262 89 1081 51 1462 46 1341 22 1218 46 1230 94 1162 98 869 52 1088 39 781 33 786 90 780 99 793 13 1263 89 928 41 790 16 576 95 596 21 500
2529 0.44134843855425848 2.0548772372020836 2.2576455087283249 219 204 167 0.33636845441698693 59 1288 51 1432 46 1190 22 1189 94 1119 98 1039 52 1057 90 954 13 1471 99 1175 84 1160 93 1187
2530 -0.011590920302146904 1.0898738433178634 2.1432326021124726 253 212 65 0.63199724431929694 24 1042 61 1046 54 944 13 1327 90 620 99 642 84 83 93 869
2532 0.31407289202119126 2.0032512414538424 2.2976061572990814 214 199 163 0.32469000110967255 26 902 89 1305 41 1147 97 1023 95 1083 13 1465 51 1435 22 1316 94 1127 98 1047 52 1065 93 1182 21 1080 29 947
2533 -0.66126388355411003 1.4088830189048136 2.5965648519841342 44 52 70 1.2256944882959402 93 1237 13 1530 46 1340 22 1337 98 1201 52 1258 59 1373 46 1477 22 1450 94 1384 33 1131 90 1143 99 1260 51 1522 84 1232 77 771 20 676 78 606
2534 0.25518894418822252 1.9333022455767008 2.2667142819996831 171 157 127 2.0167705168950705 52 1169 93 1170 13 1440 84 1145 99 1166 52 860 90 949 46 1192 22 1188 94 1118 98 1040
2535 0.10948107456974177 1.9097515844490631 2.3581402734053944 92 92 86 0.6909324277450013 26 861 89 1125 41 959 97 988 8 1136 16 760 95 836 24 974 61 962 54 839 59 1297 51 1256 68 1136 46 1206 22 912 94 900 98 832 39 764 33 776 93 1057 90 771 99 782 84 775 34 889 86 867 38 764 7 786 23 558 30 684 72 646 21 1074 29 701
2537 -0.39839715788867625 0.47043650937784715 1.9268130420201819 244 235 83 0.60298903235493284 46 585 34 37
2538 2.6107169861878461 1.2004056518482966 5.0746331326002654 135 3 1 2.2855311700095493 59 56 34 266
2539 0.069012066285781451 1.8644410653845933 2.4176857806036418 3 4 6 1.3108929274560679 68 721 34 299 86 489 26 522 16 426
2541 -0.73926422553144688 1.1729282102398801 2.7959507428765069 60 63 56 1.9009171815173644 22 553 34 379 30 331
2542 -0.64459628297280291 1.2350315128628964 2.8797461499795509 65 68 62 0.29022880287637048 98 535 34 385 30 339
2543 0.62307774868255983 0.75610254425338319 1.7334108465599465 1 1 1 0.66132688783386429 68 479 34 442 23 16 53 316 75 288
2544 0.62231614592583484 0.79141554161741023 1.9463405722428644 1 1 1 0.19804435764579456 68 834 34 451 30 415
2545 -0.23001468933636063 1.157269060532671 2.1262679654980285 248 207 58 0.12427701832331844 68 973 34 550 30 116 80 81
2546 -0.60554084034519728 1.1405994459017677 2.9061241313987609 100 100 92 0.18443839841133217 94 527 98 517 34 723
2548 -0.54200012983720425 0.6559860157500822 1.939612247369894 110 84 17 0.057062839539339903 68 961 34 837
2549 -0.40267562908516646 0.71357201987458108 3.2461028711088717 223 211 176 0.21108744183139674 68 1006 34 904 30 527
2550 -0.68872974516930241 1.2996143390964923 2.7015577337427215 75 78 72 1.5971446341896587 68 1033 34 923 45 456 80 668
2551 -0.68043443512568091 1.1766060480737768 2.8889840301764891 66 72 66 0.14390404262088494 46 1222 34 931 30 725 80 684 2 689
2552 -0.74304215387529837 1.1497506679954064 2.9099615395771785 69 74 68 0.3285287855904534 68 1034 34 933 30 730 80 690 45 611 2 697
2554 -0.27070061743874235 0.99378625369563112 2.231385899483215 248 203 68 0.96594669586101045 46 1387 59 1198 34 1016
2555 -0.48258306911852422 0.68235138950509 2.4928701565685176 133 97 19 0.38509903342902502 68 982 34 1024 30 820 45 717 80 764
2557 -0.78079201498119077 1.6926769609540864 2.4933551031289807 47 35 30 0.11016135045559634 46 1349 34 1063 2 692
2558 -1.0928282193696841 1.5296813896595771 2.6651593333068351 88 61 47 1.2658084849041609 39 1084 34 1068 30 927 75 773 53 755
2559 0.15570780135520129 1.7167940472576948 2.2230364088189334 59 67 90 1.1979516428095029 59 1472 34 1192 30 977
2560 -0.73593596148456708 1.151782014766952 2.9212477347233063 69 74 68 0.28395707317033525 68 1035 46 1227 22 1210 94 1149 98 1083 52 1064 34 934 39 938 33 952
2561 -0.02157063261718517 1.7459895802808589 2.4490427798433108 3 3 4 0.73819279262433102 22 1475 94 1412 98 1342 59 1483 51 1611 46 1508 34 1224 22 1482 94 1417 30 1011
2562 1.097630389614261 1.3486656862054838 1.4329422688855875 2 2 0 0.47489802129881636 54 60 61 84 86 35
2563 1.0082169793815314 1.4255696174653205 1.3774345265640835 213 135 28 0.40627065858026934 54 100 86 45
2564 0.65153753583079888 1.0257911376632654 1.2805024806027989 187 197 223 0.40209340549158462 59 36 86 60 38 385
2565 1.1844428846499322 1.2869865145608586 2.7875007494901172 23 13 10 0.12783140211337146 54 44 86 108 38 123 7 116 81 117
2566 1.1816125734225438 1.2849482734079232 2.7813567432913326 23 13 10 0.29260078000086975 54 45 86 109 38 124 81 118 55 109 9 145 44 162 87 457 36 261 15 550 91 478 79 631 31 627 48 117
2567 1.1162788967050856 1.2783422832466311 2.8081144673424268 109 80 68 0.23962424014424002 54 52 86 124 38 126 81 126 55 116 15 548
2568 0.74649072031258545 1.2431075528742717 2.0636346973218425 36 40 51 0.19908349845125409 54 434 86 129 87 469
2570 0.7802067755661084 1.1067085521993103 2.9427048723113653 49 31 27 0.39494841247289458 54 88 86 179 38 172 7 190 81 488 55 478 9 497 44 200 87 170 70 81 36 295 15 305 91 143 42 117 79 417 31 423 48 520 17 634 57 565 5 577 74 532 35 511 37 129 96 194 76 163
2571 0.44620604347938098 0.9574378002745606 2.3887505959037236 27 24 23 0.032948188245547627 68 91 86 200
2572 -0.44300780735211159 1.1097850958009536 2.1541380172873343 126 86 30 0.12069953494393723 68 359 86 284 38 263 7 299 81 226
2573 -0.62877205331265174 0.62336566313524411 1.9822129647850593 90 72 14 0.35903323197422499 54 304 86 304 38 601 81 244 55 216 70 3 91 1
2574 -0.52711891915263009 0.83835414370373851 3.1737889062106954 150 145 129 0.28347916634067793 68 748 86 325 38 632 7 380 81 611 55 607 9 619 44 323 63 640 36 332 23 676 65 422 48 643
2575 -0.48482337005664355 0.5302975265888642 3.3684284735343111 157 107 79 0.17580179383090008 54 247 86 327 38 348 81 617 55 617 44 326
2576 -0.48405541715479772 0.52946641678083328 3.3679837893774551 157 107 79 0.18396083407851246 54 248 86 328 44 325
2577 1.1281051256225738 1.2491540838217305 2.8173534969051204 50 33 28 0.12095554795825236 54 381 86 414 38 486 7 469 81 447 55 447 9 436 44 424 63 464 87 464 23 85 48 130
2578 0.7574681330546762 1.1655644727751466 2.0816762809475375 238 221 183 0.7062705548221051 54 758 86 420 7 446
2579 0.84036559489226093 1.1280033589627654 2.9211065920773445 48 32 28 0.3221874148990731 54 402 86 450 38 517 7 502 81 483 55 467 9 494 44 440 87 478 70 340 36 556 15 558 91 394 42 336 47 813 79 946 31 931 48 518
2580 0.54568284635522046 1.0138871005062047 2.9795386559189985 23 11 8 0.56471385398010543 54 436 86 473 38 531 7 528 81 511 55 506 9 213 44 231 87 194 70 58 36 310 15 303 65 541 48 231
2583 0.51718746674297311 1.0311587981954777 2.9845175599760441 133 90 68 0.06846093063006585 54 439 86 478 7 533 87 501 70 325 91 360 42 312
2584 0.19690326952270221 0.8923646325877872 3.080761059627859 103 71 58 0.25012942718124653 54 462 86 497 38 574 81 557 55 554 9 557 44 487 87 522 70 302 36 571 15 562 91 334 42 291 88 367 28 143
2585 -0.37325576155739526 0.58717410391845748 1.9663469587147553 205 132 40 0.24285846639896072 59 99 86 513 38 573 7 570 81 532 55 526 9 192
2586 -0.1215231667882937 0.76801876255193302 3.1792957581424983 106 73 60 0.15681192718351381 54 211 86 516 7 597 38 606 81 588 55 573 9 589 44 505 70 11 36 575 15 563 79 670 31 661 48 627
2587 -0.12367643814341625 0.76422271751009285 3.1749497623471727 106 73 60 0.14126033653734346 54 212 86 517 7 598
2590 0.92246719154659684 0.79237472663239128 1.4818160384625005 153 137 45 0.26653776701033366 54 546 86 580 38 648 7 656 81 630 55 623 9 655 44 547
2591 0.79203239930079194 1.0078352990041743 1.3392993260913206 140 126 38 0.27781675881661322 54 565 86 589 38 654
2592 0.67765563492703751 1.1894869069046736 1.2133853557498933 120 104 30 0.41881128835569481 54 593 86 600 38 656 7 666 81 628 55 618 44 524 36 585
2593 0.69844280942133463 1.0292869406011402 2.9868726807144803 108 74 60 0.2349945611363429 54 573 86 676 38 759 7 765 81 730 55 770 9 517 44 717 87 650 70 611 91 641 42 562 83 475
2594 0.44373171168625375 2.106415483269243 2.2015319055463833 64 41 33 0.19848176010776877 54 685 86 680 38 739 81 696 70 692
2595 0.3358658035676077 2.086309585449762 2.217714268900381 138 92 68 0.30234617187160612 54 691 86 693 87 641 70 686
2596 -0.031246918210459905 1.9939430602259989 2.2740216931042179 55 42 42 0.18653525909763774 54 707 86 722 38 543 7 794 55 471 44 667 87 659 70 652 36 627
2597 -0.084406288504330226 1.9770892736380106 2.2918299846711774 54 42 42 0.19193551301810732 54 709 86 726 38 782 7 802 81 735 55 761 9 762 44 677 63 766 70 649 36 634 23 807
2598 -0.15191840032200485 1.9445094776471008 2.3083333652830436 48 38 40 0.25754798358163805 54 710 86 728 38 788 7 810 81 741 55 767 9 768 44 686 63 776 15 591 23 812
2599 0.045979303078769143 0.7568266533730883 3.1901394084123966 107 73 60 0.11989920085297291 54 627 86 731 38 822 7 824 81 790 55 831 44 760 87 694
2601 -0.347113546111946 1.8543145970468657 2.3657796767484647 43 36 40 0.23501611722995791 54 714 86 748 38 975 55 957 44 708 9 787 63 792 87 683 70 628 15 595 23 831 91 583 42 537 65 749
2603 -0.43519987230726531 1.1410467715573749 2.1448973703015444 251 209 64 0.20198076920506847 54 855 86 751 38 812 7 823 81 542 63 567 87 701 70 587 23 806
2605 0.75276214412298348 1.0338075837589493 1.2843475685741188 149 133 44 0.50418857734726552 54 754 86 805 38 891 81 859 9 910 44 786 63 925 87 754 70 836
2606 0.80250371736200621 0.79256538957648248 1.4833445935461218 20 27 39 0.7153935340968175 54 738 86 806 38 898 7 927 68 1069 81 873 55 887 9 926 44 801 63 662 87 758 70 818 36 869 15 892 23 717 34 807 91 799 42 728 48 683 45 517
2608 1.1894708117792825 1.2223324507637419 2.8149013284894782 153 103 78 0.7418188533444009 54 735 86 823 38 716 81 693 55 918 9 727 44 831 87 764 70 807 36 952 15 1063 91 824 79 1141 47 1024 88 911 83 806
2609 0.35377324574286156 0.97592646972020536 1.9631504463783285 185 161 54 0.27355461571321682 54 779 86 846 38 932 81 906 55 916 44 832 87 896 70 927
2610 0.62939413382663201 0.99093776303081404 2.9976474479073301 151 100 75 0.66821535381020802 54 756 86 856 7 770 81 733 81 925 55 949 9 783 44 865 87 809 70 778 36 974 15 1064 91 792 42 718 79 1150 47 1023 88 905 28 897 83 798 37 522 62 817
2611 0.28293477753251045 1.8863876461434714 2.174639768700708 213 198 163 1.3493628046618551 54 836 86 858 38 746 7 768 42 573
2612 0.33609040587820643 0.81901531626185475 3.0894542221861339 1 0 0 0.57510186966630006 54 592 86 865 38 963 7 987 81 1056 55 1091 9 1103 87 670
2613 0.24688010874551036 0.82987726123556804 3.1066087000587848 109 75 62 0.28071733584353015 54 770 86 870 38 970 81 953 55 987 9 1002 44 882 7 991 87 910 70 763 36 1066 15 1065 91 780 42 701
2614 0.18382328866619019 0.80027536567421731 3.1275204203514626 108 74 60 0.32423555067256765 54 776 86 874 38 976 81 957 55 994 9 1008 44 886 87 828 70 759 36 982 15 1066 91 774
2615 -0.4117864279047464 1.8243670975872501 2.3838741018865082 44 37 39 0.30024299136177834 54 868 86 892 38 983 7 1009 81 950 55 966 9 791 44 711 63 980 87 830 70 788 23 837 63 797 91 578 16 585 42 532 65 754
2616 -0.42515883677121991 0.76994071559626021 3.2146261666214411 229 214 174 0.32028616162382878 68 1139 86 899 38 1007 7 1022 81 1075 55 1032 9 1116 44 915 63 1103 36 983 79 1095 31 1085 48 1022
2617 -1.0104380278179539 1.5200384810839294 2.6410083670384981 157 152 133 0.33945868310091182 54 881 86 922 38 1017 7 1034 81 993 55 1026 9 1037 44 754 54 533 63 1032 87 720 70 576 23 1036 91 288 42 500 16 546
2618 -1.0386720784675101 1.5741486121377004 2.5924698476225689 134 91 68 0.42734638063369706 68 1252 86 924 38 1018 7 1035 81 992 55 1023 9 1036 44 890 63 1031 36 706 15 603 23 1035
2619 0.64171280450300772 1.1702247519610869 2.0779308696017589 130 86 17 0.6218947598365665 54 902 86 945 7 1047 70 934 87 888
2622 -0.45257889595444445 0.49531748097333411 2.0405176649542214 255 235 73 0.42361895965623469 68 1212 86 993 38 1083 7 1087 9 1100 44 994 87 949 54 957 70 888 36 947 15 916
2623 -0.73202777331452551 1.6783166813528854 2.472651222573921 110 77 62 0.51221797755981324 54 877 86 1008 38 999 7 1021 81 968 55 998 9 1007 44 874 63 999 87 844 70 773 36 664 15 599 91 554 42 514 26 636
2624 -0.78055161816906449 1.5438041016881803 2.6212589826382691 104 113 111 0.72972932008920821 68 1293 86 1014 38 1092 7 1164 81 977 63 1144 23 1129
2625 -0.62577846988887698 0.71533692472602628 3.2709247899518661 1 1 1 0.48214748261236839 54 838 86 1015 87 861 15 990
2626 0.23047943020186437 1.9494455434991065 2.2890770087900307 199 186 155 0.25123870480935889 68 1327 86 1086
2629 -0.32988835797265947 1.4473271154911798 2.3317540456447401 22 28 39 1.3847563605876958 86 1111 70 1039 87 1053
2630 -0.27858910030984285 0.53413410833883967 3.3668636594185775 0 0 0 1.7763492944066424 86 1131 38 1222 7 1232 81 1197 55 1205 9 1211 44 1124 63 1220 87 1072 70 1059 36 1205 15 1187 42 1028 48 1131
2631 -0.45931222189450255 0.7184133792768741 3.2638566604584436 222 206 169 1.3425411163171275 54 1108 86 1135 38 1230 81 1198 7 1239 55 1214 44 1127 87 1076 70 1060 36 1208 15 1197 79 1280 31 1275 47 1139 88 1017 100 1120 82 1105 40 1003 28 955 32 913 58 956 73 1063 67 1157 19 964 11 929 83 889 66 944 62 842
2632 -0.65421673543330916 1.2285484595258336 2.4079955293482191 23 26 29 1.9905415298049143 54 1113 86 1136 38 1229 81 1196 55 1212 87 1071
2633 -0.78335617264169699 0.99241975851454167 3.0089189865957229 135 133 122 0.9535806617085939 59 1287 22 1327 94 1262 68 1288 52 1164 86 915 8 918 24 722 38 1101 44 914 36 975
2634 0.64404607631580424 1.0646692564706448 1.2721077252593078 78 80 84 0.11237945605380603 86 62 38 39 81 24 55 11
2637 1.3983258643570728 1.4537590996012617 2.6806269849488298 67 60 49 0.20403400616153458 68 41 38 87 55 86 63 73
2638 1.3918376960295382 1.3529086299422091 2.7413194509110461 156 110 88 0.26216519850326236 86 70 38 96 55 90 91 260 42 197
2639 0.87554108331320413 2.3128964331075572 2.0387699801245263 34 21 20 0.71368673154343731 46 331 54 214 38 97 81 83 42 219 16 296 37 182
2640 0.52169961131396625 2.1958975876638474 2.083117184434363 45 31 28 0.12278824209084645 86 185 38 132 7 171 63 135 23 96
2641 0.52637211041468202 2.2046042287952452 2.0898633190491323 45 31 28 0.071482630430301328 86 186 38 133 7 172
2642 0.99289139972974993 1.222765810160511 2.8599432034882772 42 33 27 0.36699570246950847 86 154 38 141 81 142 55 134 9 168 44 182 63 169 87 142 36 275 15 294 91 182 79 392 31 397 48 168
2643 0.7598215611534872 1.1221074866419654 2.9312920577136388 227 212 176 0.35760736702193391 86 182 38 174 81 166 55 165 9 498 44 445 70 80 15 299 79 411 31 420 47 554 83 196 62 196
2644 0.26265383102120599 0.8690396491892205 2.354755573789578 235 192 62 0.092584920427132233 54 155 38 205 87 216
2645 0.089106379907012756 1.9848236238078909 2.2726059187201417 98 67 54 0.27683570094677296 24 372 38 214 81 168 70 121 42 107
2646 -0.157712110319711 1.3050916325184365 2.1080871120703035 21 27 38 0.39552441454923137 86 501 38 227 7 560 81 181
2647 -0.33614135728035677 1.3659112156447863 2.3178602882246331 3 6 12 1.9791544512902182 86 277 38 261 7 587
2648 0.046678493806371298 0.7854350798374452 3.1522358171079978 42 29 26 0.35413084815683316 86 260 38 269 7 293 81 579 55 566 9 573 44 292 63 596 36 334 15 311 23 604 79 450 31 452 65 317 48 610 17 653 57 848 5 634 74 581 35 560 1 173
2649 -0.50776596881179692 1.0844279036964031 2.1754512880714363 100 74 24 0.049476463388461608 86 292 38 274 7 310 81 237 63 241
2650 -0.52183004764574081 1.7904739371170957 2.4104730366547966 74 56 50 0.1293875399579224 16 114 38 278 87 249 42 52
2651 -0.46601656580737216 1.2398217417361355 2.5377185267245896 255 233 75 2.7057734430124238 59 472 38 286
2652 -0.089313715151317127 0.75706415626320966 3.1810987990356772 45 30 26 0.14890383804717477 86 274 38 289 7 318 81 268 55 263 9 585 44 305 36 335 15 309 79 451 31 453 48 625
2653 -0.69297239907055075 1.703241408792521 2.4442814859846123 77 56 51 0.10205772034993237 54 326 38 298 81 256
2654 -0.68214305575775624 1.6579444786056858 2.5132368273294934 20 16 18 0.10163977932666345 86 323 38 301 55 226
2656 -0.64249783265766613 0.98985606915700552 3.0437529176098832 127 125 114 0.19409397514964261 86 333 38 342 81 613 55 296 9 618
2657 -0.92715768917903196 1.8803759677974359 2.9642781295562819 168 157 132 2.0852895409869863 86 341 38 346
2658 -0.78419459627994259 1.0307907815493171 2.9794274868944557 88 94 92 0.25056967655666762 68 773 38 350 81 339 55 302
2659 1.129363775382267 0.6675753076173182 1.6889107392610878 234 206 70 0.29098554182002218 86 26 38 375 7 409 55 628 63 398 23 3
2660 1.1065354619358312 0.68995540085584062 1.7045337949968655 1 1 0 0.89743895507461813 86 352 38 377 55 630 23 383 65 6 1 11 27 17
2661 1.0361592848082708 2.4016503922896288 2.0141143413519238 223 204 167 0.079667729860919828 86 401 38 424 7 448 81 381 55 342
2663 1.4166880621544418 1.4119463949811788 2.7035923777046906 121 94 84 0.26156133065895404 86 374 38 441 55 412 63 72
2664 0.87393701347646924 2.26468347554197 2.1082116230885233 223 206 169 0.16440884116007135 86 428 38 455 7 468
2665 0.77148228649157735 2.3240488223499614 1.9963118041078263 150 102 77 0.27247871886379099 16 295 38 456 7 133 81 88 9 59 42 459 65 156 28 154 1 92
2666 0.76429019829122491 2.2194173913234603 2.0894157621607086 98 64 49 0.37313409055983471 86 649 38 468 81 413 7 140 63 92
2667 1.1545890060407851 1.2982206364764808 2.7783982261018014 106 76 66 0.21777894063901862 54 382 38 477 44 422 9 146 87 459 36 524 15 547 91 469 79 370 31 383 88 455
2668 0.6158574371457638 2.265341248930965 2.0666460526281045 103 72 60 0.23656305088644777 86 659 38 481 7 493 81 431 55 407 9 93 44 560 87 603
2669 0.69118027189855502 2.1977801182987826 2.1761754262233604 218 198 159 0.19225598742990191 86 446 38 485 7 488 81 432
2670 0.61876225231640924 2.1570685415511823 2.1878424860138983 218 199 160 0.1440735129841694 86 455 38 496 81 440
2671 0.43582345867781425 0.80142424780534971 2.1128963369901732 242 206 76 0.42628080956000031 86 454 38 503 44 691
2673 -0.44080400288819571 0.55278430624468711 2.0073903978767804 254 226 69 0.25620512551071506 68 640 38 583 81 545 55 537 9 523 44 486 63 529 36 514 15 137 48 93
2674 -0.56254329200899444 0.60495964744443709 1.9682361094487415 162 133 41 0.060655464059553188 86 533 38 594
2675 -0.56254329200899444 0.60495964744443709 1.9682361094487415 162 133 41 0.060655464059553188 86 534 38 595
2676 -0.62774841621170052 0.63044416278634752 1.9892912639402025 93 76 18 0.29085870886498244 86 305 38 602 7 835 81 245 55 217
2678 -0.77666283567980599 1.1539979010786021 2.921793279511482 115 117 109 0.14225689542217401 68 1037 38 636 7 901 81 841 55 605 63 886 9 611 23 914 65 831
2679 -0.65038835190744593 0.80019761133835376 3.2033435126281682 200 191 161 0.24927400795555321 86 554 38 641 7 900 81 854 55 613 9 889 63 1037 23 1033 79 446 31 443 48 967
2680 0.88760985846390816 0.84175993047305309 1.4417614052221277 150 133 39 0.32175457641882338 86 584 38 649 81 626
2681 0.90721128784600524 0.82709505808989492 1.4764702232693714 122 102 27 0.39263481451310872 86 583 38 651 44 545
2682 0.84634569862109721 0.93845743920803115 1.4076225388430743 122 101 25 0.29528605921472095 86 587 38 653 7 659 81 633
2684 1.4577625734359496 1.3468027101307602 2.74173677720756 168 129 111 0.46967711579131749 86 606 38 693 81 407 55 689 9 406 44 614 63 71 36 940 15 1060 91 1009 42 775 88 975 83 810 37 733
2686 0.67762478067342424 2.2914923575147985 2.0481070479690304 101 71 60 0.17498542269124623 86 655 38 713 7 483 81 421 55 683 9 393 44 556 63 452
2687 0.57846643334060188 1.2592571948820219 1.9996713512646727 151 114 27 0.17166936377880548 86 836 38 715 7 722 81 679 55 692 9 682 87 796 70 808
2688 0.59796181223776135 0.8766657825471057 2.110830090144046 235 218 180 1.0598324487703927 86 647 38 720 81 690
2689 1.1648908100330657 1.1940128416997715 2.8552296990814674 1 0 0 0.28945695292095946 54 550 86 412 38 721 87 461 70 108 42 596
2690 1.1251473367748968 1.2076844420597848 2.8455731090425491 111 78 66 0.26037531085381493 86 638 38 723 81 450 55 714 44 672 87 606 70 646 91 676
2691 1.075573672559204 1.1868604380083334 2.8651685888804184 117 84 73 0.35632650116993675 86 641 38 727 7 736 81 455 55 726 9 455 44 843 63 479 87 774 70 799 36 960 91 818
2692 1.0124583506143685 1.1641098873332933 2.8891682618471295 112 80 68 0.24475828131559926 86 645 38 734 81 698 55 735 9 749 44 846 86 832 87 783 70 795 36 962 91 817
2695 0.90295825610583036 1.1647565474432537 2.9120901442560618 91 65 57 0.87410499347722725 86 654 38 741 81 712 55 750 9 758 44 698 87 638 70 638 36 826 91 651 79 1086 31 1145 47 934 100 1007 82 1038 40 902 83 496 57 1077 17 1098 37 377
2696 0.88632629107294048 1.1085190673377294 2.9294354086559942 114 81 69 0.13102994803968293 86 658 38 743 81 713 55 753 9 760
2697 0.8204289200189564 1.0795748770849931 2.94715470606236 110 76 63 0.10364524208206667 86 661 38 748 81 717 55 760 9 764 44 709
2698 0.75884299474030004 1.0561680243311042 2.9710636958288097 112 81 69 0.34137625933974891 86 668 38 752 7 763 81 724 55 765 9 773 36 973 15 1003 91 646
2700 0.32760162148879618 0.95029274049622914 3.0378930772797763 134 90 69 0.017075727889413389 86 714 38 790
2701 -0.26129805846044052 1.1840675397860789 2.1239854605588908 99 76 16 0.38222908136901956 54 844 86 733 38 793 7 803
2702 -0.31137774575404964 1.1957105237814325 2.1087801628548792 250 210 64 0.14766504514119178 86 738 38 798 7 808 81 528 63 546 23 552
2704 -0.28456944629723485 1.8806542377561284 2.3451961058058166 44 36 40 0.2891026727909301 86 743 38 801 7 822 81 752 55 777 9 781 44 701 63 786 87 678 70 639 36 648 15 592 23 827 91 591 42 545 16 594 65 569
2705 -0.46835481050785371 1.8042987298357367 2.4034758902899536 43 35 38 0.22980909581096598 54 716 38 818 7 842 81 777 55 794 9 795 44 715 63 804 87 692 70 618 91 320 42 529
2706 -0.67585344895261701 0.96041143588718481 2.3421611185757736 143 118 39 0.21342746308001992 86 769 38 843 7 1015 81 971 9 1006
2707 -0.69868522535018862 0.99501827734707016 2.3155708416741669 142 125 43 0.22462673917072648 86 906 38 844 55 830
2708 -0.31031035969574677 0.70056576062523179 3.2622058886083369 207 195 163 0.25507893378113194 86 755 38 851 7 863 81 825 55 854 9 878 44 776 63 860 87 548 70 280 36 848 15 565 23 872 91 304 42 250 79 957 31 941 47 503 65 813 48 854 88 58 100 504 40 93 32 105 58 112 83 70
2710 -0.80963635819125646 1.2030126274343149 2.8853782642607828 120 122 112 0.1225272512734958 68 1043 38 875 81 843 55 856
2711 -0.99840425090876683 0.68923129322625887 2.143847927974472 120 123 115 1.6747057928946907 38 876 55 598
2715 0.64306296470358593 2.2038145857253051 2.1612858782223028 104 73 60 0.086296600916946561 54 929 38 927 7 961
2716 0.26025068966578263 1.1337986828760602 1.857777677667406 205 176 57 0.48153482590406371 86 854 38 935 7 960
2718 0.59298047846181323 1.0372594139148357 2.9566898735749114 152 103 78 0.7983772790030581 86 956 38 950 81 926 55 948 9 977 44 863 87 810 70 923 36 972 15 997 91 789 42 714 79 1145 31 1150 47 899 47 1019 48 927 88 732 28 739
2719 0.037254471010937498 2.0312159845790343 2.2022567779239077 1 1 1 0.46576864847894078 86 869 38 951 7 984 81 920 55 743 9 750 44 654 63 969 87 656 70 660 36 406 91 112 42 102 65 733 1 442
2720 0.29798620286076044 0.89471104342466035 3.0482315366027848 37 19 12 0.38099602134383664 86 866 38 964 81 948 55 977 9 995 44 878 87 671 70 586 36 840 15 842 91 340 42 298
2721 -0.28370422858182626 1.8817164973987506 2.3455469591535674 44 36 40 0.17349305332420681 86 885 38 969 7 1001
2722 0.15669753203490355 0.87451381058132338 3.1129627532954522 106 74 60 0.36719955974673119 86 876 38 978 81 958
2723 0.11204492145793957 0.76519912685075531 3.1410824218072504 108 74 61 0.38841557666792192 86 878 38 984 81 960 55 1000 9 1012 44 891 63 986 87 834 70 753 54 782 36 1071 15 1067 65 764 1 457
2724 -0.79405702215881402 1.7041278466180889 2.489427983908334 1 0 0 0.45918480393242184 86 912 38 1001 81 974 55 1001 9 828 55 827 44 476 63 1009 87 540 70 318 70 772 23 1016 65 930 1 672 27 534
2726 0.66692680939113635 1.2624171484141462 2.0207117463043511 137 100 22 0.31045759255488131 86 943 38 1041 7 943 81 1016 55 1055
2727 0.60544166986730241 1.0169101408495358 2.0696519514372822 112 84 32 0.47581421960260578 86 1037 38 1045 7 1134 81 892 55 1058
2728 0.32276593274458909 1.3077553462278022 1.7474156046149849 28 36 47 0.57412586652293929 86 947 38 1048
2729 -0.2271147858765088 0.52268340143089775 2.0209054084979194 255 235 73 0.42351308596262149 86 974 38 1075 7 1067 81 1046 55 1081 9 1087 44 980 36 1031 15 925
2730 -0.29136729812847917 0.49716263812571487 2.0390627967336128 255 235 73 0.39349344511156453 86 980 38 1077 7 1073 81 1051 55 1085 9 1090 44 985 87 941 70 896 36 1033 15 926 79 1038 31 1013 47 841 100 599 82 611
2731 -0.69501835893286734 1.116070667351895 2.9378840618520869 118 118 107 0.91441644532150457 68 1240 86 1012 38 1098 81 1077 7 1110 55 1100 9 1114 23 1131 65 1016 48 958
2732 -0.5701287027064933 0.80548160900340793 3.1908004543316983 113 115 106 0.55651667756325407 86 1009 38 1099 7 1029 68 1152 81 1079 55 1107 9 1050 44 1005 63 1107 36 1070 15 978 23 1029 79 1153 31 1083 65 947 82 712 28 821 57 978 17 1045 48 964 5 860 74 794 35 755
2734 -0.59895894248548553 0.67596560203216183 1.9617116295176094 255 227 71 0.1923109881290265 86 1097 38 1184 81 1111
2735 -0.59086104229580649 0.56892183079266323 1.9930623609721692 255 233 72 0.37210416508223199 86 1096 38 1186 7 1183 81 1150 55 1169 44 1077 63 1133
2736 1.227217878043998 1.2577143574952836 1.5004971414182926 0 0 0 1.4805068468999991 86 1100 38 1194 15 1152
2738 -0.41878620174297843 0.7122752061093468 1.9397023958583661 254 226 69 0.48496341125447046 86 1126 38 1217 7 1224
2739 0.5294438046347949 0.8313367988980761 2.1541748787585759 110 123 154 1.0631634466854596 86 1133 38 1227
2741 1.227217878043998 1.2577143574952836 1.5004971414182926 0 0 0 1.4805068468999991 86 1101 38 1195 15 1151
2743 1.0787754419710001 0.64334503184987835 1.4952996873401727 254 252 75 0.20091463806904356 68 0 7 1 9 2
2744 0.73532656654886885 0.905978706047048 1.3714545665379978 192 202 233 0.24852200382523909 38 37 7 13 81 21 55 327
2745 0.58339274278023334 0.99793152947442165 1.3911740772910299 134 146 176 0.23722996807041397 38 392 7 24 23 10 63 10 65 9
2746 1.069058283882508 2.4656765328057952 1.9263682620270028 109 77 65 0.064737413391467033 38 64 7 79 55 18
2747 0.34207261534942229 1.059697315051884 1.5594472773228323 103 70 13 0.2981661553941562 38 111 7 91 9 27
2748 0.81436163591294375 2.2810614189269085 2.066741523116856 44 28 24 0.15636127680996864 38 112 46 337 7 131 81 90 55 58
2749 0.81520614206151631 2.2833067142215491 2.0686677142421144 44 28 24 0.10304275497653875 38 113 7 132 81 91 55 59
2750 0.7279661951684715 2.2657276404095965 2.0659616478045324 105 76 64 0.16986148452394845 38 119 7 146 44 62
2751 0.43661718897195478 2.1599296538177599 2.1739454590187908 102 71 59 0.43454503276279571 54 265 86 205 7 195
2752 0.27652655651100905 1.7622343182987743 2.0869021481170229 3 2 4 0.37478841698607779 86 474 7 203 23 498
2753 0.28680511566125666 1.7829540998791646 2.1045402197263172 3 2 4 0.19923208949526078 86 475 7 204
2754 0.39345218549945554 2.1631183169390651 2.2588811041484069 52 31 26 1.5265564030757983 38 159 7 211 81 143 44 123 63 184
2755 0.47067784459986356 2.2881859117809005 2.3461456710509143 52 31 26 1.6486669186342686 38 160 7 212 81 144 23 156
2756 -0.018774669210541495 0.83304145019381604 1.9678823264932601 10 8 6 1.7451168645344222 38 212 7 213
2757 -0.2724478036771345 0.66961588221550472 1.9220363703476984 160 123 34 0.016532380807186543 38 235 7 233 81 183
2758 -0.36675324874427456 0.54926050369133461 2.0075032694637547 180 140 36 0.15741003058150252 38 256 68 211 7 256 81 212 9 511 23 497
2759 -0.46447387996942741 0.58727072755395837 1.979422199092902 162 126 34 0.3081647599844069 86 524 7 274 55 203
2760 -0.20379649142177153 1.9014792060329284 2.3715174708310962 33 26 30 0.58122710801641564 16 144 38 240 7 281 81 202 55 178 44 194 63 573 70 100 23 586 42 80 65 566
2761 0.012386366541000761 0.77166423446715071 3.1878549958295386 43 28 24 0.20144819329552924 54 181 7 304 81 581 9 580 44 300 63 599
2762 -0.090108052209033979 0.75448253886613514 3.1781050378594111 43 28 23 0.18334551929649512 38 290 7 319 81 269 9 586 63 298 65 604 48 626 1 186
2763 -0.46701512648355042 0.76627475922633803 2.5156110254499264 125 96 24 0.36592507851760409 38 294 7 330 81 260 55 248 9 275 63 593
2764 -0.49703608636279784 0.81771357167891989 2.4849675284877075 131 101 24 0.38462152708648423 68 356 7 333 81 259 9 560 63 594 23 232 48 548
2765 -0.67151151228169237 0.96584084606172371 2.2942656313734169 98 70 17 0.056116565005236943 38 302 7 343 81 262 55 239 63 274
2766 -0.30928052193257072 0.75785150289255021 3.232717218993213 210 197 162 0.14501405802026748 38 319 7 347 9 342 63 338
2767 -0.34443147780420524 0.70010008122872902 3.2674023299971351 102 102 93 0.18089285622189227 38 329 7 352 81 319 9 353 63 629 23 655 34 304 65 648 48 354
2768 -0.41787009489101196 0.82884332567235808 3.1762473737477377 176 167 140 0.20817368664140368 38 626 7 361 81 318 55 290 9 346 63 350 23 317
2769 -0.80282758509783081 1.6295069108951119 2.5446478953004559 105 74 60 0.29304336382925755 38 320 7 381 81 288 9 289 63 324 87 270 70 38 23 316 42 25
2770 -0.58811664065803926 0.8735093151292419 3.1417655793099479 84 88 86 0.12762129014910373 38 344 7 387 81 337
2771 -0.61910197952779833 0.92598175286049467 3.103630178003522 80 85 82 0.11007545788973756 38 345 7 389 81 335
2772 -0.87815305848275771 1.628431191862306 2.548078892082613 62 46 41 0.17260512158092106 38 332 68 461 7 392 81 297 55 259 9 300 23 668 65 367 48 283
2773 -0.75175657950152897 0.93743488809956577 3.102457622083747 132 131 118 0.75941414504455929 68 427 7 399 81 342 9 629 63 911 46 460 23 926 65 953 48 965 23 1037
2774 1.0576302318489867 0.59289780714713936 1.5399417741763493 168 137 39 0.2250750936612915 38 370 7 408 81 356
2775 1.1229381773021991 0.66343985530305427 1.6853691495176655 236 200 72 0.22015741837257508 38 376 7 410 55 629 23 4
2776 0.81290881482131405 0.70898674660996652 1.5308163624452766 109 123 155 0.45112464208745495 38 659 7 416 81 640 23 5
2778 0.55724245693236973 0.71111155787703162 1.7770017257179063 240 207 66 0.18378910846299049 38 449 7 430 81 77 55 70
2779 0.406683079281902 1.8598067076707123 2.1527948555268179 220 204 170 1.3162664162158477 86 681 7 506 70 676
2780 0.54801043712690733 1.0117521124015443 2.9863352661177767 25 12 7 0.087918061278228932 54 435 7 527 63 554 65 540
2781 0.14160026998289388 2.0043016163242946 2.2697768569718204 117 77 59 0.18519731616595358 38 526 86 713 7 549
2782 -0.37194822838147634 0.6874377402595726 1.9071151714946386 162 123 33 0.014232256384654775 38 566 7 567
2783 -0.40188532997732179 0.74307729337785744 1.8749177335695724 156 127 36 0.12249699617767192 38 571 7 569 81 524
2784 -0.38700107136079492 1.1857392778881755 2.116226429940367 12 11 9 0.89102300732161255 38 576 7 582 70 44 23 555 42 29
2785 -0.52702885202184557 0.56178503394466306 2.0044076474048467 157 127 37 0.29844031112288283 38 592 7 585
2786 -0.50948069105698524 0.40354271915868711 2.127285079795231 255 238 74 0.1942249418166585 38 599 7 590 81 573 55 561 9 551 36 553
2787 -0.48449392061057683 0.72538586273336869 2.5293954578465541 106 79 17 0.49005506545093419 38 299 7 602 81 267
2788 -0.18661717882143122 0.73709131518181581 3.2107993662708108 104 73 61 0.17648101433533184 38 612 86 521 7 603 44 510 87 535 70 284 91 310 42 255
2789 -0.42600118831627254 0.87808000972944711 3.1428779021072839 76 79 73 0.23538405589589864 38 328 7 625 81 606 55 600 9 607 63 626 23 659
2790 -0.40775889491289469 0.80248805325424488 3.194123829656192 118 117 103 0.1208723359200309 38 625 7 627 81 608 55 603 44 321 23 883
2791 -0.47209142793877257 0.83315992108857706 3.1611404070682303 170 162 139 0.2371889708493069 38 628 7 632 81 610 55 606 9 617 63 633 23 665 48 853
2792 -0.77468082400458893 1.432977412888556 2.5659479335369357 9 11 15 0.17406865560852289 86 552 7 639 23 651
2793 -0.51483535498120214 0.72356623787114949 3.2565314282945614 227 213 177 0.14196352709314822 38 635 7 642 81 614 55 610 9 626 36 340
2794 1.0442261843979816 0.94724482880837324 1.4455094752512005 141 124 36 0.13746487929573126 68 806 7 649
2795 0.7645216734313508 1.4451198342403802 1.2906216039168013 1 1 0 0.89438793423499141 38 657 7 667 63 7 23 11 65 14 1 22 56 259 69 22 27 31
2796 0.64964477079736549 1.2152957724581352 1.2715976154797 115 102 30 0.13606466656416261 38 660 7 668 81 639 55 622
2797 1.1135368914937069 2.2566000861173645 2.1038693756603695 236 218 179 0.012583844348501957 38 680 7 697
2799 0.57892836442552853 1.2008798664052658 2.0911174185431323 146 111 28 0.43775425727596418 38 722 7 727 81 687 55 908
2800 0.31113802771522581 1.227068745253689 2.0642658978941948 154 124 40 0.27700658739386513 38 742 7 756 81 697
2801 0.49496329588023713 0.99041983140447243 2.9967682527468136 29 15 10 0.44699292604672913 38 774 7 777 81 742 55 515 9 544 63 771
2802 -0.18909552678063046 0.5313789678509756 2.0272765133440558 255 229 75 0.12121387032581001 38 789 7 780 81 740
2803 -0.25271412360056034 0.50403845943974779 2.0452037200220574 255 227 72 0.081119276393197576 38 795 7 788
2804 -0.34718413293364719 0.55331541815728114 1.9926037260728557 254 228 75 0.35283077798603296 38 803 86 739 7 793 81 751 55 529 81 531 9 507 44 739 63 743 87 271 36 785 15 653 23 487 79 763 31 559 47 336 48 448 100 586 82 288 32 211 58 221 73 10 67 14
2806 -0.54341717102911002 0.57839196854907171 1.9940066518683619 255 228 73 0.12786377207543589 38 824 7 821 81 782 55 811 9 786
2808 -0.4412671697143829 0.58977752218697455 2.5901629289917443 254 232 71 0.15705846810081042 38 610 7 843 81 796 55 836 63 812
2809 -0.42692700833287389 0.6279309571676509 2.6996191460036081 23 24 27 0.17430691443307267 38 998 7 848 55 1014
2810 -0.27494115729569735 0.68315920879960301 3.2655047990308717 45 40 36 0.63384792173602056 34 1041 7 859 63 858 23 869 42 252 65 809
2811 -0.69223422261038559 1.158320177662709 2.9072949579580247 64 67 61 0.15786070485043874 38 863 7 886 81 826 55 849
2812 -0.71247883500460718 1.1810199753061925 2.9025763804237865 108 110 101 0.13145709836374248 38 631 7 887 81 831 55 597
2813 1.0023569084244111 0.68870348638964229 1.5576861161609288 150 133 40 0.30025156336069969 38 882 7 914 81 863 55 882
2814 0.99831494532906051 0.68442648677888862 1.5543140455702007 150 133 40 0.32232385736364166 38 883 7 915 81 864 55 883 9 921
2815 0.9064314448134021 0.83704036058533815 1.4934780292634335 124 103 26 0.61715286232585997 38 1032 7 922
2816 0.9064314448134021 0.83704036058533815 1.4934780292634335 124 103 26 0.61715286232585997 38 1033 7 923
2818 0.69594900714965269 1.1255566864394659 1.2493336070735914 112 99 27 0.064206390854000261 38 895 7 930 81 867 55 874 9 650
2819 0.69594900714965269 1.1255566864394659 1.2493336070735914 112 99 27 0.064206390854000261 38 896 7 931 81 868 55 875 9 651
2821 0.63885709181537109 1.3094172853184789 1.9867967123294248 140 104 25 0.3000663234068156 86 830 7 945
2822 0.35552018475546443 0.97878523124447925 1.9648131433983769 186 161 54 0.26945242967971261 38 933 7 953 81 907 55 917 44 833 9 697
2823 0.33143596121404062 1.0395844197571487 1.9366537020888528 200 173 56 0.58889242190768865 46 1034 86 849 7 955
2824 0.36349594263537111 1.2710526653876981 1.9050741022761026 132 102 24 0.50140084140900709 38 928 7 956 81 898 55 909
2825 0.29187196859010794 1.0839280562028157 1.8926341667604241 203 176 57 0.64613416942145252 38 934 7 957 81 900 55 912 63 693
2826 0.29771447597582923 1.8335738270414559 2.1004694795934387 223 206 169 0.54199961179736411 86 857 7 968 87 643 81 470
2827 -0.17609402500863081 0.55663049983290325 1.9899891599139516 255 233 75 0.11229940922895955 38 957 7 978 81 931 55 952
2828 -0.27020575401538754 0.72331765483615773 1.8867844832087324 255 234 77 0.64190398960099415 38 959 7 980 81 929 55 946 44 868 63 731 15 885 36 903
2829 -0.27016968084509807 0.72525817295503492 1.8865835187754503 255 234 77 0.43134415225515699 38 960 7 981 81 930 55 947 44 869
2830 -0.27180575894668246 0.54808842085964615 1.9453831630851335 255 232 75 1.6550635747173414 38 1076 7 982 81 936 55 956 44 875 87 938 70 900 23 958
2831 -0.23626572342889179 0.53345166898222451 2.0143065272727143 255 234 79 0.12215266534694724 38 962 7 983 81 938 55 958
2832 -0.34003308474129568 0.68631040714074976 1.8969789868990432 255 229 73 0.24934403706975047 38 965 7 985 81 937 55 955 9 759
2833 -0.40000406213452067 0.66220523336324899 1.9220176426349851 255 229 73 0.078382068860078646 38 972 7 988 81 940 55 964
2834 -0.40000406213452067 0.66220523336324899 1.9220176426349851 255 229 73 0.078382068860078646 38 973 7 989 81 941 55 965
2835 -0.39817402639622157 0.54165603401109885 2.0120307732586449 255 227 70 0.59908351265552384 38 980 7 993 81 945 55 973 9 973 44 989 36 1029 79 1028 31 1120 48 731 63 751 82 858 57 616
2837 -0.37160433884782756 0.5408462237844236 3.32442049062398 1 1 1 0.18817971596230676 54 823 7 1020 63 1029 86 761
2840 0.61168069908927436 1.0532538038530472 1.2876977018579341 26 28 34 0.73139812539838711 38 901 7 1040 81 1005 55 884 9 922 63 1043 23 720
2841 0.62616621850684151 1.0720903203644798 1.2986952402008813 26 28 34 0.49968300479846883 38 902 7 1041 81 1006 55 885
2842 0.44026466023768379 1.0850580598924675 2.1484166247336307 58 55 64 0.81184844506023468 38 937 68 1189 7 1052 81 1029 55 1064
2843 -0.12996668830024882 0.62867495429817788 1.9479387180907963 255 236 79 0.16349408887908004 38 1062 7 1057 81 1036 55 1076
2844 -0.16544726537895893 0.67646287629045099 1.9067580693945005 255 236 77 0.19996054352420661 38 1064 7 1059 81 1038 55 1071
2845 -0.29202553390603703 0.49535256581268805 2.0375228198505342 255 234 73 0.24511877306543112 86 981 7 1074
2846 -0.3315330504549317 0.54800151912872785 1.9950057319631134 255 231 73 0.48806006538703067 38 971 7 1077 44 877 36 938 15 911 79 1023
2849 -0.67611238330870738 1.3126080370409581 2.4864880630470476 16 23 33 0.35754688926693273 38 1089 7 1104 81 972
2850 -0.6287630143029117 1.1469777726142421 2.9229380914023992 109 109 97 0.6504047426234234 38 1096 7 1109 81 1074 55 1097 9 1113 63 1102 23 1130 65 1047 48 955
2851 -0.85386794040152858 1.7564673585520678 3.342454647723927 128 128 116 2.3735639843591416 7 1120 55 1102
2852 0.84036158200162425 0.7439493854062158 1.5102135767930847 115 131 167 0.23107234411982266 38 1115 7 1126 81 1090 55 1112 9 1123
2853 0.73523057221861288 0.87661014486102096 1.4141127877506157 13 17 24 0.28361070405601602 38 1116 7 1127 81 1091 55 1111 9 1057 63 1110
2854 0.5641488991115361 1.0323214601801625 2.1241357276447053 135 94 20 0.94733443523223893 38 1133 7 1135 81 1025 55 1062
2855 0.33818080096424552 1.618847846375749 2.0570358211998148 220 202 162 1.8351383581760217 68 1337 86 1041 7 1142
2856 -0.56477015663627061 0.76464372376572665 2.5704301555203077 79 72 41 1.5599044416318617 38 1161 7 1159 81 1119 55 1145 9 1155 63 1140 23 1121 65 1040 48 1009 1 784
2857 0.024026314418095957 0.86860394162738197 1.9605552920200491 28 24 20 1.8769797307070235 38 1174 7 1172 81 1142 9 1135
2858 -0.51616032298029069 0.77176959667407896 2.5240987838913211 213 172 46 0.093134538425674429 38 1190 7 1185 81 1153 55 1177
2859 -0.77296728243523005 1.0856711813521187 2.4085173339659662 84 98 126 0.98015703754242622 38 1163 7 1190 81 1120
2860 0.78926326993564433 0.94030726889815164 1.6717569477247562 148 130 45 1.4264920370357204 68 1316 7 1196 81 1127 55 1119
2862 -0.51277723799893549 0.69843039057271605 2.3047816437719737 144 111 29 1.6211921769752182 7 1209 55 1189 81 1173
2863 -0.75776333170451338 1.3107782466571394 2.4787901914995651 4 5 6 0.51939149270002116 38 1205 7 1220 81 1154 55 1174
2864 0.71530391541056992 1.1652372538429552 1.8313706029604455 165 156 133 2.7094917953071445 38 1225 7 1229 81 1190 55 1208
2865 -0.11077003608591868 0.59673878295048854 2.0165888927372762 253 224 71 1.9026086764833965 38 1228 7 1230 81 1194 9 1218
2866 0.79315533555032647 1.2370682017847296 1.2339083304194884 146 126 35 1.4873777755052742 38 1224 7 1234 81 1189 55 1206 9 1212 63 1213 23 1196
2868 -0.66154498773498471 1.6250424692002008 2.5433836653266657 28 22 21 0.44475788268736888 59 559 68 450 7 621 89 706 41 610 97 612 16 78 24 793 54 719 86 544 38 837 63 606 87 703 70 595 23 636 42 257
2869 -0.58822107762942577 1.6409200495983802 2.4865487984836454 51 39 36 0.64626933624531702 89 712 41 618 97 618 8 1145 16 566 26 637 95 421 24 987 61 982 54 871 51 1268 86 1004 7 1013 59 1314 68 1161 21 165 29 234
2871 0.71270683818513947 1.2046503938004147 1.0854938171016517 250 239 73 0.97701877306298002 7 1125 81 11 55 311 9 0 79 1159 31 1161 48 969 57 1039 17 1054
2872 0.64084487657069411 1.0602130570643289 1.2699211530319641 80 80 82 0.12315211533231545 38 38 81 23 55 10
2873 0.79636149182970706 0.79719619908550565 1.4436252398048457 189 198 225 0.28861069644928944 38 35 81 25 55 329
2874 4.2342695686057814 4.3751825169741894 4.7175358549745727 132 124 104 1.5412371410848582 7 41 81 45
2875 0.39924820322231747 1.0514628553394987 1.5567687857016312 112 116 132 0.34550015566612746 7 70 81 73 55 374 9 25 87 480 70 112 36 68 91 102 15 38 42 90
2876 0.87682432410828159 2.3095732499219221 2.0457716190662305 38 24 22 0.21259152243102886 38 98 81 82 44 54
2877 1.4030812458329678 1.4632763628609282 2.6810438379199915 78 73 60 0.60454044414628938 38 88 81 93 55 87 63 74 36 229 15 276 47 321
2878 0.58375715490913616 0.98674342881432164 2.0437203802559161 113 91 40 0.068143145303705077 38 125 81 107 55 95 44 155
2879 1.2181957393074498 1.3660793311617405 2.7251584655956997 74 68 62 0.1034904917265191 38 467 81 112 55 101
2880 0.45670464161389451 2.1666820756527954 2.1026305151814837 43 30 27 0.14857323939914635 38 139 81 124 63 148 23 107
2881 0.45670464161389451 2.1666820756527954 2.1026305151814837 43 30 27 0.14857323939914635 38 140 81 125 63 149 23 108
2882 1.1265664237649597 1.2919611667568023 2.823134214174249 127 101 93 0.18688823498084028 38 127 81 127 55 117 63 146
2883 0.39286027531393114 2.1401900808965664 2.1223719932988088 38 26 23 0.060297645528781474 7 196 81 133 63 161 23 121
2884 0.39286027531393114 2.1401900808965664 2.1223719932988088 38 26 23 0.060297645528781474 7 197 81 134 63 162 23 122
2885 0.96256557644272434 1.160857190127579 2.8814082976350348 49 31 25 0.11017697414507681 7 156 38 150 81 147 55 137 9 170
2886 0.96579391360828637 1.1652410014941081 2.8849341744864545 49 31 25 0.066307710110119572 38 151 81 148 55 138 9 171
2887 0.25384297845634957 1.0275069911979853 2.1951319456154379 127 99 27 0.14058777215300405 38 184 81 158 55 142 44 196
2888 0.24970012293771732 1.0200938546255418 2.1896052125007204 127 99 27 0.083481074327318147 38 185 81 159 55 143
2889 0.71409289150958799 1.070135934370505 2.9619557941331793 38 24 20 0.25117714670785785 38 194 81 169 55 173 9 194 44 211 70 73 36 561 65 208
2890 0.69382668168197059 1.086253922673156 2.9470131053125574 145 98 75 0.18996045297154193 38 195 81 172 44 210 36 300 47 293 88 180 100 255 28 181
2891 -0.21199773027135049 1.1075381129880739 2.7317086061644802 148 127 41 1.1897675163964183 7 306 81 246
2892 -0.44918072659594194 0.76796278238214699 2.5120064125738075 188 150 40 0.10448670987408208 7 326 81 257 63 272
2893 -0.71692619004728597 1.6493717127263758 2.5322094102973538 47 35 34 0.17666693666249397 54 325 81 270 70 46
2894 -0.74073986008169446 1.639178437454333 2.5012032388850773 103 73 59 0.13829577925648667 7 365 81 272 9 276 63 306 23 297
2895 -0.57711365382716506 0.80831572215874203 2.4900909946412479 174 143 40 0.41778601450453551 68 366 81 277 9 283 23 245 1 106
2896 -0.60124965113659912 0.8695568288485509 2.4652372327313663 156 130 36 0.36425961088659609 7 613 81 278 63 286
2897 -0.64605616210780237 0.95734811019148369 2.4652738790818582 96 70 14 0.43847481279023448 38 314 81 284 55 258
2898 -0.13969315669684526 0.70831853059746908 3.2117722381170921 150 101 76 0.23946900377145924 38 296 81 287 55 274 9 595 44 312 87 259 36 337 15 315 91 52
2899 -0.39223256028196934 0.83613988500716585 3.1739101731268651 131 125 107 0.16385955054178725 38 326 81 314 55 287 9 344 44 318 63 339 48 346
2900 -0.39175030000418798 0.83554584627555439 3.1737961628958589 131 125 107 0.12924597656480782 38 327 81 315 55 288 9 343 44 319
2901 -1.0230669754981625 1.579666651166479 2.5737142932367281 137 94 71 0.13477305572775466 38 347 81 323 55 278
2903 -0.377575713162284 0.58158350484316501 3.3111645290210601 68 45 35 0.004899544041586712 38 337 81 329
2904 -0.88389646558013901 1.2088329602453687 2.8965137642063761 91 98 96 0.38435988127340437 7 401 55 300 9 354
2905 -1.1132008567565179 1.5094128960435609 2.6895772490393322 173 165 141 0.27867671932842342 7 407 81 341 9 608 23 1039
2906 0.84364678142392469 0.89420649597942103 1.4067585012602779 144 127 36 0.19791729029779567 38 378 81 358 55 323
2907 0.77003160150374605 0.90028269847008846 1.4018317554876658 137 106 24 0.29567369469325083 38 36 81 361 55 328
2908 1.1918643623223706 2.3776085586386739 2.0124606533188238 230 215 180 0.031761078983536951 7 437 63 39
2910 1.6727946021881732 1.5278012230587612 2.6400378142398173 230 218 185 0.5238271183714367 38 397 81 380 55 369 9 383 44 571 63 40 36 737 15 816 91 949 79 889 31 882 47 956 88 853 100 953 82 922 40 838 28 782 32 793 58 807 67 1016 71 855
2911 1.6038606432694025 1.4969885083690333 2.663857331658797 231 219 186 0.075009434797748825 38 409 81 385 55 382 9 390 63 46
2912 1.5392040276999563 1.4713116690164045 2.6846580772653978 227 214 180 0.19554435061461728 38 418 81 395 55 395 9 395 44 591 63 57 36 757 48 82
2913 1.1813175951672799 1.9237837405318123 2.3414085091747503 230 215 178 0.06123954832978843 38 438 81 398 55 380
2914 1.4031244740179072 1.3155079211132963 2.7558236502551399 182 142 125 0.18971210516171841 38 699 81 414 55 693 9 408
2915 1.2802175734582615 1.3265851860771947 2.7162218913852567 163 123 105 0.15345889494559195 38 458 81 425 55 428 9 414
2916 0.58274963842856564 1.2120087864288389 2.0442809094084744 131 90 19 0.27959422261487266 38 478 81 430 44 631
2917 1.2138178538850901 1.2975343925877592 2.7297837777505074 153 108 87 0.44077601760089702 38 708 81 433 55 436 9 420 44 647 36 797 15 826 91 687 48 107 88 679 28 197 32 200 83 558
2918 0.28911933093938225 1.2690920466356832 1.7724224908153092 233 217 180 1.1139810705555515 38 491 81 434 55 424
2919 1.0339526811201103 1.2534573941207634 2.8244651646261123 111 79 68 0.30814660345221401 38 729 81 456 55 450 55 723 9 449
2920 0.35531962137565121 1.1042816118484065 2.1237453889086044 148 120 41 0.10136795201716614 38 512 81 471 9 423
2921 0.96456331551934849 1.2271156269796688 2.8575758226160692 225 209 172 0.57495646628581565 38 504 86 433 81 474 55 454 9 468 44 689 87 631 70 643 36 815 15 831 79 939 31 924 47 816 48 175 88 632 100 846 82 837 40 691 28 636 32 634 58 480 73 558 19 530 11 720 19 853 60 958 83 512 37 392 50 637 66 291 62 514 96 491 76 568
2923 0.042790423421046331 1.9202726714073239 2.322348093279798 32 24 20 0.17099395129395542 38 221 81 496 63 216 87 499 70 111 42 318
2924 -0.24624165620985308 0.73706519489096378 1.8644206444801752 165 133 38 0.13490750892180758 7 543 81 500 63 486
2925 -0.24809256283374473 0.73599080032755015 1.8613816506608127 165 133 38 0.40501065188905994 7 544 81 501 23 69
2926 0.51545032996154683 1.0297990196304918 2.9782157752739531 134 90 68 0.32573142089885188 38 537 81 514 55 509 9 537 44 458 63 557 36 562 15 555 79 654 31 647 47 550 88 418
2927 -0.22121533563484899 0.5793436163628386 1.9849933480187885 254 227 70 0.06086511944597247 38 552 81 516 55 507
2928 -0.38216997043898038 0.70845392963927323 1.8935354015866241 254 226 70 0.10202923480683256 38 567 81 522 55 514
2929 -0.34142065545383182 0.88533133868271563 1.9860385499544739 155 128 37 2.015445059357416 38 570 81 523 44 232
2930 0.013357197041933029 0.70050866495779929 2.4773730126136981 253 238 72 0.077470343393658839 38 560 81 529 63 543
2931 -0.53807538822234469 0.65469060322734729 1.941108226314006 17 11 12 0.47077502866743359 38 587 81 552 55 540 44 484 36 219 79 112 31 105
2932 -0.39154966501744293 0.88375928566756279 2.3550111542414531 163 132 41 1.144689673607735 38 591 55 550
2933 -0.22123809769227007 0.59586081061200202 2.5410419950075944 254 235 71 0.19541272851984814 38 268 81 570 55 820 63 577 65 523
2934 -0.48796688489550416 0.40140680687453195 2.1436094714405232 132 95 19 0.12448367812517958 7 295 81 572 55 559
2935 -0.44604736599776401 0.58243837993028391 2.4910961561941849 255 219 56 0.07301188302751295 7 322 81 584 55 571
2936 -0.51141289424599856 0.72449406429877983 2.5639751963681694 151 126 34 0.11561601285249838 7 606 81 589 48 558
2937 -0.18870904661938295 0.73331789171314832 3.2048634500307775 105 73 60 0.12039132739661236 38 611 81 592 44 509
2938 -0.33114701113655687 0.75571562698974237 3.1127078589750869 230 213 170 0.26200124728005408 38 616 81 599 65 620
2940 -0.40784102588759019 0.80185518568590652 3.1937066352452614 116 116 104 0.10240721730140241 38 624 81 607 55 602 44 320 23 882
2941 -0.87906912137830839 1.4409652627689093 2.7151466631210828 121 125 117 0.11482423755936862 7 903 38 634 81 609 9 855
2942 0.88923025265185862 0.83635071092220448 1.4391640426257566 151 135 40 0.1886841544881761 7 657 81 627 9 653
2944 0.99864777804308369 0.65914186586272683 1.5796151277808892 129 109 31 0.17909477021558676 7 411 81 634 55 626
2945 0.99864777804308369 0.65914186586272683 1.5796151277808892 129 109 31 0.17909477021558676 7 412 81 635 55 627
2946 0.70641112709359388 1.0481382869088045 1.2900050454597374 114 99 30 0.50602530461522199 7 665 81 636 9 652 63 396
2947 1.6566822363221809 1.5785387434976472 2.6233190454885222 238 224 189 0.23746065791380161 38 665 81 652 55 656 44 805
2948 1.6681804943507164 1.4786017787512282 2.6600852949776375 101 72 61 0.15354200777951035 38 667 81 656 55 661 44 575 63 683 36 754
2950 1.5914264439691497 1.5392573882189939 2.63712143895998 234 218 181 0.24205065062980996 38 672 81 663 55 669 9 387 63 427
2951 0.42510305494964401 1.3282285560058176 1.8497525999128142 236 218 175 1.1209812040109526 38 718 81 680 55 691 9 386
2952 0.50112347066246055 1.2167972957659752 1.9983657974336153 156 117 29 0.23147939291071715 38 925 81 686 55 698
2953 1.0600947519368622 1.2916175469314566 2.806709268166546 79 57 51 0.42837507883988857 38 726 81 695 55 715 9 739 44 834 87 773 15 981 79 933 79 1077 31 916 31 1072 47 937 88 764 82 992 37 534
2954 0.16715143777980149 1.4230826465311053 2.037264642746377 85 96 124 0.083533336228509336 38 749 81 705 55 727
2955 0.16715143777980149 1.4230826465311053 2.037264642746377 85 96 124 0.083533336228509336 38 750 81 706 55 728
2956 -0.22017723810758935 1.9092911045220828 2.324317636223503 43 37 40 0.16763059429309463 7 814 81 745 55 773 63 781 87 669 23 821 91 597 42 549
2957 0.42990693038731598 0.9597136821643607 3.0066141488123317 36 23 21 0.29755652718048209 38 781 81 747 55 521 9 793
2958 -0.3527461288964942 0.39809019604250867 2.1179611613533447 254 234 69 0.10688827342766898 38 582 81 775 63 538
2959 -0.38171869130881608 0.445460504674066 2.0850480755386038 255 230 72 0.36651960637231024 7 807 81 776 15 485 79 592 31 572 17 102
2960 -0.47409248763030215 0.47824998151321824 2.0711848266215522 254 228 71 0.019032548732259999 7 816 55 813
2961 -0.63141365149504947 0.85121758114381452 2.2492968337798547 140 120 35 0.24587529875139472 7 849 38 836 81 794
2962 -0.41232725494211397 0.5901119517323915 2.5627975133000511 254 229 63 0.48049729212382553 38 607 81 795 55 832
2963 -0.4705732013402541 0.63397566778812176 2.6313764727256923 92 74 19 0.18510839293792203 38 841 81 802 23 601
2964 -0.45281859601326263 0.67531441921908608 2.6816601547114378 92 74 19 0.37284147255968875 38 842 81 803 55 838
2965 -0.6812904361615767 0.92090546119125904 2.4372937883634727 124 128 150 0.65106773816731789 7 864 38 849 81 804 55 833 23 845
2966 -0.6779153740703957 0.92609025748657647 2.4444435284256594 124 128 150 0.86790170079672535 7 865 81 805 55 834 9 831 23 846
2967 -0.72171618825199269 1.015332029254161 2.5119031460327412 100 108 131 0.10647781636871613 7 871 81 809 9 1019
2968 -0.68766000759463564 1.2567551485757864 2.851216600716286 109 110 100 0.11008533389423533 7 882 55 841
2969 -0.77948491938101161 1.2852899276858305 2.8334751557295892 116 118 108 0.11691739372075824 38 866 81 829 55 844 9 861 63 875
2970 -0.77964797186833712 1.2840371994745421 2.832529111767661 116 118 108 0.12624913097743773 38 867 81 830 55 845 9 862
2971 -1.0854476766622656 1.4635854102957788 2.713803267337997 155 154 138 0.1433695419079678 7 911 81 849 9 877 63 1040
2972 0.95985247827768572 0.73197269658151798 1.5139380347222269 153 136 43 0.20122205542951299 38 885 81 866 55 881 9 919
2973 0.8841131196576647 0.74384003237219265 1.5780276370916939 35 37 42 0.97259263592007805 38 897 81 875 55 891 9 1059 63 1042 23 1045
2974 0.73203229938276981 2.3330964440056117 1.9919381818581336 1 0 0 0.54527532016322833 38 915 81 887 55 896 44 799 70 869 42 932 91 821 37 762
2975 0.42434950518553294 1.2840805300131921 1.8662031396200056 149 123 43 0.15243500875807806 38 923 81 890 55 902
2976 0.40932839374324609 0.9585166224303947 2.0285574765904051 166 146 51 0.25352687641163824 38 930 81 905 55 919
2977 1.1694177346156673 1.1945907384398184 2.8615240599874707 1 1 1 0.34332682565281075 7 725 38 924 81 908 55 925 44 837 63 721 87 769 23 762 65 731 1 434
2980 -0.36253529592271105 0.48219768432160565 2.0558355805066437 255 232 73 0.17927238895443151 38 979 81 949 55 975
2981 -0.49509887149806098 0.55485103510931733 1.9970308714848211 255 232 73 0.2822733284559793 38 988 81 955 55 981 9 979
2982 -0.49509887149806098 0.55485103510931733 1.9970308714848211 255 232 73 0.2822733284559793 38 989 81 956 55 982 9 980
2983 -0.49570060905826802 0.75347185271009065 2.5260249339042176 221 181 49 0.23878100037861763 7 847 81 969 55 1005 9 1010 63 814 23 832
2985 -0.21380200049475065 0.7570742712657621 3.2026159353711594 77 56 50 0.076536881928773379 38 838 81 979 55 1022 44 906 63 1011
2986 -0.29377811130616216 0.73164805213741024 3.1447511419346195 220 207 172 0.431127601116777 38 845 81 983 55 1098
2987 -0.33385494260594178 0.75067476024561253 3.2269799221410702 223 211 175 0.21958069739179828 7 1016 38 1002 81 987 55 1030 9 1043 63 1023 65 812 23 873 1 488
2988 1.1802665443524654 0.9699353872449209 1.4791244395483054 0 0 0 0.011708723217349098 68 1065 81 1002
2989 0.44081489887600483 1.3070369183859953 1.7695096128874435 111 90 23 0.55963479247992687 38 1042 81 1015 55 1054 9 1068
2990 1.2557818121297504 1.2340770695084815 2.7528153885924196 130 105 97 0.41953308509375592 86 937 81 1022 55 1060 9 950 44 942 63 1059 87 879 23 1051 91 1003
2991 0.36258498722216631 1.2520993169587216 2.0615812837896526 55 53 66 0.73846571478102629 7 1139 38 1054 81 1028 55 922
2992 -0.12757060689488636 0.63404144379367589 1.9527461512374411 255 236 74 0.12090286142520568 38 1063 81 1037 55 1077
2993 -0.1647547589205868 0.67826533417243096 1.9084816725023706 255 237 73 0.21502660782505423 38 1065 81 1039 55 1072
2994 -0.22551898726127878 0.52488214613790851 2.0247959862216276 255 238 74 0.43887850879373191 38 1074 81 1045 55 1080 9 1086 87 936
2999 0.38066881243397682 1.3109674748919777 1.7836408587103143 230 214 175 0.68721101210256919 38 1046 81 1096
3000 -0.55090511223363092 0.52221643700091924 2.0439695397047073 255 236 68 0.22734431278897602 38 1156 81 1112 55 1139 9 1144
3001 -0.60760359396516883 0.8877871495668862 2.406779447164149 164 130 35 0.17755831934866428 38 1159 81 1117 55 1143
3002 0.97963008093006154 0.70312772646315758 1.7285867348988966 149 129 38 0.56968431016521337 38 1034 81 1124 55 1114
3003 0.79346469837558153 1.0124655117179073 1.5481211865212199 124 101 38 0.47924428070209635 7 1165 81 1126 55 1113 38 1118
3004 0.72437412667079226 1.1475627887513511 1.5856821034273019 141 125 46 2.0212793820392689 7 1130 81 1129 55 1116
3005 0.60287866639799625 0.91252597352659826 2.0661079594683893 187 171 140 0.45243155167139565 38 1199 81 1134 55 1159 9 1130
3006 0.59887797431340328 0.90647977760973686 2.0611274498707388 187 171 140 0.53606517925220087 38 1200 81 1135 55 1158
3007 -0.48975934650561159 0.61079008640391064 2.4738263529643763 124 0 0 0.43272606360055815 7 1152 38 1187 81 1151 55 1175
3008 -0.51616032298029058 0.77176959667407907 2.5240987838913211 214 173 46 0.093134538425657998 7 1186 38 1189 81 1152 55 1176
3009 -0.53540528494414819 0.82155686447397158 2.7782669643311309 59 65 78 0.64458909908094708 38 1162 81 1156 55 1148
3010 -0.67628422511333308 0.86689114429098368 3.1497970251727634 188 178 150 0.21119467165472913 7 1192 81 1158 9 1184 23 1177 65 1083
3011 -0.3129106633194485 0.74975786225218277 3.023388176418139 10 10 12 0.78304122467779713 38 1191 81 1164 55 1178 9 1198 63 1190
3012 0.64593816883091781 1.2769310174240989 1.3166525126472863 133 111 29 0.80806253972645692 7 1210 81 1165 55 1180 9 1185 63 1194 48 1081
3013 1.6075708256392032 1.3178463446489121 2.7748558832927261 0 0 0 0.73694200727016368 38 1220 81 1177 63 1199
3014 0.35518949672949507 0.80575611801042046 2.3653512733849418 29 34 47 0.4850229925205517 81 1180 44 1121
3015 -0.15330741563162392 0.79784466292574041 2.3474746776727589 255 227 66 2.8570760513083906 68 1338 81 1181
3016 1.2966217845959105 1.2755079916227881 2.3725564149540253 231 215 180 1.5896789666676299 38 1219 81 1183 55 1209
3017 0.19807835314951408 1.6515538685746833 2.2220339926617378 16 21 31 0.95094103741279468 81 1185 55 1203
3018 1.1302413703705325 0.81020647708462468 1.6080468306970015 147 129 37 1.8501341846498252 7 1233 38 1223 81 1188 55 1207 9 1213 63 1214
3020 -0.17135851197318194 1.9040997651713012 2.3345212291918642 37 29 31 1.5908975011344266 26 856 89 1302 41 1143 97 1187 8 1235 95 627 24 988 59 1377 68 1155 46 1447 22 1425 7 811 81 743 86 258 38 555 7 272 55 491 44 188 63 780 23 817 65 560 72 333
3021 0.72947185969162853 1.0887848784328844 1.2506034200372329 154 133 40 0.64742957481996866 68 1073 7 925 81 861 86 808 38 889 55 873 44 529 70 842 36 588 15 581
3022 -0.25181974390859441 1.8803388805198582 2.3905210439728481 36 30 33 0.8406317769767091 26 852 89 1299 41 1141 97 1185 8 1234 16 752 95 819 51 1560 38 967 34 1159 81 943 86 740 38 799 7 820 87 674 87 825 91 594 42 548 42 706 30 955 72 459
3023 0.91632083600884817 0.78640889136120884 1.4784296197818345 152 136 47 0.27261771500238563 38 647 81 629 9 654 44 546 87 750 70 674
3025 1.1706033408730285 2.4343512434054229 1.9746266503471759 231 217 180 1.2343203342374831 59 418 46 293 22 397 52 834 90 754 99 1072 84 1055 26 1160 89 1312 41 1156 97 1199 8 1138 16 1096 95 1150 24 965 61 756 54 624 59 1085 95 740 93 1196 13 1501 86 613 38 406 7 439 81 366 55 335 70 885 91 910 42 874 77 261 88 909 100 923 40 801 28 842 32 826 58 859 73 1000 67 1065 72 968 21 994 21 1255 10 1044 49 1184 43 205 64 356
3026 4.4936674777033652 5.8145027235322209 5.2115961858643329 135 126 105 2.1573303775239934 38 50 55 32
3027 1.5696252920148153 1.5595549843270109 2.6204479985955862 232 217 181 0.24249401786924696 38 59 81 67 55 54 44 386
3028 0.58711639433007301 0.71819801521902238 1.8356970942453008 121 87 20 0.13479537028299676 81 80 55 79
3029 1.2812189246754366 1.4479226508720815 2.7119548469047166 114 105 86 0.10648847262701917 81 105 55 93 9 117 44 133 36 240
3030 1.2812189246754366 1.4479226508720815 2.7119548469047166 114 105 86 0.10648847262701917 81 106 55 94 9 118 44 134 36 241
3031 1.0923791116834705 1.2171753656289706 2.8443740653225054 41 25 20 0.20211093393330393 81 132 55 123 63 151
3032 0.52796314413644008 0.95248126563573454 2.568356755294174 20 25 37 0.08821809790138907 7 188 55 157
3033 -0.54797603495302083 1.1008592694554964 2.1796391873860901 121 112 44 0.21546977409044565 81 239 55 207 63 246 7 837
3034 -0.38715880577484024 0.86222852538336126 3.1627122068752156 203 187 149 0.60417288409757919 81 310 55 286 9 339 23 310 65 642 48 848
3035 -0.47059251768978688 0.81139275077485473 3.197795024822824 167 159 136 0.19792991281180061 81 326 55 297 9 355 23 329
3036 -0.47063824356130024 0.81159116335446313 3.1975547525167323 167 159 136 0.16968668483268787 81 327 55 298 9 356 63 362
3037 -0.40735908212710237 0.67624654179835253 3.2811973083289989 107 108 101 0.26698218682936248 38 338 55 301 9 358 63 365 23 326
3038 0.77716030757984145 0.99622121312891865 1.3309013214757601 138 124 36 0.28889678873789404 38 379 81 357 55 322
3039 1.328188704496285 2.0373737038346365 2.2612453293871027 225 212 177 0.07731509451880024 81 379 55 349 9 41
3040 0.35687411265900726 1.0447434598532037 1.5494036728210936 243 209 68 0.16865639453824674 81 393 86 434 55 378
3041 1.4710915057325977 1.5801809366270054 2.6053002816884718 231 217 182 0.35422226782590216 38 419 55 388 9 81 44 388 15 780 47 823
3042 0.40077763393960131 1.3631220493134748 1.7644198265233821 227 213 176 1.41172447209442 81 415 55 405 9 379
3043 1.3813382527301172 1.5004978400105944 2.6609501943624561 119 108 87 0.048483898797176884 81 408 55 409 9 402 44 407 63 436
3044 1.3816521437202269 1.4999372623109266 2.6619417755486445 119 108 87 0.19047731000135018 81 409 55 410 9 403 44 408 63 437 36 498 15 533 79 615 31 603 47 558 88 256 100 576 82 262 40 178
3046 1.3495540634009537 1.3786277711131327 2.7176707133023856 108 77 65 0.056263496104984802 86 380 55 421 44 412
3047 1.3211287229572295 1.4467287871066346 2.7086696346886789 228 213 177 0.22855801268829318 81 419 55 422 9 409 44 620 63 91 36 769 15 810 79 904 31 894
3049 1.298932670833306 1.3571141907442348 2.734710046389496 149 102 79 0.47872649480664864 38 457 55 427 44 634 87 593 36 789 15 824 79 625 31 614 47 560 88 460 88 683 28 445 32 464 58 204 73 242
3050 1.255692818421833 1.4193823887534789 2.7244592736568367 213 198 164 0.36044123644275178 81 429 55 430 44 633 63 103 36 775 15 811 79 908 31 900 47 821
3051 1.1898790299452657 1.3988563257860618 2.7467115134761482 211 196 162 0.3354536026054174 81 439 55 438 44 646 36 782 15 812 47 820
3052 1.1260554542771399 1.3646322816662972 2.7617990291912067 222 207 172 0.52803891638334277 81 445 55 444 9 429 44 655 87 601 36 791 15 813 79 920 31 905 47 819 88 669 100 570 40 702 28 439 32 458 32 656 58 202
3054 -0.093095192337868699 0.63238157560015096 1.9445530906471589 254 229 71 0.034230092731599958 81 495 55 487
3056 -0.32213756036114705 0.72878934224429448 1.8695707449972589 254 227 70 0.033319711088639792 81 513 55 500
3058 -0.47728556029799413 0.5984951903537884 1.9664105510188086 255 228 70 0.1293076982568159 81 546 55 534 9 520 63 530 36 509 23 517
3059 -0.46700186671888799 0.58025471010397223 1.9815781706473143 166 136 44 0.19202380514077411 81 550 55 535 63 535
3060 -0.46671157889546394 0.58163633366819267 1.9818546553929433 166 136 44 0.21303632383340537 81 551 55 536 9 522 63 536 23 520
3061 -0.48540671957016857 0.40665814956639418 2.1501843679118364 127 91 19 0.25640475307547811 7 294 55 558 9 552
3062 -0.81700648932202824 1.4687104690595589 2.6929703302319146 111 114 109 0.22669386350389184 38 629 55 576 63 867 9 588 65 816 48 609
3063 -0.11588195197121323 0.67208037455023983 3.2334441430332275 154 104 77 0.21180630162264374 81 285 55 579 44 511 87 257
3064 -0.39082645377245223 0.77517409042303709 3.2137890651478975 222 209 173 0.16682441429290765 7 623 55 604 9 613 63 632
3065 -0.45267298846738563 0.7472418987208318 3.2327651051927293 224 212 176 0.034134928097990201 7 633 55 609 9 622 63 639
3066 -0.48133427895778869 0.67202737303999804 3.295110463590802 225 212 177 0.063168603212773913 81 615 55 611 9 630 63 642
3067 1.5857817682685158 1.3998001732840351 2.7060921536902418 161 115 93 0.21735990874306862 86 595 55 679 9 394 81 388 44 593 63 430
3068 0.26264721321383316 1.15902367312654 1.8073616442249267 224 208 170 1.3809621480103822 81 691 55 703 9 684 63 688
3069 0.54771929878117487 0.73488804175913369 2.0644792746535616 234 217 176 0.30110547222825423 81 689 55 707 9 691
3070 0.27904759473106733 1.2379458591221952 2.0313514706066167 126 92 27 0.068409774054766254 81 465 55 712
3071 1.0356131212215427 1.2468358474227859 2.8267209964649123 109 75 62 0.6728556911617064 38 728 55 724 44 676 87 617 9 959 70 645 36 812
3072 1.0041074633921101 1.3173138311031951 2.8114566766078841 225 210 173 0.31507033957351877 38 731 81 463 55 725 44 673 87 621 70 647 36 805 15 817 79 931 31 914 47 922 88 752 40 690 28 639 83 687
3075 0.06698209599955951 1.0324199767382596 2.2515694550321319 254 229 71 1.1523437871180495 38 769 55 766
3076 0.66233010947538529 1.0841771070513657 2.950945050881054 152 101 77 0.58684688951642738 81 731 55 768 9 777 44 859 87 807 70 782 36 969 15 996 91 798 42 722 47 791 31 932 79 949 48 529 88 552 100 811 82 815 40 637 28 560 32 573 58 651 73 522 67 600 19 439 11 452 12 284 60 579 71 270 6 204 83 472 57 835
3077 0.45523665032536076 1.0049264588265296 2.9987754309652659 134 90 67 0.043755208935713441 81 744 55 782 44 724
3078 -0.45286097101503203 0.67325736110735723 1.9090204668622248 254 229 71 0.036773959980126121 81 757 55 787 9 767
3079 0.36936159849857669 0.93912889242590458 3.0322587430192862 43 30 31 0.28585205621804383 81 754 55 795 9 800
3080 0.32694344178903162 0.94716355320495593 3.037043088743792 134 90 68 0.17677734915267893 81 761 55 798 87 515 70 310 91 346 42 301
3081 0.29458858992532411 0.97068615478867204 3.0392532144555586 124 82 63 0.11572496104341252 81 765 55 802 44 736 36 838 15 837
3084 -0.25096465663113121 0.70439124570353762 3.2169405174375054 104 72 59 0.2998959029999011 81 814 55 847 9 867 44 516 87 541 86 529 70 283 36 577
3085 -0.51106811812350517 0.87568311226264794 3.134091201907327 129 127 115 0.12870611366493934 38 861 55 860 9 881
3086 -0.64149723654379587 0.94561328193580396 3.0733668045202389 130 127 114 0.084737266567374403 38 872 86 777 55 861
3087 -0.52888561787263622 0.71796010089230855 3.255985829970216 226 213 176 0.16355604609289495 7 883 55 868 63 898
3089 0.53302534013524827 0.77671213467400579 2.071968001510875 30 38 48 0.092612225641343818 81 897 55 913 9 942
3090 0.53302534013524827 0.77671213467400579 2.071968001510875 30 38 48 0.092612225641343818 81 896 55 914 9 943
3091 0.4580089716001004 0.70485192506000427 2.1047640240304122 214 206 200 0.74946533789498104 81 909 55 926 9 703
3093 0.68171810601960481 1.008282109931016 2.5577618459540092 15 16 17 0.23259664897852605 81 703 55 932
3095 -0.46381885991725913 0.50083054779590364 2.0321980270537074 255 232 72 0.27419897461195736 81 954 55 985 9 982
3096 -0.67807092806749003 1.6922547031325943 2.4368469355815678 72 53 49 0.14339922374161221 38 997 55 990 9 1001
3097 -0.63032713702654619 1.6408092668315863 2.486745367670852 76 57 51 0.18111544250331346 81 792 55 992 9 819 44 873
3098 -0.11676143302028763 0.78946120124887509 3.1542552260373764 47 33 29 0.38592801505546309 81 970 55 1011 9 1025 87 700 36 846 15 839 91 568 79 669 31 660 47 515 48 953 88 324 40 110 100 211 83 289
3099 -0.58782732270703175 1.0870058570835817 2.9588515955473533 126 121 105 0.11524754297642224 38 1005 55 1024 9 1039
3100 -0.58782732270703175 1.0870058570835817 2.9588515955473533 126 121 105 0.11524754297642224 38 1006 55 1025 9 1040
3101 -0.99229374628017231 1.3151875622274223 2.7978983434242495 125 125 114 0.21456196599828362 68 1169 55 1033
3102 -0.25490113251974 0.73759328327759199 3.118910425093143 221 207 171 1.6224114165081707 81 807 55 1096 9 1111 44 1003 63 834 36 1137 15 1118 31 1233 65 613
3103 -0.56410143362924547 1.731683989460854 4.0008609731924452 164 158 136 0.17199597082039439 38 1193 55 1108
3104 0.97963008093006188 0.7031277264631578 1.7285867348988968 151 130 39 0.56968431016522136 38 1035 81 1125 55 1115
3105 0.50881891602976959 1.2826214765646833 1.9824893272633566 98 65 11 0.1959202171075172 81 1097 55 1125 9 1069
3107 -0.4183817523776675 0.41995566375314908 2.1668948142583906 255 233 72 0.35347875004811136 81 1149 55 1171 9 1169
3108 0.82521578738395263 1.2144113360262301 2.8565083608819646 228 213 176 1.5882171093145265 9 1204 15 1191 79 1272 31 1269 47 1142 48 1124 88 1027 100 1126 40 1012 28 958 32 921 82 1108 58 966 73 1065 19 978 11 944 83 901 57 1147 17 1209 5 1094 74 1041 66 964 62 873
3109 -0.45425524710374721 0.72783814989233364 3.2627060075504506 223 208 170 0.045467281722373278 81 1199 55 1215
3111 1.3925277208764069 2.0675713179074462 2.2401433804318449 232 218 182 0.13823353871801775 55 338 9 32 63 35
3112 1.4111865753602282 1.555387250644215 2.6274073667924429 230 215 179 0.26657235169598892 55 402 9 95 44 393 36 722 15 787
3113 1.4102139222640502 1.5545434928112116 2.6252553806690311 230 215 179 0.32251136704105593 55 403 9 96 44 394 15 786 36 723 47 822
3114 -0.52312108054189466 0.43284504188353451 2.0937305555348553 136 114 39 0.11517991634943665 81 247 9 228 63 227
3115 -0.81470893084761387 1.6538628623003033 2.5279710184150992 50 39 36 0.23443918906251185 7 382 9 287 23 660 65 360 48 263
3116 0.023637949302443041 0.81447810790700959 3.1830224611542151 107 74 60 0.11016448437463698 55 247 9 296 44 296
3117 -0.66503935740904963 0.92839858067880643 2.5411863414965521 64 74 97 0.47099638213713574 7 354 9 299 63 605 23 850 65 762 48 256
3118 -0.85733448054311678 1.4820853736916788 2.6691481043176264 122 123 115 0.12447542795854531 7 395 9 316 48 308
3119 -0.65549623233603149 1.0872605900573737 2.9421414239007686 83 87 81 0.24987499829526191 7 386 9 338 81 320
3120 0.73833254229559508 2.3401593221386281 2.004977625678559 2 1 1 0.10038564820871809 55 671 9 384 44 554
3121 1.3539690035699026 1.5312163972060677 2.6529292461607064 233 218 182 0.14171007612805087 55 411 9 405 44 600 36 738 15 788 88 685
3124 -0.39030760521147495 0.77771401809281804 3.2170600903324607 222 209 172 0.12336728120172302 7 624 9 614 31 448
3125 -0.47507137467428967 0.76714769767934454 3.2118446531472853 127 124 108 0.22354303869680045 7 370 9 620 63 372 48 644 65 656 5 378 74 348 35 292
3126 -0.46865389643894551 0.77872615064395789 3.2213180356622915 127 124 108 0.60327622251492641 7 371 38 340 9 621 63 373
3127 -0.43515560819749155 0.57878176780971635 3.324409093914598 73 51 42 0.038778243208736574 7 374 9 631
3128 1.3041328848207396 1.4847613869832703 2.6821946484599262 232 216 177 0.37048077177377808 55 903 9 702 48 738
3129 0.40792991906568843 1.0697362598373317 2.1691929139935988 137 111 31 0.35295423274988691 55 720 81 464 9 719
3131 -0.1969980172295519 0.65642402994958593 2.5088280894821144 253 221 62 0.12574450371505005 55 815 9 805 44 751
3132 0.16679850086622425 0.90871903748597005 3.0710484832142297 81 55 46 0.22076073845734609 55 814 9 820 44 747 36 841 15 838
3135 -0.69504812622700396 0.98834960792096183 2.5383875989533684 93 110 144 0.54129678281765392 55 265 9 840 63 1002
3136 -0.58843463800055795 1.0767960482503565 2.9554339228932514 128 121 102 0.19385920407787946 7 637 81 821 9 859 63 627 23 664 48 834 65 814
3137 -0.34475361722084863 0.82450994124541377 3.173469207956471 115 112 98 0.23248401912862315 55 595 9 868 63 856 7 618 23 870 48 846 5 657 74 608 35 576
3138 1.0726316507130187 1.3338585545289714 2.6972008184834189 229 213 175 1.7671078934353963 55 915 9 952 48 747
3140 -0.39607318142218201 1.4081954509448229 2.1701565747654588 91 101 102 3.2932915426154374 81 1146 9 975
3141 0.52968582168653633 1.0518003841497015 2.9517578829348965 51 28 18 0.75347481200961275 55 954 9 981 44 964 36 1054 15 1057 79 1089 31 1079 47 752 48 928 88 537 100 553 82 580 40 420 28 402 32 403
3142 0.21567160208888309 0.91944317026461342 3.0554304098540306 89 61 51 0.8945309155958463 55 984 9 1000 36 976 79 1092 31 1081 88 520 100 536 40 386 28 520 32 377 58 394 73 205 67 563 19 214 83 452 66 579 62 497
3143 0.10750478432450511 0.95038892065069436 3.0873197653157751 213 197 160 0.48816965847876703 55 993 9 1009 44 884 91 595
3144 -0.49367554049247003 0.65866038848524477 2.5900889963605498 105 63 9 0.47137464452425593 81 800 9 1016 48 788 5 532
3145 -0.089198343747841025 0.87157978309058348 3.1378001090176997 211 197 161 0.3434112894936806 55 1006 9 1021 44 895 36 981 79 1152 15 1059 31 1157 47 1004 48 949 88 887 100 992
3147 -0.95885623232010686 1.2724813884732276 2.8526195356693589 128 128 115 0.36520216472014766 9 1117 23 1133
3148 -0.44199245452582642 0.59351777262011607 3.3107979672641075 123 86 67 0.65057529265206726 7 1025 9 1121 63 1106 36 985 15 1004
3149 0.42892316054265672 0.99707832210746739 3.0144526721299063 41 25 19 0.40114753732549713 55 1134 9 1146 36 1132 15 1119
3151 -0.62909206970623188 1.0263559348676301 2.7153798670000282 58 61 56 1.8834222147320165 55 1194 9 1210 63 1219 48 1129
3152 -0.96840681171030762 1.527345942639796 2.7047043662517685 115 119 114 0.88353391739720799 55 1213 9 1219 44 1123 48 1130 74 1057 5 1102 35 1004
3153 -0.71517772889079012 0.98388709895761017 3.0115680372606453 128 126 114 0.49513093376456113 81 1187 9 1220 23 1204
3154 -0.64496657020920856 1.056955990862293 2.9821937246726486 128 123 108 0.47859087582014903 68 1026 38 864 9 873 38 630 81 324 55 601 63 635 23 675 65 823 48 842
3155 0.68512097435836816 0.98285072723797084 1.3132932253178362 188 200 228 0.36167763552827265 86 58 44 47 79 469 31 474
3156 0.86025745017867061 0.72086939497335933 1.5244931459054487 190 200 225 0.25784858810024591 38 34 44 63 36 107 15 138 47 106
3157 1.696299489065173 1.5586005685127875 2.6256620917403666 117 112 96 0.16385695402378442 38 47 44 77
3158 1.696299489065173 1.5586005685127875 2.6256620917403666 117 112 96 0.16385695402378442 38 48 44 78
3160 0.57092262004371164 1.0209022517121402 2.9728021091466879 146 97 72 0.17899269334367746 7 224 44 229 87 191 15 306 91 127
3161 0.82842795946603665 0.77108172525143193 1.4803949294350089 193 203 232 0.065550050843088292 86 49 44 366
3162 1.6051521331883836 1.64382998095879 2.5718606774753812 234 218 182 0.1030018966404623 38 403 44 376
3163 0.61566311581185762 1.3026128992157213 1.9806853994791631 127 93 21 0.28726866450774585 38 470 44 410 87 474 70 362 36 116 15 116
3164 1.3450142775776546 1.3715134031395504 2.7131244716451541 106 73 60 0.32377541760002321 86 379 44 413 91 514 42 458 83 402
3165 0.010402363133114557 1.9387651205693168 2.3161137861506682 76 56 50 0.16235331670695671 55 473 44 430 87 504
3166 -0.3085611129792728 1.1964678641237181 2.1116828693667538 251 212 64 0.042103939301932257 55 780 44 450
3168 0.70259425887611138 1.1414837046878445 1.2136624635433026 168 138 36 0.20683699724314056 86 594 44 523 36 351 15 317 79 462 31 464
3173 0.7636346120410602 1.1117237802590803 2.6015510339321195 227 209 170 0.14607047408519111 9 445 44 690
3175 0.61257886418343765 1.0940066145691976 2.9326445379820987 104 69 54 0.61948212572778305 55 771 44 716 87 653 36 832 15 832 91 634 47 772 88 544 40 617 28 417 32 415
3176 -0.13617774579840844 0.67283374236507976 2.4840320504813578 254 216 63 0.54022108821476555 9 796 44 748 70 293
3177 0.75213316986888923 1.03582485551335 1.2875423354289282 145 131 43 0.35778999600025518 38 890 44 785 87 753 70 835
3178 0.51852614737859304 1.2381103882238809 2.0222621005073349 158 119 34 0.34591893877340213 86 841 44 819 87 890 70 933 36 886 15 647
3179 0.087449934322185174 2.0096244338579607 2.1900762058505192 73 53 47 0.26708113957361812 38 949 44 820 87 654
3181 1.049279973887894 1.3939733739998867 2.7697480367843013 230 214 174 0.070718598596576185 55 924 44 827
3182 0.6720493687455058 1.1881034433539424 2.8934038157147235 224 208 171 0.58268872478154166 55 763 44 855 36 961 15 1047 79 1140 31 1139 47 1017 100 1003 82 987 40 899 57 962 17 1028 5 931 74 884
3183 -0.31200875934368316 1.7691987218296306 2.4108656721175352 84 94 96 0.89529875849938401 55 962 44 856 63 1167
3184 0.61342851543129973 1.1590563557551938 2.9162202484927762 222 207 170 0.30194231061027843 55 943 44 857 36 1048 15 1048 79 1142 31 1142 47 1070 100 1002 82 986 40 944 88 971 28 896 58 861 67 1007 57 963 17 1031
3185 0.48526733811238321 1.1005453252927695 2.9495477618691868 217 202 164 0.65538087425211511 9 983 44 866 36 967 15 982 79 1087 31 1144 47 1013 88 899 100 1000 82 910 40 896 58 793 67 816 19 682 11 704
3186 0.1660365700105528 0.91355443704715167 3.0807268610202581 69 47 42 0.55772801019151308 55 988 44 881 36 977 15 999 91 599 31 1082 47 718 88 362
3187 0.040385775684836416 0.92477555617593266 3.1003749177241335 211 196 159 0.37789438367420314 55 999 44 887 36 978 15 989
3188 -0.17412708325290716 0.62506977181617684 2.5352507351798477 254 229 68 0.070386338414803462 55 989 44 888
3189 -0.023550772338716428 0.89584699508018317 3.1156637143140862 210 195 159 0.3187140949935966 55 1003 44 892 36 979 15 992 79 1151 31 1156 47 1006 88 889 100 994 40 890
3190 -0.5546707557962145 0.58858407368322418 3.2931897174097879 1 1 1 1.6573643743677828 54 834 44 920 31 942 79 1098 57 1036
3191 0.76670543884945097 1.1368975662078684 2.9129310968271103 227 212 175 0.63589173883631911 9 1140 44 951 36 1049 15 1058 91 988 79 1206 31 1205 47 1022 88 906 100 946 82 915 40 900 28 841 11 827 83 801 57 967 18 923 17 1099 5 930 74 949 35 840
3194 0.74720190993087032 0.88872331281587025 1.4220558275813477 23 30 42 0.39537775637661815 86 1031 44 1017 87 977
3195 0.84128641422381745 0.74827184521114343 1.50478427676798 183 193 221 0.17611282586395505 86 1030 44 1020 87 974 15 1092
3196 0.36456318524250081 0.96931370216878587 3.0287832814434199 50 34 33 0.67004325541771326 55 1135 44 1038 15 1120
3197 -0.024787475343104409 0.71324621681205902 2.4975833186747245 184 120 35 1.6904636166530072 9 1196 44 1073 36 1181
3199 0.88780302572938863 0.7783990497751575 1.4212090012045107 148 124 33 0.34030112360760373 44 1097 36 1185 15 1172
3200 -0.73021000051949259 1.7073385880443408 2.4422108653638182 1 0 0 0.37488862267489981 55 819 9 821 44 729 86 908 7 1019 63 995 36 662 15 36 23 1083 65 925
3201 -0.75681730933265168 1.082899984804534 2.9471522362222768 123 123 112 1.489639880624325 68 1243 46 1404 22 1330 94 1266 38 1100 7 1113 44 908 68 1031 7 1031 81 995 55 1031 9 1044
3202 1.2336475593117788 1.2046244232814196 2.8141378047105619 1 1 1 0.59991426289423866 55 1063 9 1074 44 943 86 629 38 711 7 716 81 895 63 459 23 445 65 515
3203 -0.12584056221057438 0.58452363172940547 2.2500961710899596 13 13 15 1.5946239603967844 9 1195 44 1075 38 792 81 1049 55 1186 70 748 87 841
3204 -0.54229934408016356 0.44414790926352299 2.0848590830500013 255 228 72 0.080189133173861116 55 823 44 758 81 788 9 797
3205 0.73369689235641888 2.2937275138110649 2.0308439181661773 108 77 65 0.046910863709863672 7 143 63 90 23 76
3206 -0.41126851635751677 0.57089836389435011 1.9927532026081638 193 149 42 0.40066514029078587 9 514 63 202 48 88
3207 -0.36096958043763111 0.43683358513747461 2.0923260924831562 159 124 33 0.15498329617236242 7 259 63 208 23 111
3208 -0.44364474604034404 0.97115936271939851 2.3637054997935136 153 113 27 0.56238370434360063 9 243 63 258 65 215 48 209
3209 0.009664820169024561 1.0972242340540774 3.0463453177183988 27 19 10 0.075687731897881361 55 222 63 275
3210 -0.58417964758560359 0.86794690426559473 2.4500335806820579 128 99 24 0.085601107590164691 7 341 63 280 23 242
3211 -0.36653415056451755 0.90237689309137636 3.1197260966595639 64 68 65 0.21522982003503041 9 333 63 331 65 369
3212 -0.37059808604601613 0.89595663913308399 3.1132832519328466 64 68 65 0.12895751653454116 9 334 63 332 23 641
3213 -0.34833154244179526 0.85994791966193573 3.1598283309874602 194 181 148 0.057380834608412978 9 336 63 335 48 336
3214 -0.37681341703101567 0.86804545452014348 3.1362040790107177 122 118 100 0.53663433066444655 9 337 63 337 23 645 65 639 48 843 1 226
3215 -0.6544191912321019 1.1597492624039567 2.9037179211704602 104 105 95 0.12035304889625952 9 332 63 351 23 328
3216 -0.9420974151448076 1.6025240310887028 2.5670963380167908 64 44 37 0.17694531588702236 55 264 63 354 23 352
3217 -0.4068232982666819 0.67860989517474957 3.2819647124061593 104 105 95 0.17829308095342114 9 359 63 366 23 327
3218 -0.72282817114324016 1.1265171777041896 2.9208031358327613 117 116 105 0.094043097285486599 38 343 63 369 81 328 23 349
3219 -0.62481084704989931 0.92197631811223713 3.1009009693124638 86 91 86 0.099423477941696689 9 357 63 377 23 682
3220 -0.48134405960369464 0.53314820216223535 3.3703730184288916 158 108 82 0.072559448428698922 9 360 63 386 23 359
3221 0.68509003474707231 0.84859558505224331 1.4242023969544149 121 97 25 1.9160566493922826 81 27 63 402 65 2 56 3 1 2
3222 0.80722236670250036 0.99317209011015894 1.5977825619814239 129 112 35 0.48830357306831867 9 18 63 407 23 385 65 15 2 15 80 15
3223 0.44461323537546527 2.1473833378016822 2.1285176230388481 106 73 62 0.29175620813932868 55 431 63 477 23 508 65 173
3224 -0.43324328092193365 0.53113286914036129 2.019003421698327 165 128 33 0.081029736059262156 9 526 63 534 23 515
3225 -0.49931852148606859 0.63410485218183354 1.943318300519955 151 123 33 0.13718355740665369 9 519 63 537 23 523
3227 -0.81518649246028552 1.5645179694069662 2.5976051710850547 43 33 33 0.11581813814074268 9 577 63 620 65 629 48 588
3228 -0.32576521208502607 0.80441523207466481 3.1954253707981635 225 211 175 0.084075228383595046 9 606 63 622 23 642 48 636
3229 -0.33852097589425789 0.73323039241495069 3.2556288570001994 221 208 172 0.19029290358930595 9 612 63 628 23 654 65 645
3230 -0.37755559886238932 0.75325782686343634 3.2258600898789349 114 112 98 0.21095226658641769 9 616 63 631 23 658 65 647
3231 -0.41876451522990321 0.69877246243752944 3.2748495391237191 222 210 175 0.062954144504708154 9 623 63 636 48 647
3232 0.66064731611791683 1.1724808049058668 1.2108553100417345 115 103 30 0.085005911027378922 9 912 63 659 23 716
3233 0.66860336277379073 0.98580524759385857 1.318099848908427 120 135 168 0.36477223330376446 9 656 63 661 48 366
3234 0.65014290631524219 1.2142577623329633 1.2730848153666676 116 103 30 0.38569566846244935 9 657 63 665 23 722 65 691
3235 -0.54166809676125793 0.44656629930210828 2.08612379550366 253 227 76 0.10887889486406348 7 825 63 773 23 786
3236 -0.60758475185961835 0.54951136292782732 2.0111474562164444 253 228 73 0.087253416461948757 55 818 81 785 63 775 23 791
3237 -0.41213414913181368 1.1078108655568824 2.1650252521777467 198 163 56 0.23345941666532566 38 981 81 769 63 778
3238 -0.32724749215067467 1.8521785878169654 2.4176380176208716 37 32 37 0.55283097582337937 7 594 38 579 63 793 87 524 23 836
3239 -0.4368352775351616 0.90187261423654552 2.4112250784128593 190 153 43 0.11489148484211192 9 811 63 796 23 820 48 531
3240 -0.52884849396082101 0.88318055084638314 2.4357383898227756 131 98 23 0.2161833408184291 9 822 63 810 65 551 48 775
3241 -0.66269095027619407 0.92067951208462606 2.4090065642447751 98 50 5 0.20778574928950866 9 829 63 819 23 843
3242 -0.56486306912519291 1.2202445642928645 2.872347683546161 52 53 46 0.30423587175346084 9 846 63 846 23 877
3243 -0.59723458215860004 1.2331277582344027 2.865376531014681 80 83 78 0.12469478328054269 9 847 63 851 23 880 34 732 65 633
3245 -0.27295118261656559 0.69051138410155832 3.2675809232583006 35 30 27 0.42598122888689172 7 858 81 819 63 857 87 709 7 1014 70 559 91 306 42 251 88 62
3246 -0.65332780529996914 1.206585036640476 2.8826318125792785 95 98 91 0.13977606243769941 9 598 63 863 23 894 48 624
3247 -0.71490404307991151 1.1791079550524968 2.9021550749664962 108 110 101 0.097190799303963016 9 605 63 871 23 904
3248 -0.54519404811689354 0.92473022610681255 3.1016278681192477 126 124 112 0.15768138839691584 9 880 55 859 63 872
3249 -0.74673061897100257 1.2334735694626555 2.8670744984611818 115 116 106 0.10311023279907304 7 891 63 873 23 906
3250 -0.88105931968607232 1.4359414373868142 2.7116687417700152 121 124 116 0.081535712117675338 9 854 63 881 48 822
3251 -0.64360997113567076 0.99060137680660609 3.0403418855223321 125 124 112 0.21845283043730052 81 612 63 883 23 905 65 828
3252 0.71181325518259408 1.1645516918329055 1.1437267417154555 122 107 31 0.69276465159300804 9 895 63 922 48 877
3253 -0.49862177212576841 0.65498436547575389 2.5818689960366421 86 58 10 0.34298410440585342 9 1017 63 990 23 993
3254 -0.69600330898629426 0.98969489550158851 2.5362983673341741 93 110 143 0.084533593827162856 9 839 63 1001 23 1005
3255 -0.75653550564319738 1.05720980062551 2.4696897608296924 93 112 146 0.71213858045802814 9 835 63 1004 23 1008 34 903 30 498 48 937 45 413 53 135 80 447
3256 -0.71812368117244318 0.90647870394800567 3.1266000907945726 169 164 141 0.258094160399154 9 1052 63 1039
3257 -0.35309073688893949 0.79513577422416959 3.2049624716828844 226 210 172 0.072252593178366506 9 1115 63 1101 48 1021
3258 -0.45395834181002054 0.69114180586305429 3.2710501783591206 227 212 174 0.44722336615856995 44 918 63 1105 87 851 70 741 47 682
3259 -0.42757912701107592 0.58319662426675534 2.5445054667363607 254 230 76 1.5155921980538836 9 1178 63 1136 23 1117
3260 -1.0253985194481519 1.3710902432609624 2.7690915790979207 127 127 115 0.23539523614039304 9 1158 63 1150
3261 -0.64879553936144263 0.86999988537676265 2.288365230348762 108 0 0 0.21935197750821689 9 1148 63 1170 23 1150
3262 -0.51705139372871367 0.77124600352534134 2.5211482573623245 217 173 46 0.28056608748343898 9 1180 63 1173 23 1154
3263 0.80093343266087047 1.1096025456355179 1.6692665413876357 0 0 0 0.75077901893122856 9 1186 63 1178 23 1163
3264 0.80093343266087047 1.1096025456355179 1.6692665413876357 0 0 0 0.75077901893122856 9 1187 63 1179 23 1164
3265 0.52042360295313927 1.1334516682162217 1.4494508587153805 4 4 5 1.1201969906079043 9 1201 63 1195
3267 0.074415675441168408 1.9837589688787318 2.2367382738700163 30 23 22 0.18971758708644365 81 490 55 458 9 470 44 164 63 526 24 377 61 378 54 283 87 188 70 123 65 527
3268 0.70011250258701874 1.1403802602187929 1.2079707243314193 153 132 41 0.49967366219836484 68 1074 38 892 7 926 81 858 55 872 9 904 63 926 46 1259 33 818 34 980 23 938 30 774 45 640 80 728 2 716
3270 -0.25347756671343719 0.69899023746429056 3.2095756262009156 104 72 60 0.17994560348123984 7 853 81 600 44 515 63 844 81 813 55 846 9 866 36 576
3271 -0.40276383130973947 0.56794931226845602 3.325991161245252 149 100 76 0.41433501043692933 54 668 86 762 38 1012 81 999 55 1037 9 1051 44 779 63 1030 59 756 68 998 46 838 94 375 98 377 52 217 34 667 87 717 70 556 36 852 23 895 91 550 42 503 30 254
3274 1.2700564204611466 0.96209665274857492 1.7035861823510943 252 207 61 0.067191409116292886 54 10 87 43 70 186 91 500 42 434
3275 0.93602036090612628 1.4496007440466714 1.348987060923633 190 94 26 0.10043572308568759 54 122 87 62 70 261 42 184
3276 -0.036823003204843711 1.03390527498359 2.1704891165340214 146 115 40 0.3501228190191315 54 252 87 230 70 54 36 199 79 147 31 144
3277 -0.073699053766165146 0.74934510207960681 3.2082717314029314 146 97 72 0.17819221875378177 54 194 87 254 70 12
3278 -0.19824229740246962 0.071980288408701007 2.1577503596275269 156 105 79 0.35605881246660076 81 216 87 278
3279 1.3120002689151486 1.2219522877466591 1.5266763624456485 253 234 71 0.17825121135723787 54 352 87 292 31 54
3280 1.2086509320608532 0.99082558465001913 1.6855365350242004 254 220 62 0.14253516727503879 54 341 87 341 70 413 91 488
3281 1.2091292313383644 0.99234181190528048 1.6866144128529919 254 220 62 0.12895402234533684 54 342 87 342 70 412
3282 0.43211240678125806 0.4271568877227645 0.75983759011234986 115 80 16 0.98349678211832381 54 566 87 475
3283 0.44359519398532338 1.0691524070221106 1.5338789447657994 67 72 91 0.29202100390287489 54 464 87 477 70 655 15 594 91 350 42 557 16 570 47 345
3284 0.70913615043986478 1.0970780195208016 2.9395689646944465 148 98 74 0.095179643497215652 86 460 87 483 70 335 91 379 42 324
3285 0.64832076783493209 1.0427038864541309 2.9791831176825352 51 34 32 0.23591081841126085 54 113 87 489 70 65 44 220 36 308 42 99 83 172
3286 0.5167285359245205 1.0646456605632213 2.9518399466915892 64 46 39 0.34868911629943683 81 737 87 498 91 361 42 96
3287 -0.34334133504466524 1.743710587488589 2.4950360242337002 80 91 94 0.22722665073842538 38 814 87 528 70 617
3288 -0.2176452439467309 0.60536170788772015 2.5496789997895783 252 230 69 0.18990900934321284 44 753 87 538 70 289
3289 1.1313442645284908 2.4941171386847065 1.919003664173863 105 72 60 0.53503281665443458 54 637 97 1114 87 571 70 737 91 902 42 873 88 742 100 691 82 705
3290 1.2167130811745981 1.2979851143901324 2.7280802139644278 147 99 74 0.33977421064551216 38 709 87 596 36 798 15 827 91 688 83 559 42 407 37 436
3291 0.66930274245993537 2.2576001087382065 2.0820221789008406 69 48 41 0.2691888512382245 86 657 87 600 70 710
3292 0.97035865144011801 1.3631302198380841 2.7667771058348807 231 215 176 0.2521701311531489 44 668 87 622 15 801 47 796
3293 0.94223468642751862 1.2876277475470104 2.8275257580246564 231 215 176 0.14880330859517174 44 681 87 628 36 808 15 820
3294 0.49586078490100216 2.1110573897735248 2.2342618037429247 214 197 160 0.083367326914221954 86 677 87 629 70 696
3295 0.43240451764114129 2.0802701497382303 2.2532936528048553 218 200 164 0.14054350454636375 54 682 87 634 70 689
3298 0.97648808890824024 1.3617410602515354 2.7754196898084902 233 216 176 0.33979771516544632 44 835 87 775 88 748
3299 1.0019168247291377 1.438321418110287 2.849122347148477 233 216 176 2.1492358933537568 44 836 87 776 88 756
3301 0.30904863207926059 1.1012869391987514 2.1213560157838036 149 118 41 0.22926091878531718 8 981 87 813 15 914
3302 1.3971383092406673 1.3041404442625093 2.7431394905115387 151 102 75 1.3342588257351748 9 1072 87 875 79 1229 47 1109
3303 -0.13465185501660809 0.62816884384785998 1.94015520754072 255 237 72 0.060254101166559819 86 964 87 920 70 907
3304 -0.16808488511334543 0.67903519368280962 1.9014373490103549 255 238 72 0.2016005733371658 86 967 87 921
3305 -0.19826820038420367 0.60427331687778985 1.9618997308820474 255 237 71 0.25337782827309019 44 971 87 928 36 1025 15 909 47 840
3307 -0.29272435081805465 0.4999417882369584 2.0406272522226803 255 236 71 0.018111005823045603 54 941 87 942
3308 -0.35581140815424261 0.46730532020330967 2.0589334272795914 255 236 71 0.21266135399429162 7 1082 86 985 87 943 70 892
3309 0.84314521815692844 0.75148952698554761 1.5086115373230167 191 202 230 0.20013738182176033 44 1019 86 1029 87 973 70 998
3310 0.15290022620687485 1.1656148520761207 1.8491573761463946 205 177 60 0.040169356508425604 54 1018 87 993 70 993
3312 -0.010084818888644318 1.1957844415764716 2.166270272396249 80 63 19 0.3513610703513978 54 1024 87 1000 70 985 91 971
3313 0.085258932757001402 0.90798473992807505 2.2657900730655349 255 220 65 0.54584748907390113 54 916 87 1001 70 972 36 1119 15 1105
3314 1.4355874395580608 0.99862550646964254 1.7102700196432827 183 128 38 0.28454650395715564 38 1106 87 1013 15 1140
3316 0.44944358865120099 1.1906091671441705 2.0389912216424322 156 125 42 0.32439694871914232 54 1055 87 1029 70 1042
3317 0.44944358865120099 1.1906091671441705 2.0389912216424322 156 125 42 0.32439694871914232 54 1056 87 1030 70 1043
3319 -0.32079544369173979 0.74318543357623512 2.8966242743368431 12 12 14 0.84297478396998993 44 1116 87 1065 36 1204 79 1274 31 1271
3320 1.067619721585926 1.3430813919492017 2.7908904357947812 225 210 174 0.20877753676405811 55 711 44 663 87 609 81 452 9 440 36 800 15 815 79 927 31 911
3321 1.7810777929909236 1.4938161672351558 2.6592568902082818 153 104 78 0.4328175735277548 89 894 41 768 26 921 41 893 97 790 16 866 87 727 55 356 44 564 70 851 36 917 15 987 91 956 42 883 47 962
3322 1.7115395417764163 1.4566924706673847 2.6673459573075533 167 124 105 0.41723582506365597 7 422 38 663 81 377 55 660 9 382 44 573 63 423 87 731 26 895 97 912 16 832 70 844 36 926 15 988 23 35 91 950 42 870 21 1079 29 952
3323 0.68119876585194672 0.9705184189246403 1.3475256329566387 15 19 26 0.62103602868968666 38 900 7 933 81 872 55 886 9 924 44 797 63 664 87 760 54 755 86 813 36 859 23 719 48 679 5 403 74 375 35 3
3324 -1.1156915053892342 1.5397329152559023 2.6257463265043546 133 91 70 0.45541692953646906 26 1087 16 718 95 1051 87 864 24 1132 61 1133 54 985 70 754 36 910 91 535 42 493 42 667 72 853 29 1064
3326 -0.42455842512864395 0.59422798701324819 1.9614603586234378 175 131 41 0.12376614047953266 44 481 70 9 42 3 91 11
3327 -0.020766187690301779 0.5860055223369921 2.121452091462102 133 132 143 0.099276492905837288 87 247 70 18 42 22 91 36
3328 -0.22634914648838333 0.8350890582628735 1.8154442537507287 255 238 63 0.20012550989848044 87 251 70 37 91 21 42 19
3329 -0.040962482577633678 1.1525076216576584 2.1786164223205526 112 70 16 0.10989488089162296 87 227 70 61 42 54
3330 -0.040962482577633678 1.1525076216576584 2.1786164223205526 112 70 16 0.10989488089162296 87 228 70 62 42 55
3331 0.12341544748217739 1.1570771265941229 2.0793955577083123 167 138 47 0.10356261190928485 87 209 70 76 91 78
3332 0.21243471858102778 1.1344008171578017 1.8419366829564607 103 86 21 0.39745435651357947 38 153 87 496 70 95 42 73
3333 0.21269757504075978 1.1340247056601636 1.8425020404060048 103 86 21 0.40693128917260007 87 497 70 96 42 74
3334 0.14499377598353289 1.2598990314298979 1.7894359887700781 103 120 158 0.097927756082809514 87 193 70 104 91 82 42 75
3335 1.1289887163932488 1.2483080674675613 2.8181981009517343 44 33 34 0.38526248372314759 87 465 70 109 36 534 15 554 79 639 31 633 47 317 100 574 82 592 40 173
3336 1.127711437852416 1.2448617958698367 2.8133742020308037 44 33 34 0.24555762516049581 44 425 70 110 36 533 15 553 79 638 31 632 48 131
3338 0.31113335682632531 2.1236670676572857 2.1292127038708131 105 73 59 0.026613679583643191 87 157 70 160
3339 2.1905428223274397 3.7626977556048344 4.9519243881635528 136 130 115 0.71122008067457909 7 526 70 243
3340 -0.31052198441768547 0.70385591591975416 3.273312491187454 207 196 164 0.022555501412352946 87 547 70 279 42 249
3341 -0.77240192355876103 1.3579232964939849 2.4536456924520267 6 6 9 0.32805127936441386 87 551 70 298 42 13
3343 0.11529278415462227 0.92106120386949908 2.3717386565336587 255 191 42 0.19176121169333996 87 518 70 320 91 328
3345 0.37895867011314527 1.2183029287275027 1.9966765705731888 100 97 106 0.1793092341628347 87 484 70 350 15 416
3346 0.6659957326167335 1.3618020462769593 1.9711460372737224 15 8 3 0.19630030584983621 87 625 70 367 36 439 44 111 15 636
3347 1.2795866476687052 0.97966533820473045 1.6867570949913455 174 111 33 0.13772420760303405 87 309 70 431 91 505 42 448
3348 0.89255453487350522 1.4192969222117815 1.3764481598390543 255 232 65 0.12905724385412426 87 408 70 536 15 328 42 404
3349 0.89235176518469728 1.4165534630641858 1.3730092995412029 255 232 65 0.069255032881514605 87 407 70 537 42 405
3350 0.94273162454601955 1.4023671840204648 1.3842254828575562 254 235 68 0.13816140289597323 54 421 87 377 70 542
3351 0.95651244783779399 1.447063553239802 1.3456861434206229 255 232 65 0.24023592570181249 54 118 70 548 36 10 44 9 15 324 91 452 42 430 31 11 79 10 88 361 100 360 47 364 40 261 82 322 28 284 32 79
3352 -0.13781050750132623 0.54806055810612087 2.1335381314341282 253 235 70 0.75389088149484973 87 925 70 567
3353 0.18617045348149841 0.81334562325719673 2.4500279774922498 184 189 212 0.34061671723402182 87 672 70 593 36 816 15 741 91 771 42 528
3354 -0.60126055535136391 1.7222061881368249 2.4044657417196329 62 47 45 0.7331891841255036 7 1012 70 606 42 696 16 738 72 630
3355 0.47454071041212975 0.80383789439510711 2.1186610327624655 92 85 80 0.25407410071130138 87 492 70 614 91 347
3356 0.96644515099869799 1.2299735345811955 2.8589514411994532 222 207 171 0.15142841888613257 87 630 70 642 91 657 88 631 82 836 58 479 73 557 67 896
3357 1.1060990080807833 1.2745900528456178 2.8034856294514112 108 74 60 0.66839093049561082 87 604 70 650 36 807 15 830 91 675 79 635 31 629 47 314
3358 0.14348051463874611 2.0025614673954801 2.2734288851828919 115 76 57 0.18350916549490778 87 651 70 661 91 618 81 487 42 565
3359 0.86504473261803227 0.79670887700452686 1.4950568350897551 125 98 23 0.29441853656554517 44 363 70 667 42 576
3360 0.47327852300949746 2.0118538125639858 2.3006960299938366 220 204 168 0.10718162489217718 24 772 70 685
3361 1.1926436099751929 0.94939435646344805 1.7251607005410299 255 210 60 0.33199870426526784 87 581 97 731 70 693
3362 1.2551692185336363 0.97065079280867961 1.6990713728989515 255 212 61 0.15307928637826623 87 574 70 699 91 832 42 754
3363 1.7280719943772271 1.5157827513522657 2.6554074585132219 122 83 63 1.2278515443252902 87 564 70 702 36 745 15 825 91 953 79 619 31 606 47 960 88 854 100 955 82 999 40 909 28 855 32 840 58 911 73 1005 67 1101 12 1097 71 919 83 772 92 810
3366 -0.19515821937794012 1.1597363120386379 2.0648394911070076 84 72 56 0.44123165447381579 54 966 87 833 70 776
3367 0.10111140146583018 0.99328834484201345 2.182767109478652 216 174 53 0.27431805787498642 87 822 70 777 36 911 31 1012
3368 0.12922283695522654 1.0571045039217575 2.1420256186436903 197 165 50 0.10651623459543454 87 820 70 779 91 773 42 700
3370 0.38596764594019933 1.1708003679993297 2.0440267716057074 146 120 42 0.18082146354734055 87 805 70 792 42 711 91 785
3371 0.88286055957769061 1.2555730504473344 2.8551614412454658 236 217 176 0.1206049973581473 87 793 70 794 36 953
3372 0.25640864816160236 1.8589164966064435 2.0847573960757639 102 67 52 1.2607658293289237 87 803 70 822 42 567
3373 0.57809211236410152 2.2788278227513024 2.0496460316336718 1 1 1 0.018556826674678131 38 926 70 856
3374 0.99845073404917484 2.3948724220490036 1.9911384444512035 147 100 75 0.47569839085069188 16 949 70 880 42 804 72 826
3376 -0.084824299446028581 1.0578541009973539 2.1576724142842307 12 13 16 0.36315602715983952 87 912 70 921 91 767 42 697
3378 0.25504897444227553 1.2551270055122925 2.0208392928531076 210 176 55 1.3760546705108971 87 899 70 929 15 1014
3379 0.25777229732315671 1.1339615387642681 1.8577106797901439 210 176 55 0.25664832954939065 54 917 87 898 70 930
3380 0.1364909848125114 1.2684105605635403 1.8260865572315956 73 91 126 0.31069193580949667 54 942 87 901 70 931
3381 0.020699753423502998 0.89402062210787803 2.2595446319398009 14 15 16 1.1600331308921639 87 1037 70 970 15 1102 91 1031 42 958 47 1044 88 867 100 1031 82 950 40 862 28 813 32 725 58 771 73 614
3382 0.20036102001356662 1.1269296442378045 1.8831931818675309 102 78 20 1.2461603908471781 86 1042 87 1032 70 992 42 705 91 776
3383 0.28456592748070852 1.08880232579016 1.8952437868860774 201 171 56 0.28275464431580827 87 991 70 994
3385 -0.029149100030298698 1.4162712882484854 2.1019157502782218 16 25 38 1.8469294007930757 16 1158 87 1075 70 1064
3386 0.79492407920342256 2.2886043789049575 2.0253171713698759 149 101 76 0.15783980028266353 54 226 86 148 38 107 7 130 55 51 70 255 26 569 16 516 95 510
3388 0.12731034669468247 1.2350686672821405 1.8178463291724525 63 67 82 0.21280413084588379 24 579 61 571 70 346 54 678 87 658 36 426 91 331 42 299
3389 0.29206796691485359 1.8306907568964794 2.1758973227847882 20 17 16 1.8291392912696183 86 1046 38 939 70 663 89 1390 41 1246 97 1273 8 1348 95 1187 24 1166 61 1161 59 1454 54 952 51 1586 84 1247 99 1259
3391 -0.59822998585547993 0.57020796520407957 1.9772796117396765 255 232 72 0.6698639064258417 26 1161 41 1157 97 1200 16 1050 95 1026 70 956 8 1302 87 1046 91 957 42 884 72 835 37 0 16 3
3392 -0.30655136239777075 0.78266140048273658 1.8423689612534351 255 221 62 0.045470290070428673 87 932 70 964
3393 0.9701425923483955 1.4580537028934801 1.3292821488500814 214 128 22 0.097704119278606852 87 51 36 7 79 7
3394 1.2262410419276562 1.6249140287934705 1.6921206190058529 0 0 0 0.36894351352351012 54 69 36 40
3396 0.79120912656485387 2.4030293598086856 2.4892987035247369 226 211 173 3.3548214281120883 86 452 36 86
3397 0.94912843631406685 0.76096422841846045 1.5770369747424029 172 138 34 0.15482931480418441 44 59 36 112 15 154
3398 0.65608878573194152 0.74513871058930925 1.8722461003873005 116 112 115 0.064531356237647636 44 141 36 176 15 188
3399 1.5538519904817494 1.519889011300769 2.6492915981289671 235 217 177 0.30225618527946929 44 95 36 212 15 275 91 533 88 263
3400 0.18980339249442424 0.99845536560750625 2.2122069876270234 144 113 40 0.55934860223894289 87 509 36 213 91 332 42 294 79 170
3401 0.95179801154651023 1.3375128923358333 2.7942216595583886 230 211 170 0.19569308091312357 44 176 36 260 47 294
3402 1.1824917597374094 1.2803013133951096 2.7730116292638525 29 21 22 0.23827947050089462 87 458 36 262 15 551 91 477 47 318 88 243
3403 0.96320583842935736 1.2930173164853807 2.8318127869925616 215 200 161 0.1655826264628763 87 143 36 266
3404 0.937276403114078 1.2708374176137118 2.8514862437889921 225 209 169 0.16401793398939316 44 183 36 269 15 283 79 385
3405 -0.059237995045028406 0.688218511470441 2.4767205524251836 254 238 65 0.17016841034494887 44 262 36 290 15 230 31 315
3406 0.046644572485294133 0.78848348682887004 3.1527251987929574 38 31 33 0.27836108048791591 44 291 36 333 15 310 79 449 31 451 17 652
3407 1.0172648937445115 1.5387024538640577 1.3101283004212665 193 140 42 0.20855078029696111 44 329 36 347 15 319 79 464
3408 0.98255501034138704 1.4467460937662604 1.3576893260739709 219 135 31 0.10667260039390598 44 333 36 349 15 329
3409 0.77256126800888825 1.032773460070082 1.3224204488589602 120 104 27 0.2242669337191204 44 355 36 381 15 346
3410 1.122981025628059 1.1929888486309241 1.5340420183743215 254 231 66 0.25079358758732562 44 25 36 390 79 494 31 494 100 427 82 403 40 314 28 349 32 338 58 302
3411 0.87677572494795963 0.71072205152279 1.5348708607160402 72 71 73 0.34088891212123079 44 66 36 442 15 453 79 80 31 70 47 428
3412 -0.22180750580220093 0.70212698763876147 1.8839536776000707 255 229 70 0.046809465924440845 44 457 36 483 15 407
3413 -0.38418745250157466 0.69809259152108516 1.8857377345125101 255 226 69 0.068478028499847576 44 464 36 484 15 397
3414 -0.28860654673304137 0.67244454135787224 1.9036715367020633 255 227 70 0.053161466539479584 44 460 36 487 15 410
3415 -1.1476030068000875 1.5105722480282973 2.6341311185694414 2 1 1 0.22104888386664195 70 15 36 491 79 158 31 158
3416 1.1207546951179104 1.2220209299050893 2.8330093427519931 107 73 59 0.18991715761497732 9 152 36 538 15 556 47 559 31 635 79 643 88 454 100 575 40 441 28 440 32 460 58 486
3417 0.70619517000107246 1.1334382103430154 1.1257226857263911 144 127 37 0.10619968670080771 44 521 36 581 15 574
3418 0.36647444580531613 1.0560185488497547 2.1284800212588135 126 102 26 1.2414082005623055 44 840 54 622 36 696
3419 1.3809450839682704 1.6128874246928846 2.5941904844728909 232 217 180 0.036725939701910133 44 586 36 698 15 756
3420 1.315820752595533 1.5794432788252817 2.609395519379381 232 217 179 0.083522037968280061 44 597 36 709 15 759
3421 1.315820752595533 1.5794432788252817 2.609395519379381 232 217 179 0.083522037968280061 44 598 36 710 15 760
3422 1.6091263896017645 1.5039053090749603 2.6634633166749042 226 213 178 0.28153734237285072 44 580 36 746 15 818 91 717 42 645 79 895 31 888 47 955 88 849 100 882 100 952 28 778 32 792
3424 1.2862220101194584 1.5049977237132408 2.6699928500278087 230 216 179 0.081084519543785219 44 612 36 748 15 790
3425 1.5470004983602701 1.4396847200757248 2.711295294121272 80 56 47 0.51137852623756075 86 601 36 774 15 829 91 713
3426 1.0731586852495192 1.2666682374676366 2.5703868431989028 229 212 175 2.3017201079926721 44 642 36 777 15 796
3427 1.2534990820313547 1.363835795477135 2.7286830919172114 92 62 52 0.18425807012228179 44 638 36 786 79 919 31 611
3428 0.12842147864123224 0.81902941907672533 2.3951845192071586 255 230 65 0.44702985329366585 70 591 87 520 36 809
3429 0.0032098493745376807 0.66552108214721539 2.5233021186577922 74 52 12 2.1138875053915442 9 218 36 833 15 783
3431 0.50483222866958832 1.373851836026476 2.0040676132259185 217 201 164 0.67631069580004077 44 411 36 878 15 631
3432 -0.16620908777935955 0.55636836493971409 2.0002422199380225 255 243 74 0.23220867703462736 44 975 36 936 15 922
3433 0.3223119525885465 1.2008871812820217 2.0627270718929074 198 170 57 1.4855190146121984 54 915 36 1006 15 1019 79 1005 31 987
3434 -0.068215157761735853 0.86704480467098044 2.1841959997324478 255 242 72 0.29910878166037358 54 928 36 1023
3435 -0.19834715564569755 0.60500093273195477 1.9623712137474174 255 245 72 0.28687652270229219 44 972 36 1026 15 910 47 839
3437 0.54957633174797105 1.1430528279240733 2.939591395581961 215 198 162 0.43472433721955234 44 862 36 1052 15 1049 79 1084 31 1076 47 1015 100 1001 88 970 82 911 40 897 58 860
3439 0.36058446104089509 1.053572866878592 2.9967093665364195 220 203 165 0.18669198448669017 44 974 36 1056 15 1051 79 1143 31 1148 47 1068 82 984 57 970 17 1035
3440 0.29807627714705887 1.0301033519470526 3.0212923136584453 221 205 166 0.13607408866588819 44 978 36 1059 15 1052
3441 0.23310359096704752 0.99911921316996821 3.0367739312364637 222 206 166 0.1047530618094599 44 982 36 1060 15 1053 79 1146 31 1151
3442 0.17002477063616178 0.97251359738062693 3.0573660474139706 222 205 166 0.20177466703191921 44 987 36 1061 15 1055 79 1147 31 1152 47 1066 82 980
3443 -0.6034850126050153 0.76529285584852391 3.2342003169856866 217 203 167 0.28760331055936328 87 859 36 1072 15 1050 47 994
3445 0.61086286859817496 1.1999415312383397 2.8419983483923588 30 34 40 0.88198676667538656 44 952 36 1128 15 1112 79 1230 31 1230 47 1107
3446 -0.31383837722985419 0.73338488774211974 3.0396377400056513 11 11 12 1.1278417106192506 44 1048 36 1135 15 1116 79 1232 31 1251 15 1148 48 1098
3447 0.71557430222733098 1.1750021843749718 1.0899817839005965 251 237 73 0.39739588907233836 44 1010 36 1139 15 1122 47 1075 88 984 40 949 28 905 32 845 58 872 83 857
3448 0.54881797450840042 1.0714331912970874 2.5492401299832381 25 24 27 2.2781539352756091 44 1034 36 1165 15 1145 47 1123
3449 -0.19072737621314065 0.68123751530319199 2.5900986207124186 255 241 70 0.79158337471713291 44 1079 36 1182 15 1165 79 1265 31 1262 47 1119
3450 0.42032593910020277 0.83124584857062001 2.1461613369009394 251 205 61 0.49547702748453348 44 1101 36 1193 15 1183
3451 0.65663490093236965 1.1873731012829933 2.6459140640326186 24 23 25 1.857152505386318 36 1194 15 1185 47 1140 31 1268 79 1271 88 1025 100 1122 40 1006 32 919
3452 -0.27639706391100305 0.58262058151361418 2.1412180630580484 254 230 70 1.4162753078700276 44 1114 36 1195 15 1180
3453 -0.31736750932686375 0.74477500845950217 2.9009940638466696 26 29 37 0.69332529048303326 44 1115 36 1203 15 1186 79 1273 31 1270 47 1134
3454 0.36228050109953647 0.86074538391835942 2.4903770420821445 19 23 30 2.1270826382955139 55 1204 36 1207 15 1194 88 1028
3455 -0.34960760457885526 0.52661285957694337 2.0253058312804426 254 228 70 0.27446113355576479 81 537 55 530 36 522 86 742 7 799 81 760 9 775 15 459
3456 0.29552285652520643 1.0733178476673251 2.1433695949617131 171 139 40 0.25803121440858279 81 704 86 686 55 733 44 687 54 467 36 693 24 679 61 681
3457 1.740934960676648 1.5694051502517805 2.6229213529934059 240 230 206 1.2209577846953388 26 942 89 903 41 774 97 800 16 876 95 1088 70 853 36 720 38 393 7 421 81 370 55 359 44 562 63 33 15 976 91 954 42 881 79 885 79 1067 31 875 47 958 88 923 100 954 82 923 40 908 28 856 32 841 58 870 73 1004 67 1099 19 931 11 871 12 1096 71 918 72 895 21 1249 10 987 49 1173 3 878 83 817 29 1116 17 596 18 774 37 742 66 931 76 923
3458 0.94880768944552529 1.136197740493579 2.9087450572385372 113 80 67 0.25307589106757228 86 653 38 738 81 707 55 745 9 756 44 696 36 965 87 789 70 790 91 816
3459 1.5206959307561039 1.3754824709255846 2.7270684561578751 159 115 93 0.40147439635418314 26 864 16 786 95 853 36 934 86 602 38 687 81 673 55 686 9 400 44 814 63 435 15 995 23 46 91 1011 42 787 88 918
3460 -0.45397481516518839 0.49736220678721127 2.0407706571158495 255 236 72 0.6031308790021106 24 1014 61 1020 54 956 86 992 38 1082 7 1086 9 1099 44 993 87 948 36 946 38 986 81 1058 15 915
3462 -1.1065250965522688 1.5396732164795373 2.6112190992788125 109 74 57 1.1554752559476382 26 1088 16 719 95 1052 24 1131 61 1132 54 984 86 1020 44 894 87 863 70 755 36 909 24 630 61 635 7 1036 26 352 38 1023 81 1000 55 1029 9 1042 63 1033 23 1038 91 534 42 492 42 666 48 950 72 852
3463 -1.0538779801771865 1.4256119131917462 2.7272545164997144 139 139 130 0.99812019309878142 89 890 41 542 97 780 61 986 54 880 59 1321 51 1466 68 1251 46 1355 94 1291 98 1216 52 1095 39 964 33 985 99 1099 84 1063 93 766 13 1230 86 926 7 1122 55 1101 87 724 87 862 70 566 26 336 16 320 95 82
3465 0.83441040858768745 1.2818577283246753 1.1663289096312972 251 157 30 0.73399000870436637 36 3 15 3 40 19 28 262 32 236
3466 0.95260124965894877 1.5018311670481543 1.2745089748230416 254 253 73 0.5678877769388333 36 2 15 4 88 98 100 36 82 19 73 69 67 49 19 818 11 637 12 355 60 768
3467 -0.19874551270058788 1.8021210566535144 2.3333495718159658 93 103 103 0.1342138885925323 36 449 15 45
3468 0.20836231399974045 1.1794335803208684 1.8850455901752838 100 92 94 0.21719621665750938 36 445 15 72 79 734 31 724
3469 0.20836231399974045 1.1794335803208684 1.8850455901752838 100 92 94 0.21719621665750938 36 446 15 73 79 735 31 725
3470 0.74335943670305404 0.84450472830356849 1.4211625371798018 18 26 39 0.1870139881271676 36 67 15 74 31 43 79 45
3471 0.038651527225163018 1.2376544955965625 2.0638478594124772 21 27 38 0.28734992205743071 36 462 15 84
3472 0.16251894859231042 1.0495123660088335 2.1736083813471723 141 115 41 0.43748506437664469 87 212 15 148 91 76 70 332 42 292 47 73 88 301
3474 1.0676686312445036 0.58322767600723657 1.5262361025490727 161 135 37 0.18863047922417281 36 456 15 186 79 530 31 90
3475 1.1387290317264323 6.8434050893861933 6.896921753216656 228 210 169 1.2928706720704188 55 546 87 135 15 192
3476 0.14724562339607924 0.92569392068028633 2.3632159792999983 41 28 36 0.71393552652220349 36 518 15 195 47 420
3477 0.47211600214649929 0.80218630382834344 2.1193068286368093 77 70 74 0.48526921985609267 36 233 15 198 79 590 31 575 47 451 100 120 82 113 17 439 57 65
3478 -0.46435123951289542 0.5552889671675203 2.44682782094986 125 1 1 0.77377670462703596 36 834 15 205 79 1070 31 1053
3480 -0.38308942617225789 0.74066557249971265 3.0175765107210339 192 182 154 1.7262898204544417 36 845 87 273 15 282 31 432
3481 0.86777696849409525 1.1695439396463887 2.8959353086704347 231 216 178 0.19509919714357102 36 286 15 298 47 556 100 270 82 251 40 434
3483 0.64495934211525929 1.0522562480138959 1.2659229744421339 69 69 73 0.12176460135303341 36 367 15 326 79 8 31 8
3484 0.64266095488254593 1.0532701351011526 1.265952946219508 69 69 73 0.40718587810120432 36 368 15 327 91 367 42 327 79 9 31 9 47 8 88 295 100 6 40 8 28 246 32 224
3485 1.0179162249932809 1.3929321536450268 1.3931181941176343 211 134 37 0.04175167184900027 36 359 15 339 47 382
3486 1.2348925198046246 1.3253220048757974 1.440800671778699 253 231 70 0.012319745507292517 36 374 15 373
3487 -0.12680214341393933 0.67729263372812709 1.9023489425168711 254 229 70 0.06299846893992514 36 486 44 451 15 430
3488 0.031927609483189193 0.93547870627067198 2.2457187552622524 247 200 60 0.15414465869901367 36 507 87 521 15 478 47 63
3489 1.0833656109528749 0.59180455145657329 1.5206403640591346 255 250 79 0.053214369407383832 36 453 15 491 47 483
3490 1.3819577233191191 1.4998131930925866 2.662723066189788 121 113 97 0.24656505107325719 36 497 15 532 79 614 88 257 82 263
3491 -0.20227736159516468 0.69331964716036099 2.7848567730188445 23 28 38 0.058203626690331065 36 569 15 537
3492 1.1769867750793954 1.2085409877410827 2.8273525871773302 157 104 76 0.24959584720250202 36 271 15 560 91 224
3493 0.03993468275478318 0.77149019682414965 3.1747882115683423 106 72 59 0.22628079837139908 36 574 15 569 79 671 31 662 48 613 17 655 57 570 5 637 74 585 35 275
3494 -0.4070642627820113 0.58535768735318761 3.3165471098517356 148 100 75 0.11121270032194222 36 579 15 571 48 870 79 674
3495 0.8377625043706155 1.3849608265494173 1.1925074590768885 254 252 71 0.36261240489204483 36 343 15 573 47 580 100 332 40 473 28 481 32 503 58 245 19 594 11 625 60 395 4 487 50 784 66 806
3496 0.62549408566442166 1.0484061182536244 1.2712119595865901 52 55 62 0.50233052839990522 36 591 15 582 79 687 31 470 47 339 100 326 82 2
3497 0.067291983712104944 0.81138804706329026 2.6300210143491478 69 47 14 0.84115989406369207 36 831 15 777 100 677 40 519
3498 1.542638232148726 1.6136813405349784 2.5939165952295045 232 218 182 0.39280568004595146 36 697 15 778 88 840
3499 0.76617907431185095 1.1328807031428558 2.5855176969502121 229 209 167 1.202888312951075 9 740 15 792 79 1137 31 1136 48 494
3500 1.6400329690213911 1.5886416501311824 2.6121399710230735 233 218 181 0.33611582027676057 36 707 15 799 88 851 28 780
3501 1.6376823188384928 1.5849321224004074 2.604804494301808 233 218 181 0.4354917470893051 36 708 15 800 79 870 31 866 88 850
3502 0.65527956357394468 1.1857915524822871 1.1702443852973512 142 128 39 0.43808680582247439 36 989 15 847 79 960 31 944
3503 -0.26640376662335924 0.70623430354605432 1.8809116438459401 255 238 73 0.11960506939204935 36 904 15 886 79 998 31 975
3504 -0.52698996295558287 0.60630895943374263 1.9522200819791595 255 232 72 0.21779550990792418 36 928 15 891 31 983
3505 -0.23264622416979286 0.65807863528788635 1.9226901780679511 255 241 74 0.13200661517671408 36 915 15 898 79 1008 31 984 47 834
3506 -0.23434089861958271 0.66114673857052653 1.9257476045348685 255 241 74 0.10458782213067563 36 916 15 899 47 833
3507 -0.10296538393819049 0.58649265638502845 1.9857425443964023 255 245 71 0.14151678915212554 36 931 15 920 47 846
3509 -0.38180350250735989 0.42354561731477985 2.1114804220200676 198 124 23 0.3863172340904068 36 959 15 938 79 1049 57 345 17 724
3510 0.91074299976728068 1.3433759675876924 2.7970314861509555 235 217 175 0.28885199559631636 36 943 15 972 47 908 40 670 100 821
3511 0.91033253209324883 1.3420709319290116 2.7968458502078644 235 217 175 0.26580422501108336 36 944 15 973 47 909 88 606
3512 -0.64499925917108691 0.81573090163984707 3.1789816305238241 196 185 157 0.68041149529146805 36 1069 15 975 31 1154 9 1160 47 873 82 695
3514 0.65727099921707421 1.1812669393113495 1.084460575239856 1 1 0 0.58244117642603033 36 988 15 1007 79 676 31 669
3515 0.50794252317776978 1.1028310125665708 1.4508869695868132 104 72 59 0.62110678380179363 36 1083 15 1009
3516 -0.31221514194948308 0.79546659028142486 1.8380367599132648 255 230 71 0.86997275456023404 36 1010 15 1012 31 966 88 270 100 2 28 5 32 212 58 216 19 13 11 10 83 239
3517 0.29077973936411672 1.328969295855059 2.066785505447748 207 175 58 0.58268933259572009 36 1000 31 1110 79 1118
3518 -0.015097652208738131 1.0691194509323796 2.1284953566185649 254 214 64 0.91714339300581982 36 1113 15 1020 79 1014 31 996
3519 -0.3532346040163466 0.46780978204167761 2.0551056775028265 255 244 69 0.21890479037916713 36 1041 15 1029 79 1043 31 1020 47 837
3520 0.10722440683169575 0.95035485282511567 3.0749476741639836 214 197 159 0.48967443431473001 36 1063 15 1056 79 1148 31 1153 47 1009 100 996 82 979 67 1000 60 825
3521 -0.15201626453952588 0.84312011574091716 3.1544641184847277 217 202 165 0.40260986674886029 36 1067 15 1061 79 1154 31 1158 47 1003 100 990 82 903 11 683 57 979 17 1103 5 937 74 891
3522 1.3886572093886667 1.3105469513141526 2.7511293864883193 155 102 75 0.58458743392471813 36 1032 15 1062 91 1007 42 935 47 1072 88 974 83 846 37 763
3523 1.0453083525270774 1.4598598580400746 1.3409934544962063 0 0 0 0.75208239310651259 36 1077 15 1072 47 1040 79 1099 31 1091
3524 1.0454615472326987 1.4591515998197309 1.3396109834201024 1 1 1 0.84399486720839378 36 1078 15 1073 47 1041 88 962 83 839
3525 0.66368621476205003 1.0077323701141325 1.3010557851581539 189 198 225 0.54908287043107706 36 1082 15 1074 79 1160 31 1162 47 1025 88 987 100 1015 82 1001 40 912 28 860
3526 0.80391281462170272 0.82027362026540185 1.4302398085348351 189 201 232 0.14056046817935128 36 1090 44 928 15 1087 31 1097
3527 0.8048327736168196 0.83106636473141282 1.4364906497093994 189 201 232 0.12991001782445227 36 1091 87 972 15 1088
3529 0.36066328451403296 1.0960669955944617 2.9390685975370769 43 42 39 0.31717429167223127 36 1053 15 1113 47 1067
3530 0.1773246809566906 1.034526777017962 3.0135819642044166 41 41 38 0.49307509292274287 36 1130 15 1114 47 1063 31 1149 79 1144
3531 -0.21213610152181495 0.81822928241698201 3.1775837401561233 218 204 165 0.19450779926323505 36 1136 15 1117 79 1208 31 1207
3532 1.1343657775543494 1.4654853773818808 1.3765236071532663 219 164 47 0.084414659937028805 36 1141 15 1126
3533 0.061257935771099635 0.88919011669613135 2.3428234040479303 255 236 60 0.28746374595926333 36 1163 15 1142 47 1118
3534 -0.38904308022271611 0.69091292343072075 2.6447093153231092 255 224 61 2.2855236102969263 36 1169 15 1144 31 1263 79 1266
3535 0.31371242179144349 0.92617639455167267 3.0676464525093352 83 57 47 2.1301735428470669 9 1174 15 1149 79 1233 31 1232 48 1076 17 1164 57 1099 5 1044 74 1005
3537 0.11711973550263599 1.2517100157217802 2.0358275276320552 28 29 30 1.7025156374263781 36 1187 15 1170 79 1260 31 1258
3538 0.13328523886557617 0.80751420590437273 2.392788424960449 255 229 67 2.3157123680585388 36 1202 15 1189 79 1269 31 1267 47 1138 88 1022 100 1125 40 1009
3539 0.92043018008358735 0.85514999593709007 1.6569453475027398 132 105 24 1.3115819824316908 36 1206 15 1192 79 1276 31 1272
3540 1.5733082551159403 1.5102727212314768 2.5613867770833716 150 146 128 1.1444069889678148 36 1201 15 1195 79 1279 31 1274
3542 0.83664462683312169 0.89080338672821013 1.4327765529913179 70 67 54 0.29532757218803779 36 865 15 879 24 806 61 815 54 740 86 588 38 29 7 10 44 544 87 876 79 710 31 699
3543 -0.49367792705349134 0.74945512072513132 3.2277202028521224 229 214 177 0.52300007601154874 86 902 38 1013 7 1027 81 996 55 1034 55 1105 9 1047 44 916 36 984 15 993 87 852 70 742 79 1096 31 1086 47 882 100 690 82 719 58 336 73 381 57 981 17 1050
3547 0.66078171998732982 0.95486321774173344 1.9203012329192579 110 80 20 0.08031244313050491 63 25 23 27 65 30
3548 -0.30980333964889184 0.53384313082986823 1.9247512913806588 214 1 0 0.016871998979595224 7 239 23 79
3549 0.26371775022339239 0.8525897032884453 3.0802327813513899 39 24 19 0.24445264935451874 81 229 23 208 65 269
3550 -0.6363452440998526 0.87654801890808487 2.1997725635510439 61 72 98 0.36578668215992227 7 335 63 262 23 210
3551 -0.48391435213217771 0.64067675830122706 2.5922303508685638 122 110 31 0.072025369969942146 63 283 23 236 65 247
3552 0.089438651197776844 0.75343780725374365 3.1645305425952706 252 252 252 0.10941810406428305 9 290 23 240 65 304
3553 -0.71270137171442571 1.0665212985082513 2.4735948533096375 61 58 31 0.10497461075428954 63 603 23 273 48 251
3554 -0.71270137171442571 1.0665212985082513 2.4735948533096375 61 58 31 0.10497461075428954 63 604 23 274 48 252
3555 -0.71873847950364378 1.6339450879502164 2.5424164498702471 25 19 18 0.3988518900204972 63 310 23 300 65 345
3556 -0.43679600866658896 0.84768251741698664 3.1611329538251245 121 118 102 0.13816723783933615 9 347 23 320 65 398 48 347
3557 -0.43679600866658896 0.84768251741698664 3.1611329538251245 121 118 102 0.13816723783933615 9 348 23 321 65 399 48 348
3558 -0.84503525548400127 1.0772337000124506 2.9593672593294427 126 127 117 0.11265037116508442 34 395 63 387 23 371 65 448
3559 -1.1600667358944821 1.5607649935047612 2.629310163315592 5 4 3 0.5518097734714662 63 389 23 377 65 672 1 698
3560 0.89348054993252612 0.58961278229907621 1.5628071126614365 130 107 40 1.6683596710586552 55 634 63 655 23 381
3561 0.62208885564426497 1.0372873035098629 1.3434267352501443 62 68 83 0.37598993178209639 63 6 23 384 65 5 27 10 56 9
3562 -0.52427489267554561 0.6357040031654142 1.9539277818332643 254 233 91 0.27787927565415488 7 817 63 757 23 529
3563 -0.47772493356545387 0.81268282102703582 2.4699325813423365 156 127 34 0.25108407961213153 63 807 23 592 65 549
3565 -0.69461038921287288 1.6333922861530095 2.533080559719243 56 45 46 0.2054784018935959 63 609 23 638 65 611
3566 -0.37755559886238832 0.75325782686343745 3.2258600898789362 114 111 94 0.21095226658643307 9 615 63 630 23 657 65 646
3567 -0.85189074184018621 1.1567463095882313 2.9366797266785563 83 90 87 0.20693551807010513 63 384 23 689 65 452
3569 0.66790853169564901 1.1780177092552437 1.2112697937028507 119 105 41 0.20367488481013196 34 811 63 658 23 715
3570 0.60756646950549031 1.0470379027860732 1.281629854119545 32 36 43 0.20080464270141296 9 923 23 721 65 687
3572 0.941874059754787 2.1219365961704639 2.3017213925732083 230 214 175 3.3206126064919439 54 783 23 761
3573 -0.54135738267142686 0.65670339834868341 1.946014171936991 106 84 18 0.060292800787188003 63 761 23 781
3574 -0.62966103778424987 1.643669248182704 2.4881984830761668 78 59 54 0.22375030654863304 63 824 23 856 65 598
3575 -0.81280574562398611 1.1488604644955689 2.6495313702087211 91 93 86 0.0056570363727589737 9 1034 23 886
3576 -0.75800133174571871 1.4899463083389783 2.6758297414035193 86 95 93 0.13249257309103607 63 850 23 893 65 804 48 805 1 615
3577 -0.68425961263841195 1.2610970244839657 2.8487428343951975 101 103 95 0.11895041726150879 63 864 23 896 48 828
3578 -0.91133889409408531 1.4945752006214754 2.6748448339026134 129 132 124 0.15479480351606642 63 634 23 913 48 612
3579 -0.64276772824734352 0.81837782787636515 3.1659690659202742 197 189 165 0.10598676798459955 63 901 23 916 48 865
3580 -0.67631352197704819 0.86893355156012109 3.1281794227991915 196 187 163 0.057232095401523832 63 904 23 920 48 862
3581 0.58194464847575322 1.0284621125709228 1.411004253802097 22 30 39 0.12680380528196702 63 669 23 941 65 866
3582 0.35069100083539678 1.1948650988521117 1.5392680304916175 79 97 130 0.21395082815155175 63 935 23 947 65 874
3583 0.8974682845690376 2.3066277116772405 2.0477727324972324 51 31 23 0.30470296080144765 34 865 63 951 23 956 30 169
3584 -0.43020480373094594 0.42979868903905577 2.0737791339465312 255 253 148 0.99554250254094789 63 970 23 969 65 714
3586 -0.37189249811324671 0.7710923392813489 3.1747544837189094 242 229 197 1.1498306004745642 63 859 23 1014 65 938 1 608
3587 0.96711368323117441 0.71530402768774071 1.6010985150614929 148 128 46 0.42611835647538904 63 1109 23 1041 65 966
3588 -0.73440000891666635 1.5131922529021953 2.5588635799269048 85 95 98 1.7936801846104125 7 1108 23 1127 65 782 63 838
3589 -0.9244874665588142 1.2239750667883174 2.8923349686550943 126 127 115 0.27574425450363266 9 1118 63 1147 23 1132
3590 -0.50580797921523468 0.84324775308645838 2.4507315951002835 127 101 27 0.38617050258023528 63 1189 23 1152 48 1073
3591 -0.30149795541876695 0.78584975745350183 3.1674850090420952 235 225 194 0.65240278351487424 63 1176 23 1157 65 1082 1 802
3592 -0.026865835787526576 2.0266264386049855 2.2452956681045739 0 0 0 0.5707785956503556 86 969 7 1078 87 902 70 809 23 979 86 245 38 772 55 754 9 481 63 763 70 654 42 715 65 737 65 907
3593 0.73871719702379735 0.76652338342171611 1.5945555524056552 12 19 31 0.4050972705916418 63 668 23 726
3594 0.91747550530304156 1.3227161467139943 1.9004668822963451 0 0 0 2.9913976234313635 63 1210 23 1197
3595 -0.35267699213066289 0.66387667796502747 3.3052158831758298 71 68 64 0.070320822394728782 44 324 91 31
3597 0.84702660596607349 1.2011833593018717 2.8782568469875671 232 215 176 0.22449756551491976 87 153 91 150 88 446
3598 0.84751121812791363 1.2080050759020757 2.8907789247316913 232 215 176 0.053061499561228735 87 152 91 151
3599 1.1550875126392746 0.93263499748792111 1.7491908446409885 183 107 21 0.071861378556034722 70 376 91 218 42 170
3600 1.2944370538880134 0.95831187599486356 1.7012387662766419 148 96 34 0.13211044232208194 70 426 91 244 42 451
3601 1.4251381315777882 1.4602830516913508 2.6723501252283697 237 222 185 0.16158808264734267 38 85 95 265 91 270
3602 1.4251977667921396 1.4611615545853383 2.6722064419878375 237 222 185 0.17155419886877341 38 86 91 271 88 259
3604 1.5169061875911072 1.5506482539848543 2.6241583633588039 234 219 182 0.071594430626066394 16 287 91 281 42 227
3605 1.43980660340482 2.0381139106967661 2.2574887261227414 232 217 179 0.31635670135480087 16 520 91 283 42 232
3606 0.83592365519454448 0.95842644691498569 1.618937579950932 128 102 22 0.42022363567920412 41 422 91 389 97 734
3607 1.2802788786790438 0.98329625632455864 1.6935564727807937 171 112 34 0.23109777240299637 87 308 91 506 42 449 88 189
3608 -0.54380375577567186 0.66353604643885011 3.3158527142982845 227 214 179 0.28308994345069982 87 858 91 546
3609 -0.14505388596015489 0.82787676994954096 3.1424189777109088 215 202 167 0.44357468975950187 36 1068 91 567 79 1155 31 1159
3610 -0.083909652633692808 1.1063876319506369 2.1474926092150497 254 222 57 0.18010564218115807 87 826 91 571 42 521
3611 0.35892368503768407 1.0100105245963142 1.9463378947712662 134 96 19 0.050876717498382927 16 563 91 606 42 550
3612 0.20678709369338177 2.0313972832351879 2.2563473200297834 125 82 60 0.13590060620310898 38 755 91 625 42 572
3613 0.12787106162050019 0.80843051104096386 2.3723433466424537 254 228 66 0.25792931106235112 70 590 91 770 42 524
3614 0.6982759575924552 0.96376063167075765 1.3289873740230684 16 18 21 0.58633717973300759 41 869 97 891 91 790
3618 -0.081644952380452565 1.1676721570523676 2.091603997009774 249 205 59 0.86381765331482807 15 1171 91 1121 42 1036 70 1063 79 1241 31 1240
3619 1.601141309107396 1.4576939157399955 2.6877182440107248 101 68 52 0.88001430288902738 26 886 16 819 91 931 38 673 44 585 36 765 15 828 15 983 42 806 31 901 79 913 47 957 88 848 100 1012 82 997 40 906 28 777 32 837 72 731 83 758 37 645
3620 -0.24968034797606609 1.8381510331964988 2.412714881833752 86 97 98 0.27137831071260077 55 781 44 706 91 330 26 480 89 737 41 643 97 647 8 950 16 382 95 465 24 789 61 792 54 713 59 845 51 971 68 1022 46 936 22 941 94 928 98 861 52 871 39 776 33 783 99 1098 84 510 93 789 13 934 34 706 86 741 38 802 7 588 81 755 63 578 87 677 70 632 23 594 42 300
3623 0.15361029053124051 0.91795152884136155 2.3282062648343902 114 61 5 1.5700197318606368 26 1080 16 970 91 1040 24 1011 61 1003 70 975 36 1126 15 1109 44 1037 42 968 79 1195 31 1191 47 1049
3624 1.7818568258295473 1.495414522096145 2.6644363227783643 152 103 78 0.5881546754298822 89 893 41 767 26 920 97 789 16 865 70 850 41 892 87 726 36 918 15 986 91 955 55 355 44 565 42 882 79 1073 31 1066 47 961
3626 1.0558700036883151 2.4191048089909959 1.9651885198919954 100 67 54 0.54290540830487743 26 1157 41 1155 97 1198 16 952 95 1111 61 953 70 882 91 869 61 775 54 469 86 88 38 69 55 21 87 579 70 732 42 837 88 737 100 918 89 1239 82 897 40 795 28 743 32 771 58 791 73 915 19 852 11 830 83 710 17 435 66 911 62 770
3628 1.5832453539858184 1.4041510411959985 2.7113700700037504 150 99 74 0.4175144048933857 36 933 15 994 91 918 26 871 16 803 95 866 42 803
3629 1.6468854422780579 1.4287875691545238 2.6865501094747652 164 121 101 0.38976263827132424 38 671 81 662 55 670 9 389 44 582 63 426 36 929 15 991 91 941 26 881 16 820 95 876 42 836 29 951
3630 0.36632349951530729 0.87107404543808198 3.046815450303666 108 75 61 0.42631220893742466 55 1136 9 1147 44 1040 36 1133 15 1121 91 976 54 905 86 959 38 1073 81 1054 55 1090 9 1102 44 981 87 904 70 919 42 899
3634 -0.69125329710873529 1.6392599241842765 2.5409149936044071 57 44 43 0.14602023518668422 87 536 91 34 42 34
3635 0.043515997763952666 0.84962880674255548 2.2415331560926361 18 12 11 0.01950617297900541 91 55 42 43
3637 1.5166569111133688 1.5371178453396175 2.6018884294492675 236 220 184 0.043058182839864845 91 282 42 228
3638 -0.26714576601288353 1.2107543699406156 2.1677221786615508 90 70 13 0.1350560197145762 91 44 42 264
3639 0.16713986013646223 1.0405938292857035 2.1597124760049207 128 102 35 0.11266141036334283 16 337 91 77 42 293
3640 0.70868625052451084 0.79224743206733084 1.840231285341426 239 169 40 0.20180483421178239 91 362 42 321
3642 -0.28193852021230659 0.55651757739095264 2.3492754157083908 35 33 30 0.34845289667884993 91 740 42 498
3643 0.076655062384168235 0.89548291541475455 2.2376737141899361 254 213 58 0.34952482969604026 91 579 42 525 88 483 40 255 82 405 28 265
3644 0.28639004080288188 1.1447426580108051 2.0435676660997442 145 105 21 1.3272764436964877 91 605 42 551 47 386
3645 0.18434893768695559 2.0112110452127356 2.2965960174808906 0 0 0 0.13653692013632845 70 816 91 622
3646 0.75864539242346563 0.97393435701252773 1.3646193690260513 85 95 119 0.075248629747956639 91 375 42 577
3647 -0.56904079091182369 0.51168774665686867 2.0324441519786047 254 230 73 0.081180199699101979 16 685 91 720 42 652
3648 -0.016075851233388685 0.58636578534781536 1.9129359705257771 255 247 66 0.077780760405652488 91 759 42 685
3649 0.42483972654850916 1.1150979107867358 2.1022644392136791 139 114 32 0.033648207708822563 91 786 42 712
3650 0.076184278015925103 1.9607162189388549 2.2723927330932576 93 65 53 0.071825131504199946 70 810 87 811 42 721
3651 1.1282560458389732 1.3364924110747516 1.3560713488350999 236 219 179 0.19284037505195534 91 835 42 766
3653 1.6424286226651399 1.5570243430285213 2.5783740326176408 235 220 181 0.0097595709427569476 91 947 42 868
3655 -0.44759931736564257 0.39776188246358951 2.175338612477407 255 233 73 0.24842631331000942 91 723 42 888
3656 0.24553965685696316 1.1437513109380133 1.885921318310485 212 172 49 0.019249812279704868 91 972 42 901
3657 -0.052719408215761834 0.89739547616243076 2.2690123498026122 255 208 54 0.3407247235479523 91 967 42 957 83 644
3658 0.19992946668672065 0.880520783276727 3.054944203872056 105 72 58 0.47141128891360862 70 965 42 970 88 959
3659 0.75264208326949533 0.87514019488779271 1.3989974050134555 15 17 19 0.41871055329632706 91 1052 42 984 88 945
3660 0.75264208326949533 0.87514019488779271 1.3989974050134555 15 17 19 0.41871055329632706 91 1053 42 985 88 946
3661 0.80008293173320599 0.82339430051424689 1.4273582243787601 186 198 229 0.29485589927584138 91 1088 42 987 47 1042 88 949
3662 0.69229243171174082 1.0710176444426334 1.2943088370699449 22 18 8 1.4643994894665546 89 1264 91 1055 42 988
3663 -0.24388689889789952 0.65391135326866057 2.8049939601257501 26 28 31 0.46710733748649674 91 1096 42 1001 47 1135
3664 -0.22295287466655145 0.63855298197531529 2.7610553268669453 26 28 31 0.29781706151924547 91 1097 42 1002
3666 -0.23808167035804265 0.33942692022992704 2.0209270062288112 0 0 0 0.19157522827902929 91 1070 42 1020
3667 0.26184112841936608 0.91691293557196796 3.0545982960176983 141 95 70 0.29629563413250848 81 771 55 805 9 812 44 740 15 561 91 339 42 297 87 519 70 305 47 538 88 378 28 149 32 163 83 297
3669 0.14820486865841243 0.941205984385447 2.2597950843592658 245 195 59 0.38090585794370219 86 861 44 955 36 1024 24 839 61 1009 54 806 87 821 15 935 42 530 26 602 16 552 91 589 79 1127 31 1126 47 985 100 972 82 958 40 766 88 707 28 488
3670 -0.32581499667770536 0.67578774118838847 1.900043764668818 255 233 69 0.38486242622180267 26 788 89 994 41 844 16 693 42 662 24 1027 61 1037 54 958 59 1344 51 1299 68 1204 87 939 70 902 91 731
3671 1.1927907088726724 0.95393946421921372 1.7273031541700676 253 204 53 0.76663826001216928 26 645 89 830 41 720 97 732 16 600 70 694 8 586 24 644 61 649 87 580 42 750 95 796 91 825 72 433 83 458 37 360
3672 1.1006851685496011 2.4029404628317059 1.9852824346016147 227 211 174 0.86035125231849741 24 776 54 630 86 392 38 414 81 374 55 336 63 43 70 733 42 839 89 1311 41 1154 97 1197 95 1149 59 1264 51 1427 46 1120 22 1124 94 839 52 837 90 756 99 1074 84 1054 93 1194 13 1500 70 883 91 879 77 779 88 740 100 699 82 714 40 797 28 746 32 773 58 618 73 690 19 694 11 721 12 568 60 839 71 607 43 551 64 492 83 809
3673 -0.20219307649336879 0.73831919019221071 1.8601550316297946 255 236 65 0.48388239536213212 26 1073 89 1245 41 1090 97 1124 8 1177 16 957 95 1029 24 1025 61 1030 68 1196 42 891 87 923 70 915 91 961
3674 0.14814615689172927 1.4447231223446706 1.8411937579483153 23 24 25 2.3792959218207699 41 231 97 209 42 92
3675 -0.7493145918276225 0.97848218436363754 2.1739465923805614 0 0 0 1.4722948799627351 91 1117 42 1043
3676 -0.41896240105659954 0.59310477122797589 1.9585980551019169 176 129 36 0.81533384085001248 26 575 89 988 41 835 97 860 8 1174 16 298 95 517 24 1023 61 1035 54 962 59 1168 86 988 7 992 81 944 55 970 9 969 44 983 63 746 87 712 70 562 36 930 15 425 23 775 42 2 91 10 8 646 24 547 61 552 44 482 70 8 79 752 31 744 48 449 72 246 21 387
3677 -0.83432783600337834 1.6680696946844089 2.5467646997602795 104 73 59 1.3337496879929562 26 372 95 576 24 798 26 1195 89 1388 41 1229 97 1271 8 1331 95 1129 54 1038 59 1458 51 1604 68 1314 46 1500 22 1468 94 1401 98 1329 34 1215 86 1018 38 1164 7 1191 63 1175 87 1009 44 1043 70 969 7 1030 81 978 55 1004 9 1014 63 1014 23 1023 23 1161 91 1019 30 1013 65 794 65 1066 48 800 45 817 80 896 2 903 72 917 1 790 27 579 69 596 56 626
3678 -0.34384758029103474 1.7745774308036737 2.4599321514700989 33 26 25 0.63102625496104425 26 847 89 1088 41 920 97 948 8 785 16 745 95 814 24 787 61 793 54 864 99 540 84 491 93 778 13 1264 86 889 7 1094 26 846 89 1087 41 919 97 947 8 786 16 744 95 813 24 788 61 794 54 865 61 977 99 541 84 492 93 779 13 1265 46 1408 94 1276 98 1205 39 953 33 974 34 1120 86 890 38 982 87 684 87 685 70 785 23 1072 42 533 81 772 63 582 91 582 30 917 80 783 2 831 21 777 21 778 10 257 49 663 49 664 29 928 29 929
3679 -0.18297836356726638 1.2536010940047262 2.1001871867557322 156 166 193 0.84569133485145431 26 1093 89 1279 41 1122 97 1163 8 1210 16 1070 95 1050 59 1359 51 1509 68 1224 13 1344 46 1107 22 1084 94 759 98 269 52 712 39 166 33 142 90 641 99 899 84 869 93 1128 34 560 42 898 87 913 70 922 91 968 77 542 21 1176 10 949 49 1088 3 775 43 416 64 411
3680 0.59904394077234258 1.0746275665944309 1.2738546171080201 101 112 139 0.15119622653742673 15 8 79 6 31 7
3681 0.73934295007393025 0.89471118490946067 1.3841093356672221 13 13 15 0.075765315508904627 36 61 79 32 31 36
3682 0.26488619798554319 1.2386696538630657 2.030986333594492 112 78 17 0.30457871037978307 36 128 79 106 31 104
3683 0.87084163769965439 0.91814227247392499 1.8260447433478604 23 20 20 0.14998647073563862 15 165 36 132 79 114
3684 0.4819018504576188 1.0585195161750078 2.102370766250421 102 96 105 0.17415685789712254 36 474 79 151 31 153
3685 1.3107411255231964 1.5236560548834994 2.6502317796925734 132 125 109 0.046015748684686629 15 252 79 277 31 303
3686 0.068288983418555924 0.78533649007621065 2.4506883282225234 136 117 96 0.21261962866305648 36 545 79 282 31 291
3688 0.55185897509882642 1.0934685330892988 2.9555212371328747 113 73 51 0.080374857679714196 15 552 79 413 31 422
3689 0.30764870591416515 1.0556708721774255 2.9999262244811091 218 203 163 0.0529974286322853 15 284 79 418 47 255
3691 1.021322898678281 0.93025231062281488 1.6516878436300055 174 141 36 1.0435485568993152 36 436 79 526 31 723
3692 1.1139973137456438 1.2897189072301929 2.8133449562391686 104 70 52 0.2307246989068712 9 437 15 549 79 634 31 628
3693 0.8249791395308963 1.3441327983717228 1.3233685138187612 154 134 43 1.70040869922897 44 780 79 689 31 677
3694 1.3188857103077307 0.94552038772004154 1.820178299177547 3 3 1 1.7573263024139127 36 126 79 749 31 745
3696 0.46530439632097292 1.1226193270226847 2.092449161001332 103 87 51 0.42060409753536238 36 893 79 755 31 751
3697 -0.0084443208400547549 1.0401945609360268 2.158094809296812 152 116 35 0.14424901012726732 36 705 79 758 31 752
3698 0.56400938919871724 0.78612890776452482 2.0037093268349668 188 138 32 0.21319028658982761 36 733 79 781 31 569
3699 -0.39491490379265837 0.70095302789949976 2.8847019378969843 117 115 103 0.41300643788210617 36 844 79 948 31 930
3702 -0.092927985018553136 0.88576998002402718 2.1068186632639132 254 240 69 0.62856484752526887 36 1017 79 1022 31 1003
3703 -0.35426736421773275 0.4705109132867123 2.0563059689149945 255 244 69 0.15547881056004476 15 1028 79 1042 31 1019 47 836
3705 1.5353970909637722 1.476406371614903 2.6813868075354819 228 214 178 0.44633929340682355 15 979 79 1072 31 1063 28 851 32 832 17 875 5 199 74 164
3707 -0.085957627803015288 1.0339471182519382 2.1441400746380532 11 8 6 0.015526855962182137 36 1114 79 1120 31 1117
3708 0.20551549673223893 0.97416610583569696 2.249904432961038 212 156 41 0.055668358000243688 36 1020 79 1125 31 1123
3710 1.3511248134163665 1.0222778808149229 1.6877462460654451 0 0 0 0.37773749768713383 36 1094 44 1015 79 1176 31 1175
3711 1.3511248134163665 1.0222778808149229 1.6877462460654451 0 0 0 0.37773749768713383 36 1095 44 1016 79 1177 31 1176
3713 0.093142926331649625 0.94013683579662821 2.2884512029139725 255 220 64 0.62309028423666168 36 1120 79 1193 31 1127
3714 1.3659866580417239 1.10089878671138 1.6368951930381119 222 163 46 0.11219114652837671 44 1054 79 1216 31 1217
3715 -0.42354865721856766 0.37859919800710068 2.1423217176637643 255 233 73 0.09274735174531816 36 1168 79 1226 31 1226
3717 0.12860818766608725 1.2111277041442308 2.0148095609871013 20 29 44 1.2135275009936102 15 1169 79 1259 31 1257
3719 -0.54912473350456714 0.64481689823849109 3.3146540703138996 223 210 176 0.36107564073601406 36 342 15 308 79 457 59 786 68 744 46 869 22 440 94 442 98 437 38 638 7 890 81 618 55 616 9 893 63 908 87 283 23 915 47 169 65 850 48 874 1 619
3720 -0.41612975071565345 0.44833800832103143 2.0829735020774129 255 235 70 0.53673481529751355 36 954 15 930 79 1045 24 829 61 845 87 947 38 1081 81 1057 55 1092 54 954 86 990 9 984 7 1085 44 995 31 1023 47 573 48 743 100 590 82 292 40 198 57 622 17 717
3721 -0.48128593670704362 0.55838641309430492 3.3887703383116912 116 78 59 0.83395336210946025 16 525 54 830 36 986 15 1005 42 496 91 548 79 1157 9 1054 91 745 47 1001 88 705 28 827 32 812 19 939 83 423
3723 1.3063316782211791 0.77918123067961254 1.4900377077492877 254 250 77 2.060730424211104 44 23 79 79
3724 1.3188857103077305 0.9455203877200411 1.8201782991775466 3 3 1 1.7573263024139258 36 127 79 750 31 746
3725 0.84441626945332515 1.3999213137630242 1.5167386603241602 167 135 34 1.9633227659568135 36 1184 79 1254 31 1253
3726 1.0223207637441953 1.4809492136094144 1.3477111969962514 0 0 0 0.16261123206685865 15 578 31 13
3729 1.2275447517638978 0.82923252597891006 1.5554398523176654 0 0 0 2.7566578713566647 55 321 31 74
3730 1.1220434863850395 0.70229107584740147 1.67183935453902 255 252 66 0.10270990635571133 79 111 31 114 47 222
3731 0.13055058012184129 0.9762841294507032 2.2308702102238875 187 146 42 0.4284336933279328 15 477 36 222 31 186 47 78 88 45
3732 -0.48880330451052356 0.61308328461972805 3.3588935896161325 139 96 74 0.7929456738605839 15 570 31 459 47 198 100 496 82 529 40 323 83 58
3733 0.88099764451157192 0.69101698459832861 1.5496682674882587 178 190 222 0.068070997557155566 79 516 31 517 47 437
3735 0.87945145012063042 0.78142462252121447 1.5062926846373139 128 99 22 0.0093510744993523937 79 720 31 712
3737 0.15864030490098271 1.1445774190256053 2.0757834042603927 165 137 48 0.1251628191021259 15 1018 79 1006 31 988
3740 1.4036338698750701 1.6088147596588127 2.6146773866193205 230 215 176 0.58664345956224129 36 905 31 1049 17 855
3741 1.3376864198784371 1.5894622256828148 2.6380836448637899 232 215 176 0.035103067287006372 44 810 31 1051
3742 0.74004360697623517 0.90469616242982909 1.411368504362176 25 33 45 0.31654540322898117 79 1105 31 1095 47 977
3744 0.060188175714265303 1.0697469418643579 2.1611636690311236 25 20 12 0.1895632165912039 36 1153 79 1185 31 1184
3745 0.99060326805110399 0.71779128403628012 1.7134340716722536 156 131 36 0.66729480378983996 79 1219 31 1220 47 998
3747 0.093770174421609356 0.91511404119528028 3.1117505419338265 77 66 60 0.28963850031492955 55 821 9 827 36 843 15 557 31 937 15 998 79 1093 47 708 100 728
3748 0.98792684828142086 -0.92341999270870567 0.86914177996285702 249 227 70 0.41669481322347535 79 78 31 53
3749 1.2022737687939862 1.2009136427848075 1.5549967788148722 2 1 0 0.30644527231617719 54 33 31 55
3750 1.2022737687939862 1.2009136427848075 1.5549967788148722 2 1 0 0.30644527231617719 54 34 31 56
3751 0.64925316976757341 0.98461322835959586 1.3576996258523639 122 126 143 0.04472602401396434 79 474 31 480 47 21
3754 1.3232774590449634 0.74608670881510386 1.7558483684919706 0 0 0 0.2067162128248656 79 1244 31 1243
3755 0.69217211350829566 1.1775943466124343 1.0720766856977206 252 251 78 0.1452805783055035 15 1 47 0 40 4 32 13 83 45
3756 0.12160248516344899 1.2467291816994224 1.8160117799493019 101 114 145 0.10998490905890472 31 63 79 68 47 14
3758 0.20184020358870453 0.87629925164813605 2.4312660720573716 241 202 54 0.16754363201135178 79 265 47 136 31 273 100 127 28 78
3759 0.64792479975505324 1.4003413801492535 2.4439072168247371 240 211 158 0.73137931051046179 31 584 47 199 79 593
3760 -0.44718009250386109 0.60280383010139438 3.3348574257654238 128 86 67 0.31823769788755096 31 667 47 206 79 959
3761 0.7821776463565856 1.5994665441554261 2.6081523495898926 240 216 169 0.16322037136284831 31 240 79 224 47 241
3762 0.4973878807801882 1.1323691830946299 2.9397055137715769 217 202 161 0.083864737815393164 79 405 47 266 31 403
3763 0.62585872073528059 1.223142318794777 2.8495610753431229 16 16 19 0.1412023632511627 31 385 47 271 100 241 82 242
3764 0.76180364870453454 1.2111380311645856 2.8811427157828273 231 210 164 0.22110476143980409 36 281 47 289 88 187
3765 1.154953171586494 1.2197092092168083 2.8553028572013748 58 41 37 0.61630867044165727 79 398 47 322 31 640 100 579 82 849 40 443 67 918 17 1026 57 964 5 926 74 880 35 835
3766 1.523983560779256 1.5769608768002032 2.6125438493329658 231 214 174 0.18091905287513321 36 194 47 324 100 309
3768 1.0178947841814525 1.3905661974951524 1.3907981322830072 211 135 39 0.16445981982027053 79 471 47 383
3769 0.0054667369496640347 0.79789672145161761 2.3944853244725683 253 223 60 0.12232007704995326 31 841 79 864 47 409 100 418 82 416
3770 -0.055153019988673828 0.67559033303405158 2.4824819396314957 255 246 64 0.23714235718960128 31 878 47 422 79 901
3771 1.2565654090320837 0.99079744937071368 1.682039078491147 254 225 63 0.12668704482388829 15 481 47 520 88 439 40 357 28 389 32 371
3772 0.2977757764184063 0.88341768426194789 3.0505072596193892 47 36 37 0.30395810138953971 31 657 79 663 47 543 100 237
3773 0.29220470879125737 0.86149908141695231 3.0724067713161589 105 72 59 0.088743601578291378 31 658 79 665 47 548
3774 0.68671446531323987 1.2043145314079964 2.8651122196913734 222 205 165 0.057974877705938233 31 630 79 637 47 551
3778 1.2184346846483005 1.2182115005733456 2.7885693301151195 80 53 39 0.094742507672331208 31 634 79 640 47 561
3779 1.5410852914181827 1.430723757825016 2.7068141908301215 92 64 52 0.3093468256356583 31 610 79 624 47 562
3780 0.59126152451295 1.0197233923251583 1.3463062598010547 1 1 1 0.49494652747922024 31 946 79 1101 47 583
3781 0.69673401457672002 0.96382436319808484 1.3280099285404405 15 15 17 0.3043003210777438 42 727 47 595 100 331 40 467 88 488 28 473 32 492 58 237
3782 -0.015052091731105595 0.59405194884754831 2.0797469166691998 255 246 65 0.31081535088108603 15 667 47 610 100 623 82 629 40 471 28 241 32 486 58 507 73 577 67 631 19 593 11 623 12 687 60 767 71 502 6 445 92 516 4 508 50 539
3783 0.0042804334690728857 0.65415100977622709 2.1382758034472755 255 250 65 0.39816271729785635 15 672 47 616 88 476 40 239 28 249 32 233
3784 -0.11467960964752617 0.64239985816016332 2.5009637476704469 254 236 63 0.11106737664140708 31 887 79 912 47 639 32 506
3785 -0.38990311846278564 0.72041576683383346 2.9679787984891872 131 129 118 0.97596305998368837 31 935 79 952 47 655
3786 1.0660089729393449 0.72454104888824555 1.8485704015958042 239 218 174 1.4427656421199087 36 688 79 771 47 704
3787 0.77044194044550107 1.5514142671557891 2.6367367000091768 237 214 170 0.090380694763181613 31 837 79 850 47 709
3788 0.76179321132295252 1.2010656864818638 2.7953901353206509 232 214 171 1.8877559796446155 31 912 79 930 47 765 100 787 82 793 40 629 28 745 32 770 58 797 11 711 83 479
3789 0.80516093089382046 1.2448397970935867 2.8662624467160569 225 209 170 0.10815728846247258 31 922 47 790 100 815 40 657
3790 1.1807621431307116 1.2297068999832104 2.785085629269429 149 99 71 0.19535865106601633 31 923 79 937 47 825 88 678 100 868 82 846 40 714 28 667 32 666 58 724
3792 -0.44047003594759621 0.71620672254027318 1.8756291633016775 253 229 72 0.16061971012935219 31 1105 47 828 79 990
3793 0.83647522764300686 1.1281679289317894 2.9275702066705569 66 47 43 0.09646676055843223 79 1088 47 926 31 1078
3795 1.0860998161153275 3.9880896523542089 4.5019838516979984 238 220 179 2.1336390865267321 79 921 47 933
3796 -0.60299078583901944 0.65030496423184603 1.9467992852805396 255 228 73 0.37821605317540397 31 1180 79 1183 47 964
3797 -0.37627341989969759 0.74364567363697298 1.8562032020140864 255 232 73 0.051594371813455386 79 1114 47 965 31 967
3798 0.16539433603689765 0.96067518814112995 2.2021783100589394 179 143 39 0.30556033218290518 31 1122 47 982 79 1041
3799 0.37894773256455822 0.83609540795072224 2.0492816302628625 159 129 45 0.24099255625516292 31 1121 79 1124 47 989
3800 0.044617374907660788 0.91181940455603749 3.0845426696195037 210 194 155 0.484471481009905 31 1155 79 1149 47 1007 88 892 100 931 82 904 40 894 19 660 11 689
3801 0.70830342584066164 1.315684859456598 2.6339337866549055 229 203 155 1.1743752599422794 15 736 47 1011 28 737 32 766
3802 0.74800803379603176 1.2014161164940098 2.574206149992909 229 205 161 1.9649481800584798 31 1133 79 1134 47 1012
3803 0.75258905853575153 1.1793355384256481 2.7303028287269231 17 17 18 1.5749744086667423 36 1038 47 1016 83 361
3804 0.81287158319253139 1.1371858063770202 2.676664092465789 227 209 168 1.6531071326213667 36 1036 47 1018
3805 0.061125838253584266 0.82511902449769259 2.3896653019583232 183 186 204 0.13300756210171819 31 1195 79 1199 47 1050
3806 0.36661690751601794 1.046987802131482 2.4004377217204733 187 194 221 0.5032110834793746 44 851 47 1056
3807 -0.21168088777049898 0.82165916101698333 3.1768609381551962 215 197 155 0.45122737985846889 31 1208 79 1209 47 1060 100 1048 82 1035 58 848 67 1064
3809 0.023140316046351771 0.8030323696090409 3.1433334633553525 106 72 59 0.96072212798979595 79 1252 47 1105 100 1080 82 1061 40 971
3810 0.40961789678369309 0.81935148000761726 2.1051025174907854 240 204 68 0.081272236877219919 31 1245 79 1246 47 1120
3811 0.53874958388818017 0.98733536496821983 2.3275638084958961 187 189 205 0.42517488643663731 31 1261 79 1264 47 1125
3812 0.65301165682154794 1.3641708324110855 2.4909447265923159 221 196 152 0.82424359232050703 31 1260 79 1263 47 1126
3813 -0.26070468057159407 0.68803846029871862 2.3875544841951695 40 30 18 0.35624254630913671 31 1266 79 1270 47 1132
3814 -0.29321929721695261 0.50313164597925031 2.0415127050757844 255 235 73 0.82265953178980822 38 1078 81 1052 55 1086 9 1091 44 986 36 1034 15 927 38 968 81 942 55 969 47 842 79 1039 31 1014
3815 -0.42782196247443299 0.57810535262629881 1.9842504812951187 222 187 60 2.5321542314053418 54 696 68 630 86 747 38 810 7 571 81 540 55 796 9 513 87 711 70 287 15 648 47 3 68 643 86 749 38 811 7 809 81 768 55 800 9 780 44 744 63 527 87 554 70 286 15 431 23 509 91 9 42 1 48 462 100 4 82 284
3816 0.73498668643011278 0.9228696099678344 1.355724780481016 184 195 225 0.40769874104323262 79 1161 31 1165 47 1031 86 934 36 1084 15 1077 44 925 91 1086 26 1189 41 1173 97 1215 42 1012 88 939 100 1018 40 916 28 861
3817 1.5350383357054886 1.4669977393774125 2.6763956048621611 225 211 176 0.58334943223259872 26 554 16 670 95 498 68 38 86 369 38 417 81 396 44 592 36 758 91 712 42 637 47 954 91 913 42 798 88 917 100 1011 82 921 40 905 28 852 32 833 58 868 72 576 83 625 29 593 21 597 57 815 37 481 96 619 76 594
3818 0.023264286206661908 0.99243046709677363 2.1998292671327557 251 201 56 0.85000299574677329 36 1117 15 1096 79 1188 31 1186 47 1039 91 1033 88 866 100 1029 82 1017 28 808 32 723 58 828
3821 -0.18002898000265175 0.91606994277291287 1.9135157371877343 254 240 70 0.056717108605371991 93 65 77 29 64 30
3822 0.60027042068071035 1.4502647958735351 2.1266679440814422 3 3 5 0.41226274369766408 93 135 77 78 43 87 64 265
3823 0.56363075047111677 1.5658677843530162 2.3717052887002388 131 96 21 0.10532822214861226 13 344 77 119 43 115
3824 -0.6717648188781552 0.93198564928022021 2.2916625951834209 2 0 0 0.40851545681808071 93 628 77 322 43 60 64 63
3825 -0.48992302309004648 0.69451248971292034 1.9750173490177079 0 0 0 1.7279672962773285 84 43 78 20
3826 0.12408291009217197 1.1974429884343094 2.1078422874016325 72 31 11 0.47750755475177031 93 115 77 534 43 64 64 65 78 224
3827 -0.50229792650882243 1.379456982145957 2.3705253774512607 49 51 64 0.72582293274257348 52 829 77 563
3828 -0.68304610214663442 1.3663969266277971 2.5006175567082982 58 64 84 0.10411156977382348 90 928 77 576
3829 -0.74024870691896072 1.0453896144498964 2.4047255582305653 2 2 1 1.4285640256907544 13 813 77 691 10 950 49 1086 3 779 20 448 43 515 64 529
3830 0.49253155942761084 1.6677559609673707 2.3268637158367804 227 203 159 1.9740558241039707 99 1278 77 835
3831 0.40902011067557698 2.1687567025738135 2.1398352175439976 48 32 27 1.4382759220053396 13 1601 77 837 10 1103 3 898 64 670 78 631
3832 0.80748340073334623 1.5010040399178708 1.4133803010613144 0 0 0 0.16260035627590644 84 1240 93 1268 77 844
3833 0.97321248613441802 1.5409141987804538 1.2295511027159589 245 187 54 0.84412286537015779 84 1271 99 1305 77 873
3834 -0.74529017586086832 0.84998337956078174 2.2842196474713652 0 0 0 1.5976167191355197 13 1614 77 875 20 726 43 680 78 660
3835 -0.9204235021253423 1.4931643538318959 2.606525353187183 109 111 104 1.758017157717918 93 1332 77 886 13 1628 20 731
3836 -0.55592001270158187 1.3501541490598454 2.3955511649422774 19 21 30 0.23546598905867411 39 333 33 330 77 358 90 261 84 708 10 115 3 112 20 293 43 273 64 278
3837 0.69979738742921738 1.1862348685257202 1.0843763491613025 151 133 52 0.99230944482359329 34 1069 30 1 53 0 45 515 80 337 2 0 56 0 69 503 2 794 1 703 65 958 27 0 27 432 25 286 14 337
3838 0.77634917643109591 0.96122331495584157 1.7849865538156333 159 133 50 0.10514852468250489 34 448 30 33 53 46 45 29 80 33 2 27
3839 0.84431688898163582 0.91172305641520124 1.8526206796483853 32 27 25 0.21331723314984233 34 19 30 34 45 34 80 34
3840 0.79423178830848917 0.98667372688237043 1.7838480046294012 49 47 53 0.14701835692274171 34 449 30 35 75 301 53 336 45 32 80 35
3841 0.84772303159659079 0.91889717009239869 1.8804548687786027 2 2 2 0.1738777283714564 34 21 30 38 45 37
3842 0.69839668241024955 0.98342679982885339 1.8958119690622586 148 123 45 0.14315989922198194 34 28 30 45 45 43 80 38
3843 -0.61916306360167939 0.74264638352292811 2.0188141247099081 105 93 26 0.31805058947838832 34 134 30 95 53 66
3845 -0.65088718899319187 0.89895130174392957 2.2725825748531152 99 0 0 0.08471506691622227 34 259 30 151
3846 0.11233712026088895 1.7781927870627163 2.2491119893078317 2 2 2 1.8311477436191854 34 282 80 141 2 144
3847 -0.55931002914031269 0.85171205604532807 2.6328883384163713 60 41 1 0.54973944126112306 34 287 30 214 45 404 80 146 2 154
3848 -0.45429796382193566 1.0569361314268839 3.0071265798140785 56 55 48 0.12123511292939805 34 344 30 293 80 244
3849 -0.57290368810829395 1.2612496834549622 2.8293005293848559 86 90 83 0.14117362696080374 34 374 30 320 75 222 53 227 45 253 80 510 2 506 56 340 69 314
3851 0.61204147335196124 1.0492164356678406 1.2753681674471899 36 40 47 0.099587734719423768 34 437 30 397 45 6 80 3 2 3
3852 0.6870996212022904 1.1604705482053923 1.3096847088910117 100 83 19 0.22197941489323642 34 816 30 399 45 341 80 354 2 375
3853 0.8619173290489921 0.8575928245693909 1.6072991625397464 136 110 33 0.44111870607983289 34 439 30 400 45 342
3854 0.56897938145059002 0.71091708197980175 1.8069624297837481 111 65 6 0.17818112909030001 34 445 30 407 75 24 53 31 45 345 80 359 2 378
3855 0.35845593005586124 1.1653112338537228 1.5726483765169514 68 72 70 0.26019299000769391 34 455 30 414 75 36 53 40 45 354 80 368
3857 -0.53524235348066362 1.1785572652968326 2.3939240252321965 90 74 17 0.14163110029794518 34 653 30 485 45 580 80 639 2 428
3858 -0.25804022083824169 0.67567611895638513 3.2323302459605352 47 28 19 0.094212327144696295 34 655 30 507 80 469 2 462
3859 -0.30145871093801729 0.74263242117963912 3.2219172475354072 49 33 22 0.30346037320813585 34 664 30 516 53 194 45 190 80 479 2 480 27 304
3860 -0.35755032009818816 0.9001559887298245 3.122626881032299 62 62 55 0.22154582198144879 34 676 30 526 80 218 45 206 2 490
3861 -0.40458775173039074 0.80433977489779529 3.1920581345857095 108 106 91 0.27903587408265063 34 679 30 530 45 214
3862 -0.42604614433251486 0.76629900962647379 3.2152803299946489 228 214 178 0.30615986078519186 34 907 30 532 23 1021 45 217 80 492
3863 -0.58849814603452066 1.2617779427886473 2.8524848584182987 59 61 54 0.26943055412356626 34 377 30 566 45 465 80 520 2 523 69 196
3864 -0.97113520505424289 1.582978401945748 2.5727276200189722 140 95 70 0.32399935377831829 34 965 30 606 45 320
3866 -0.48331301222494472 0.64165802484769519 2.5561474235109589 108 80 15 0.14019065575136377 34 591 30 669 75 367
3867 -0.46208703661845751 0.72086855972969399 2.5261707840887642 46 50 62 0.38816374931839448 34 1026 30 671 53 386 75 553 45 570 80 627 2 621
3868 -0.56295738665587325 0.80922219841523402 3.1862333734780148 98 98 85 0.28715918948425079 34 919 30 714 53 443 80 678 2 685
3869 -0.62296733592247178 1.2860417047231922 2.8351855433335826 87 92 86 0.30505388506795034 34 928 30 724 45 466 80 683 2 683 56 450 69 438
3870 -0.80221234470716241 1.1246592460628153 2.9317405522577746 71 75 68 0.18178295662776717 34 938 30 737 80 698 45 612 2 704
3871 -0.89013612341274095 1.5398523342077421 2.6356128999378896 76 80 75 0.15515913107587576 34 956 30 760 45 626 80 710 2 706
3872 0.7870002038965791 0.93606599063185525 1.7940920085026626 160 132 51 0.26734111208459149 34 1082 30 786 45 654
3873 0.45575448174385874 1.2980269667577891 1.6962600200516931 100 83 22 0.25297082461314496 34 1086 30 793 45 702
3874 0.29764599639358452 1.172003710478668 1.7924628173755488 1 1 0 0.92686475288019632 34 993 30 794 45 660 80 387
3875 -0.25301293683396314 0.67038944432900049 2.4317770817827626 223 184 58 1.1859791740411054 39 614 30 807
3876 -0.068992451285642659 1.2147972164911263 2.0730229337521346 238 198 56 0.15654332108982971 34 1144 30 809
3877 0.28851981582097191 2.1406995833499103 2.1512302884641317 38 27 25 0.43469191481989589 34 1035 30 830 80 770 2 636
3878 0.068952757873547266 1.9381939703488045 2.2990516266996868 41 30 23 0.30854217498573117 34 1115 30 832 80 775 2 823 56 526 69 491 27 474
3880 0.030419047437039739 2.0250150911503497 2.195244174763618 38 28 25 0.43264701734979361 34 1117 30 910 80 823
3882 -0.67363208030584609 0.96635988922505012 2.3293178172237488 130 116 38 0.59272539466590279 34 1153 30 976 80 885 2 896
3883 -0.87082596059065254 1.1642468251758609 2.9464696789837745 125 125 114 0.26472509975874581 34 1196 30 983 75 807
3884 -0.52289895123811947 0.46756924302966568 2.2110381887700625 126 112 33 1.2756413720935584 34 1143 30 985 2 907
3885 0.36278172501341427 1.1915620532343543 1.6072708417085648 76 75 83 1.2801841660076327 34 1217 30 1005 45 799 80 881 2 904
3887 -0.70507082924996878 1.3488737166251412 2.6125436053339435 14 17 24 1.6737729422714838 30 1026 75 845 53 810 45 825 80 913 2 925
3889 0.65337956291279742 1.229645907666971 1.2240373198821315 141 122 36 0.32966771442068743 46 1359 22 1353 94 1293 98 1219 52 1104 90 1008 34 1072 30 778 39 966 33 988 75 624 53 614 45 644 80 729 2 719
3890 0.14455806321448397 2.0336663443031591 2.2113288423929869 85 66 61 0.27830654874586641 34 1038 30 681
3891 0.69087419549284912 1.3530584213813406 1.1879556091840593 131 118 44 0.1531209336953992 81 19 27 15
3892 -0.50386876255954682 0.71443213459520605 2.5823964544351998 90 65 14 0.65132958007949993 23 603 65 256 48 559
3893 -0.73964389203165393 1.6385315381530463 2.5023970272140956 109 77 64 0.078810861101672583 23 296 65 339 1 191
3894 -0.20511082750876344 0.73432014724245209 3.2160740286532921 36 24 20 0.21038869221694523 23 280 65 355
3895 -0.83030954846850302 1.4913600282340862 2.6840921377005609 75 75 68 0.21090355239152911 23 338 65 397 1 250
3897 0.31844867114992448 1.2332711217592318 1.5876285943296973 0 0 1 0.91028840473597172 23 736 65 492 48 698 5 419 74 387 35 336
3898 -0.54262265158633205 0.78670078062618909 2.4882015428982194 189 155 53 0.41357952234634432 23 834 65 558 48 551
3899 -0.24047163170615346 0.70982040811929403 3.2222942099368685 169 154 150 0.56044552531950675 23 859 65 624 1 205
3900 -0.85110045127876044 1.5557765771306793 2.6145368018908011 28 20 16 0.32099536480443064 23 670 65 640 48 293
3901 -0.87327008769058634 1.5937743812454839 2.5891190698955087 34 23 18 0.58786407890667214 63 623 65 641 48 592 1 227 25 171 14 154
3903 -0.27648197633451804 0.77610557753226694 3.1162122285481137 23 20 17 0.80565855843020528 63 836 65 783 1 597
3904 -0.52733805247763621 1.1020967594932236 2.9330569069373635 113 107 90 0.049014114645272742 23 876 63 849 65 795
3906 0.68482542486137588 0.72210220407977266 1.9054250356056814 117 127 153 1.1809691689264596 23 732 65 872 48 982
3907 -0.45899492970179828 0.68693322938305901 3.2637080051969987 244 233 202 0.80469911120897508 23 1024 65 946 56 347 69 324 1 693 27 418
3908 0.6626691116871275 1.2107930656513644 1.1549745015544091 143 128 51 0.45153167738340155 63 1041 65 960 48 971 1 624 69 454 27 329 25 289 14 341
3910 -0.36425742472551131 0.71656803776498978 3.2696061690925098 228 216 186 0.29719262014898279 23 1160 65 1068 48 1080
3911 0.7534475857644799 1.0764016307299891 2.6144560265083383 3 3 5 0.98569226941324684 15 808 48 120
3912 0.67839812997138016 1.1643963575313263 2.7733703778825225 13 12 16 1.1414376616597468 31 374 79 367 48 182 5 246
3913 -0.43716654814653516 0.86831162922163874 3.1397490829514991 78 83 80 0.17820480760829052 65 382 48 343 1 239
3914 -0.67208650693278948 0.96473149228648358 2.5192629137385838 47 34 3 0.58390181485380888 9 575 48 562 74 496 35 163
3918 -0.59749718748624148 1.2720405136518591 2.8444701432850752 61 61 55 0.42685915770691152 65 797 48 818 1 609 27 415
3919 -0.70262171508835014 0.92759047459748145 3.0939144127921936 153 148 129 0.23907025978221472 65 843 48 859
3921 0.69765079742043612 1.1777425013856493 1.0940750599861004 184 156 51 0.28170908183627036 65 959 48 970 5 864 35 584
3922 -0.10834442065082568 0.78431730028316526 3.1714981462760892 82 56 45 0.2086453343867449 31 1209 79 1210 48 1079
3923 -0.40498111845771634 0.57345462637003164 1.8642438739250546 255 229 67 2.0407141426343749 31 1259 79 1261 82 924 28 900 32 842 58 751 100 1057 48 1085
3924 -0.63665889576453738 0.58829450630542124 1.9837213528499866 255 234 75 0.16103349478921761 47 332 88 0 100 0 40 0
3925 -0.63704026312064377 0.58809498136269822 1.9837022117148577 255 234 75 0.16964017250973817 47 333 88 1 100 1 82 0 40 1 28 0
3926 0.81390256083720003 1.4111857041066442 1.3703919871648806 255 223 55 0.044388680179286197 47 350 88 80
3927 0.69720983167312722 0.81088453958699036 1.8724312631338824 253 187 45 0.35675144946973936 47 135 88 88 40 286 28 283 32 277 58 282 73 309 67 396
3928 -11.562355474492716 17.532193251842351 22.881384978918618 28 28 31 0.63237386978995291 47 168 88 136
3929 1.2058942337113094 1.4413422090324994 2.7111419791627682 224 208 171 0.084321587917485272 15 266 88 245 28 198
3930 1.3682553375582645 1.5239614241801402 2.6449156821925546 231 213 172 0.26553245503949768 31 307 88 254 100 301 40 444 82 590 28 446 32 467
3931 1.3688785958089462 1.5231422700109554 2.6439569103567946 231 213 172 0.23585251653389649 31 306 88 255 100 302 40 445 28 447 32 468 58 488
3933 -0.02329117232001859 0.58116181398435285 1.9844504217000474 255 205 48 0.82599905615692359 47 354 88 283 28 17 58 20
3934 -0.17979840678348832 0.85035050067964846 2.7121557457735834 254 245 63 1.4201004545022924 15 755 88 297
3936 0.48070404126789879 1.0455058808469828 2.9807022963182876 121 81 62 0.25928173868014204 15 834 47 549 88 412
3937 0.63412668686660734 1.0751149921142698 1.2533868284181504 182 190 213 0.23240715059323555 47 571 88 481 100 325 82 1 40 460 58 228 32 485
3940 -0.45151015293982444 0.38165323467102452 2.174608825608618 253 233 73 0.67582582479444964 26 779 88 688 100 9 40 203 32 707
3941 0.80002003415867773 1.3340492475367385 1.1601421031161006 253 250 70 0.36689511719953932 47 570 88 711 40 468 28 476 32 499 58 498 19 592 11 622 60 392 4 465 50 782 66 804
3943 1.3244374998797688 1.4440589585907606 2.7015487153846958 227 211 173 0.26966313507706174 47 944 88 815 100 949 40 832 28 763 32 783 83 711
3944 1.5790800712133384 1.5575819594948008 2.6324540827336245 243 224 180 0.10916136609835408 47 953 88 845 28 776
3946 0.83823431546480554 1.1681057656628846 2.8942282340067291 230 213 176 0.2268786015907622 91 991 88 908 37 729
3947 1.4385663795755572 2.0247592801788512 2.2695319580737183 251 227 180 0.34236765347918019 47 892 88 912 40 903 28 845
3948 -0.16484145434073783 0.67579770547783313 3.2555900548147143 149 101 76 0.5322975585116515 47 1104 88 952 83 787
3950 -0.11395264922915591 0.94676330544769149 2.2105524565219801 238 192 55 1.3517768598264179 47 1087 88 981 100 1065 40 953 28 911 32 897 58 918 73 1010
3951 0.71831640980743106 1.1736019874320069 1.0929955918220617 249 226 66 0.87482008018745627 47 1076 88 985 40 950 28 906 32 846 58 873 83 858 28 949
3952 1.1297384815415052 1.4609394510879492 1.3708151967820292 240 191 52 0.32865886079505602 47 1092 88 997 83 867
3953 1.0603364577197185 1.3678844855311711 2.7830207669096656 221 203 162 1.7124928123371985 36 1162 88 1000 28 925 11 925 83 874 37 809 96 971 29 1144
3954 0.71387085902052549 0.70392715425690311 1.1935674000544432 236 204 69 2.5132748904531761 26 1256 88 1005
3955 0.061700095821234008 0.8942102356875723 2.3493497841074142 255 232 60 0.40497334749012354 47 1117 88 1006 28 934
3956 -0.20629250067335297 0.90640831109908904 1.9167136643504354 255 231 58 1.0352029479119444 88 1015 28 940 32 905 58 948 73 1040 67 1116 19 962 12 1115
3958 0.96199416520181136 1.1854668515748867 2.8871925018956626 87 61 52 0.82093350881546612 86 652 38 737 81 701 55 739 44 694 87 632 70 641 36 822 91 655 79 1085 31 929 79 943 47 940 88 749 44 847 87 787 70 793 100 1008 82 1039 40 904 28 844 83 509 37 390
3959 0.73047760296255504 1.1584641591082327 2.6970394859403268 15 16 18 1.3769788664536449 87 987 79 1228 31 1229 88 1009 91 1058 42 1013 28 939 83 870
3960 1.1408316529716886 1.3405808504482251 2.7831835159130125 69 49 42 1.8790897934586899 81 903 44 826 87 767 36 942 15 980 79 929 31 1069 47 557 88 672 100 857 82 260 15 821 87 761 40 706 28 658 32 661 58 485 83 691 9 721
3961 1.1034050834012206 1.5444277342584771 1.2986214207835454 253 223 67 0.15638529246552826 47 612 88 528 83 465
3962 1.1034050834012206 1.5444277342584771 1.2986214207835454 253 223 67 0.15638529246552826 47 613 88 529 83 466
3963 0.83344653586617845 0.674374897245962 1.5445813138820619 81 93 124 1.0129792981940169 46 4 75 7 53 12
3964 -0.65237275365189495 1.181931971911085 2.4916308378553511 8 8 5 0.06210972013870774 34 321 75 151 53 148
3965 0.29048243464720441 1.8728645490561111 2.2670817476998733 2 2 2 0.044829093342571867 75 158 53 155 45 145
3966 -0.64143106341481271 1.3888868282392339 2.5125198103285689 57 66 90 0.082712581665319349 39 396 75 193
3967 -0.77991177972208681 1.6611969263679434 2.5146926611686475 113 78 58 0.27108731077326487 30 585 75 244 45 480 80 538 2 532
3969 0.55168896123763156 1.1231331466737704 1.1667681657437148 113 88 16 1.0028137226342422 75 271 53 4 80 341
3971 -0.49932202308417756 0.69376148731699327 2.5826863563522653 83 66 13 0.33162597554378603 30 472 34 1030 75 377
3972 0.21914458154749172 1.7605636257261463 2.1367352673447328 2 2 3 0.56026314188624682 34 606 75 389 53 407
3973 -0.50194845852693537 0.56100388700594905 3.3978288936868277 106 108 100 0.25393965144188785 30 706 75 431 45 603 80 675
3974 -0.56868088734798561 1.285273532282458 2.8191583795933504 57 58 51 0.17234676117092843 30 719 75 446 53 593 45 461 80 512 2 510
3975 -0.85094089461262634 1.1008046370600559 2.9590602373110757 76 80 72 0.19306939258347391 30 743 34 763 75 612 53 600 45 615 80 705 2 707 56 364 69 342 27 324 1 515
3977 -0.57542340513043932 0.49324889914159326 2.0961798181348561 103 64 7 1.299340198929585 30 963 75 635 53 627 80 868 2 870
3978 -0.63494857058869214 0.70052334751184708 2.0208381168826537 112 100 28 0.27879786298776349 30 799 75 639 53 631 45 662
3979 -0.1436349413695947 1.4999553418092861 2.3647802354579399 77 60 14 0.24597733944653796 77 712 75 682 43 581 64 593 3 845
3980 -0.6000185416698518 1.2076883951323003 2.8780236846710432 62 65 58 0.28967039376952247 30 722 75 699 80 679 2 676 69 323 27 308
3981 -0.25397373958653663 0.82260396383886392 3.1656136790197245 118 104 74 0.27728238445207914 30 954 75 740 53 722 45 736 80 826 2 867
3982 0.27265240322623246 1.9437285724365769 2.3052548430195303 201 187 154 0.78031179851019372 77 818 75 766 53 750
3984 -0.34708298842500462 0.51040819110501046 3.3275483690099299 0 0 0 1.3826949279197469 30 1020 75 837 53 801 45 816 69 610 1 822 25 518
3985 1.4631945540155225 1.9626361497745526 2.3091551839758835 232 219 184 1.9319526767953528 59 720 68 504 46 130 22 232 75 674 46 1431 94 1346 98 1243 39 1062 33 1083 99 1277 84 1246 93 1294 34 1098 53 652 78 512 18 689
3986 1.0934935375120165 0.60226625239800624 1.5231316461939119 186 179 60 0.81297940463324148 39 1047 33 1057 75 269 8 1239 59 1130 51 1472 68 463 46 1255 52 1189 94 1179 98 1217 90 1083 93 1197 13 1505 7 0 34 1164 38 359 81 355 30 622 34 969 53 295 45 511 80 578 80 719 2 363 65 856 56 369 69 346 27 328
3987 0.18039030699340775 1.9461850369122109 2.2948803424422293 112 106 87 1.9632632688688172 22 1321 94 1256 98 1054 90 965 52 1069 99 1178 84 1159 93 1180 34 1113 30 680 33 1100 39 1074 75 767 53 751
3989 -0.43320683867062859 0.53654231349456849 2.4024570986553249 255 242 62 0.22814536224915788 47 31 100 39 82 55 67 92 12 89
3990 1.0835605701691473 1.5713784510222633 1.2622357290183195 249 234 75 0.5282483497705891 15 6 88 382 100 54 82 36 40 270 28 500 32 518 83 670
3991 1.0871475639553247 1.5663224326579075 1.2603349392863905 249 234 75 0.48943138389380408 88 383 100 55 82 35 40 271 28 501 32 519 83 671
3992 1.1122854175628551 1.3581574061948762 1.7284699135637303 196 133 39 0.072102457746793594 89 220 100 142
3994 -0.48436677865414668 0.54915810444817725 2.0026006798134204 255 245 65 0.12503279106110235 47 563 100 321 40 192
3995 0.69878283488559745 0.9628545887346377 1.3270090022483878 13 13 15 0.21072420156362381 88 487 100 330 40 466 28 472 32 491 58 236
3996 0.20412256755569089 1.23988716067241 1.7683439043062639 115 120 140 0.10054216460608069 47 585 100 339 82 309
3997 0.088129116702959615 1.134838905318545 2.10308618394318 221 182 61 0.20921968011329781 47 607 100 374 82 380
3998 -0.11246874534317038 0.69013635862220701 2.4774697951770213 252 219 61 0.37314107741496372 88 480 100 414 82 110
3999 0.021161209408611402 0.76893993623938883 2.4225660838085159 254 227 62 0.30204445797285451 47 417 100 423 82 114
4000 1.1563616099074108 1.1419284896461699 1.5717603633114474 255 238 61 0.26339204724418386 31 506 79 504 100 434 82 411 40 324
4001 -0.27234854555285443 1.5763042211838598 3.1816207628933637 23 17 13 0.69082808187344658 97 571 100 482 41 568
4003 -0.26097390017325062 0.70458234002686726 1.882835301247286 255 246 66 0.075356795018547876 47 565 100 585 82 283
4004 -0.3523834215717826 0.47082570113859817 2.0569526029959073 255 247 64 0.14549944858954722 47 576 100 594 82 293
4005 0.70127477442700714 1.0097953151524994 1.3201104113343416 173 179 196 0.37850746237246191 47 594 100 605 40 744 28 701
4006 -0.16233961399977376 0.55230185688048516 1.9976181996025175 255 251 66 0.10656697963359944 47 591 100 607 82 616 40 215
4007 0.81300845357976126 0.78374783755930288 1.4606850204782436 16 16 17 0.41442550446903237 91 800 100 627 82 306
4008 -0.4119283202074589 0.52448034956807343 2.4458082819049598 194 191 212 0.27681210555185914 88 470 100 628 82 369 40 230 28 238 32 19 58 248 67 115 12 97
4009 0.036058365479735871 1.119324979755262 2.124018242690672 231 189 59 0.29175042261693007 47 604 100 633 82 644
4010 1.1554009732156518 1.2592777430662698 1.4995077364583704 3 3 0 1.0715250222270694 36 857 100 656 40 523
4011 1.2355042099363873 1.3421794023567932 1.4494038703187833 252 207 59 0.22816583820183722 31 691 79 701 100 658 40 529 32 533 40 778
4012 1.2356619317082265 1.3428031296078391 1.4495269115851961 252 207 59 0.23147389045211031 31 690 79 700 100 659 40 530 32 534
4013 0.46520407910777251 0.97356530595611945 2.350692145456815 172 127 27 0.67495631717059701 79 601 100 682 31 827 82 451 40 333 28 330 32 336 58 337 73 368 19 362 11 164 60 479 12 736
4015 0.47296974926190072 0.94109124269660283 2.3745426734886634 210 213 234 0.23286820201396793 31 1043 79 1061 100 689 82 696 40 783 58 572
4016 -0.38130492383511583 1.5272639113292548 3.214364561743114 25 19 17 0.93137895642953239 97 786 100 694 41 758
4017 0.93001187429808974 1.7929713507604621 2.4244064718350233 251 226 176 0.27896141832897392 79 772 100 729 82 550 40 594 32 590 58 445 73 506 67 571 19 470
4018 0.84055347694337723 1.1761605105767561 2.7346863307378926 247 223 174 1.2852167890404227 31 908 100 798 79 1076
4019 0.67090706512793097 1.1122016932176046 2.9267683765299997 114 76 55 0.85052229942101232 79 944 100 800 82 808 67 847 19 430 12 283 71 267
4020 0.89669567029332553 1.2383179189462459 2.8274038639990708 244 221 174 1.1067727703104964 47 916 100 832 82 825 40 675 28 609 71 754
4021 0.54131539494821457 0.78001383181026263 2.0766338215012925 10 11 12 0.21445244574959707 47 881 100 906 82 875
4023 1.4422742756038995 1.3645143231460748 2.7278858778742645 151 100 70 0.20290246164642747 31 909 79 925 100 951 82 920 40 836 28 768
4024 0.75838496848647918 0.98073406147771203 1.3365535938616413 4 4 3 0.69852393419551062 88 944 100 958 82 925 40 848 28 704
4025 0.72158898007276806 1.3850102461216067 1.3653239289794954 255 253 62 0.43752877952112645 88 884 100 961 40 854 28 817 32 806 58 820 73 859 67 624 19 871 11 849 60 910
4026 -0.13826432156699675 0.65887164625514627 2.5029139588844518 254 236 62 0.80163620822090298 79 1203 100 973 31 1201 82 960 40 866 58 830 73 875 67 965 19 819 11 795
4028 1.2244625615323337 1.1725225510820538 1.5802975501141481 255 231 63 0.68508874096649264 97 1239 100 1044 41 1189 40 936
4029 -0.19951545948927737 0.80815833977543261 3.1631060705278311 213 196 157 0.57021537794109689 47 1059 100 1047 82 1034 58 847 73 965 67 1063 19 881 71 838 18 987
4031 0.932156651708269 1.2189616698328982 2.8460840665530496 225 207 169 0.78369166989707495 88 999 100 1081 82 1065 40 975 28 924 58 931 73 1020 71 974
4032 0.37610342241279082 1.0827788536141367 1.5300267129802501 241 204 66 0.044493361414596221 31 1234 79 1234 100 1083
4033 0.38492958034025943 1.0665996551641037 1.5204381518772163 241 204 66 0.33463018305124381 47 1112 100 1084 40 979 28 929
4034 -0.40816135523774988 0.64636570934000048 2.6090337101052663 148 143 149 2.3113622744240314 47 1133 100 1118 82 1101 40 998 28 930 32 906
4035 -0.22777254510409572 0.52594627250161352 2.0183191034291612 255 244 69 0.26066203656102632 44 979 36 1030 15 924 100 603 79 1034 31 1008 47 587 82 614
4036 0.06677869727985429 1.029292378435539 2.1419517392245035 23 25 27 0.72291612721592113 54 1062 87 997 15 1134 36 1154 31 1185 79 1186 47 1036 100 1027 70 1028 91 1034 42 963 88 931 82 1015 40 924
4037 1.1779206619581375 1.2330714375456955 2.7901948320585528 149 99 70 0.38542723953948183 47 826 100 869 88 677 82 847 40 713 28 666 32 665 58 723 73 819 67 911 19 737 11 728 60 353
4040 -0.076183866917154744 0.56458555432376811 2.0013598047199199 255 209 48 0.20124764754645286 100 338 82 16 40 217 58 17
4041 0.22846270665646701 1.2399746766702799 1.7532004795442933 14 12 10 0.050315590572182878 79 63 100 26 82 25
4042 1.1175972555317528 1.2336970522369446 1.5060330008134442 202 136 37 0.12688731524161787 100 100 82 82 40 66
4043 0.45411652824517412 0.85003885598321627 2.0582623039305084 157 114 25 0.11724010416193881 100 101 82 92 40 279
4044 1.1894637205048495 1.1959386477059049 1.5536006802590943 1 1 0 0.24315978444273476 100 436 82 95 40 329 58 313
4045 1.1894637205048495 1.1959386477059049 1.5536006802590943 1 1 0 0.24315978444273476 100 437 82 96 40 330 58 314
4046 0.5270881755654041 0.99514177931637093 2.1728118409899664 244 176 49 0.32243946341169483 100 134 82 138 73 351 19 129 11 155 12 411 60 193 71 544 6 481
4047 -0.16051377405991116 0.73541394237612345 2.7415588368915578 19 18 17 0.1973373926440376 100 128 82 156 17 612
4048 1.0822421942702773 2.4032830879951739 1.9896652572833469 230 216 181 0.31560892118011635 100 168 82 189 40 389 32 436 58 173 73 213
4049 0.6206547316353902 1.2912578008843343 2.3466121352864477 252 187 45 0.14847678413708454 100 175 82 190 58 134
4050 -0.21374667927867533 0.81348799811424455 3.0364476146761832 12 11 11 1.1402053571601065 100 169 82 209 73 164 19 149 11 180 60 255
4051 0.60836266083172585 1.133775839221097 2.4927227320033425 34 26 18 0.11666748221366859 100 209 82 221 32 155 58 148
4052 -0.17372992799637896 0.75029667134262923 3.1782002878390476 99 69 51 0.037481298084591289 100 206 82 233
4053 0.60080476329806132 0.9685975442889978 3.0063245185016423 151 99 71 0.052935937535221987 100 254 82 250 73 226
4054 1.1359641394305433 1.4216808425140364 2.7373427017748142 225 208 170 0.060895457757212862 100 283 82 253 40 172 28 193
4055 1.4004849821786194 1.5044467312755316 2.647736832883028 232 217 178 0.15979320820914525 100 577 82 261 58 490
4057 1.4766545930990271 1.4817473655523736 2.6747424962159383 100 65 49 0.15111217419908843 100 310 82 267 28 213
4058 1.5529131676890984 1.5291398807170788 2.6519548826725785 238 218 174 0.18791216151687415 100 315 82 270 40 186
4059 1.680653081431974 1.5874145328302884 2.6150264691704908 228 213 176 0.066300965344362056 100 318 82 276 40 189
4060 -0.32341568706241958 0.67508959651459299 1.8997108486301242 255 242 61 0.09445670764350686 100 322 82 281 40 195 58 217
4061 -0.043269455444595137 0.62178722883588888 2.0565371982810614 255 245 61 0.28702914883305947 100 34 82 323 28 239 88 285 32 223 58 243 73 271 19 297 11 350
4062 0.85650838770990112 0.68447009895590216 1.53156992232406 30 35 44 0.25877412586360748 100 636 82 329 40 498
4063 -0.44026370979585688 0.50428405667318021 2.3524529324534806 253 236 61 0.25403086978646772 100 33 82 342 40 10 28 15 58 28
4064 0.7116287044456644 0.86868373329094783 1.9711354891265316 177 116 26 0.38600034201832645 100 123 82 426 67 421
4065 -0.096418117597264 0.66151134500656161 2.5344689762813588 11 13 19 0.27503223415558331 100 107 82 428 73 108 67 428 12 415 71 555 6 498 92 566
4066 -0.095023796764024504 0.6603553339945234 2.5338863495965742 11 13 19 0.28249130749242812 100 108 82 429 73 109 67 429 71 556 12 416 6 499
4067 0.56653093423305534 1.0038683676817064 2.1507661829538525 93 90 100 0.18056769424661989 100 454 82 437 40 69 58 319
4068 0.50162128055823452 0.98122420405430077 2.2985280345382515 27 27 33 0.10870519754260297 100 153 82 447 67 447 73 363 19 136
4069 0.46910888911083426 0.96985318550867516 2.3484022886667999 163 118 23 0.60566755673772388 100 683 82 452 40 334 28 331 88 349 58 338 73 369 19 363 11 165 60 480 12 737
4070 -0.26076701334769403 0.67985720908449943 2.9394178847822259 15 14 13 1.408596674314692 100 463 82 467 58 312
4071 -0.33800207217216088 0.67656561466785547 3.0128805792785407 11 8 8 0.27840451452394249 100 467 82 468 40 56
4073 0.5053920328954411 1.0415096760841467 2.5432147490988917 23 19 15 0.18735486602726223 100 508 82 513 40 361
4074 0.71489272444217977 1.6296523903532312 2.5398989688444966 252 228 173 0.15457386653493582 100 525 82 542 40 402 28 406 32 410 58 428 73 476
4075 0.70674706469113258 1.1468627187709139 2.7342885596986592 5 4 4 1.5899855368100393 100 548 82 570 58 438 19 684
4076 1.4934585087419525 1.4012798319222382 2.7198096656335244 151 100 71 0.34639106139424924 100 881 82 598 40 730 28 773 32 789
4077 -0.24476448974095322 0.89878091578557218 1.8348871110824871 2 2 1 0.45856972038055899 100 584 82 603 40 736 58 752
4078 -0.1971438727887051 0.60315501556508155 1.9598336232120626 255 247 63 0.11872254035218754 100 598 82 609 40 209
4079 0.75178871940144398 1.4084362862573852 1.3427575988546254 255 172 25 0.28794467875208268 100 611 82 617 40 482 88 501 58 516 73 578 67 622 19 306 60 765 12 679 4 797
4080 -0.095046025990408511 0.57425058004703722 1.9774771401125617 255 252 63 0.12641289728285851 100 610 82 619 40 459 88 467 28 237 32 222 58 234 73 264 67 335
4081 0.033085419949368727 0.77023498618129715 2.3081146911443677 254 218 58 0.32164575556639885 100 647 82 655 40 256 28 44 58 275 67 665 19 321 73 324
4082 -0.42372479120715567 0.63777958215171571 2.6655103863410972 254 199 54 1.597772827418203 100 644 82 658 40 758
4083 -0.85290346342991119 6.7456174544267284 2.6602858590713767 250 196 53 2.1991020149838962 100 634 82 669
4084 -0.85290346342991119 6.7456174544267284 2.6602858590713767 250 196 53 2.1991020149838962 100 635 82 670
4085 0.49075584690522495 0.77160926433250598 2.1545341481020466 196 200 224 0.1504142530495961 100 438 82 671 40 297
4086 0.49075584690522495 0.77160926433250598 2.1545341481020466 196 200 224 0.1504142530495961 100 439 82 672 40 298
4087 0.72919364439754419 0.91985711794259939 2.0250022772764389 94 90 100 0.42883888787349678 100 457 82 675 40 321 28 103 58 311 73 626 67 674 12 714 6 462 71 530
4088 0.13827626043759594 0.78228688532405688 2.4634126917494856 209 211 232 0.33609697937723954 100 441 82 677 40 292 32 275 58 557 73 629 67 691 12 731
4090 0.023218174246848716 0.8130147870795833 2.5629157310550399 188 105 15 0.23659524036210855 100 670 82 680 40 511 67 696 12 739 92 573
4091 0.15234386668363478 0.82338754138686143 2.4974697366714218 220 139 32 0.65053753135853554 100 448 82 686 40 57 58 561
4092 0.43802312259201204 0.92601965097440275 2.3822803937554951 31 32 31 0.48562624158726952 100 686 82 694 40 533 28 509 31 840 79 858 32 527 58 782
4093 0.7250268878368763 1.2525620768442092 2.1927406439175798 40 36 30 0.49988873834801145 100 695 82 697 58 582 73 376 19 162 12 438 60 232 71 397 6 328 92 376 4 232
4096 0.66806525018079188 1.2824877022900711 2.2916237782127418 235 173 44 0.66649741230461645 100 701 82 713 40 541 58 586 73 650 67 984 19 650 11 682 12 988 60 811 71 819 6 679 92 690 4 843
4097 0.59103765420888565 1.4214370546741222 2.4609607076460898 248 185 49 0.44221357659736454 100 500 82 722 40 551
4098 0.5732897222034824 1.5805772534393348 2.5830646576366694 243 213 163 0.72942604323176108 100 715 82 729 40 560 58 601 73 445 67 754 19 678 11 438 71 464 6 404
4099 1.0909376115451361 1.9341630755286019 2.3080746118890416 231 217 179 0.65001598538706595 100 732 82 739 32 612 28 433 58 652
4100 0.69552492407374067 1.3907629142691584 2.6301733701535617 239 212 163 2.145545686178417 100 733 82 745 73 687
4102 0.71324843960593221 1.5188721458817198 2.6566547329513637 249 223 171 0.13937460921020964 100 742 82 750 58 627 73 702
4103 1.1245286795407066 1.8687866209782376 2.3625758030935526 252 227 177 0.13875098909324052 100 754 82 751 40 631 28 619 32 629 58 667 73 744
4104 0.77970716108057248 1.5428285367435746 2.6368371414999712 248 223 173 0.10288017519469625 100 751 82 756 40 600 32 577 67 815
4105 0.7800971064645974 1.5420919503415331 2.6367344967042969 248 223 173 0.12779326996337234 100 752 82 757 40 601
4106 0.77383241798156577 1.1069727911537435 2.7077912217486584 13 12 13 2.1176076105436845 100 939 82 784 17 885
4107 0.78396257154439852 1.2898072509309593 2.8350428587029106 249 225 174 0.11347786377507296 100 799 82 805 28 577 40 645
4108 0.8499649662208848 1.314796964691721 2.8138122695784444 248 224 174 0.089045894975650422 100 809 82 812 40 660
4109 0.63313161932506989 1.0054616749201513 2.9942389881031315 154 100 71 0.56686194674557178 100 812 82 819 40 636 67 603 17 919 57 841 5 824 35 736
4110 0.88127276081450667 1.2649918919427623 2.8536173844062058 244 221 172 0.17896498850443907 100 833 82 826 40 676 28 610 32 617 58 686
4111 1.3262831331036244 1.5788247583359785 2.6133165444717164 251 226 177 0.14873855940926145 100 856 82 839 40 715 28 676 32 678
4113 1.5186850087334107 1.5317397147150686 2.6028365596106329 235 219 181 0.37435573559965468 100 877 82 852 32 694
4114 -0.25114530743199492 0.44021757811168183 2.0906731769315399 255 228 65 0.37510283254674526 100 889 82 862
4115 0.54536177648744644 0.81651547618175058 2.1205439244935249 255 198 44 1.3691393609463871 100 911 82 882 40 776 58 555
4116 0.57102763617905361 1.0122732234208882 2.1878755378271721 239 170 44 0.18590343255223232 100 675 82 890 40 528
4118 -0.14233988399539677 0.73485338873564199 2.7095296342829096 23 16 7 0.45801289507067128 100 978 82 892 40 772 58 841
4119 -0.016296099728197767 0.7439891145538885 3.1939072918644045 148 97 69 0.49283176298067849 100 933 82 905 58 592 73 672 67 757 19 654 11 686 12 546 60 521 71 702 6 591 18 813 57 985
4120 1.3718743357020875 1.9777815294648384 2.2784647034513377 240 221 181 0.14160068541247475 100 940 82 908 40 817 88 794 28 756 32 780 58 800
4121 1.3718743357020875 1.9777815294648384 2.2784647034513377 240 221 181 0.14160068541247475 100 941 82 909 40 816 88 793 28 755 32 779 58 799
4122 1.4724153168778744 1.9735718889743783 2.3111161530818625 252 230 181 0.2176499092759405 100 943 82 912 40 825
4123 0.62084040709200827 0.99538550799963066 2.9859057353620484 165 103 70 0.5142253419692504 100 942 82 913 58 796 73 919 67 1008 19 848 11 826 60 955 4 960 50 923 66 771
4124 1.3811466349621659 1.3213286050220636 2.7343593927996097 152 101 71 0.65244501346787354 100 950 82 918 40 834 58 865 32 828 73 975 67 1014 19 892
4125 1.3408185468680318 1.2729887885320086 2.7731530342544932 115 71 51 0.63623763858739568 100 880 82 919 40 728 28 449 32 469 40 447 58 805 19 891 11 870 66 781
4126 0.81882790377569159 1.4291836790955099 1.3450835480901324 255 227 55 0.25053822853001895 100 962 82 928 40 857 32 808 58 823 73 579 67 627
4127 0.81955966279069548 1.4289943996916707 1.3443014166522373 255 227 55 0.18218158993820616 100 963 82 929 40 858 58 824
4128 0.76489109221016238 1.3169468670127102 1.4314453080403651 242 231 57 0.47947847248614073 100 967 82 931 40 923
4129 -0.1074470692764715 0.97202455681576683 2.22860842979469 242 191 52 0.75085595907412195 100 1025 82 943 67 951
4131 -0.13034051751166797 0.7978141822977487 2.3540872025222908 132 98 40 1.2747336981532047 100 969 82 952 40 488 73 867
4132 -0.025309755159561791 0.80108521344735095 2.3743856646659975 121 87 17 0.65963028771719423 100 903 82 956 40 502 58 542 73 618
4133 1.1659946659816132 0.72013643523521687 1.6520419074371351 226 163 42 0.42734875253973859 100 913 82 961 40 782
4134 0.00073012245733537176 0.7107568983381094 2.4577277296433624 255 239 60 0.52570182803469168 100 975 82 963 40 869 58 833 73 946 67 1049 12 1043
4135 1.1800714601610232 1.3391527953503379 1.4256337107376418 0 0 0 0.16814514059567418 47 990 88 900
4136 1.035977186468519 1.9130299665216797 2.3395198576432414 230 215 178 1.4600345286170267 100 998 82 977 40 898 71 660 57 937
4137 0.29814051826092458 1.0263785260720437 3.0168960259058042 221 204 164 0.076801566023092918 31 1206 100 1051 82 983
4138 0.73597583830808955 1.0193083477477203 2.9518241021135463 71 47 40 0.89602352081145631 100 1004 82 990 11 866
4139 0.84039761843924332 1.1168449350126861 2.931811551218686 74 49 38 0.9361785035385366 100 1006 82 991 40 901 28 843 32 827 58 862 57 1032 18 984 17 1100
4141 0.10557202401010254 0.87702924396307813 2.5873115242804889 255 235 63 1.2508182073988825 100 979 82 1030 40 878 28 829 32 810 58 893 73 1012 67 1121 19 920 11 889 12 1131 60 1040 71 991 6 873 18 1067 92 846 57 1124 17 1157 35 974
4142 0.67189531587820883 1.267617421396354 2.5904749396775122 42 38 31 1.7507060893125252 100 1049 82 1036 40 895 28 893 88 969 32 868 58 905 67 1094
4143 0.66122074368137407 1.155006708178655 2.7207340547860319 137 128 137 1.9224036289957309 100 934 82 1037 40 802 58 858 73 999 67 1096 11 862
4146 0.38013680019534785 1.0743760133232239 1.5251932990371535 232 190 57 0.36867345446242972 47 1111 82 1067 40 978
4147 0.57222436383108766 1.0261945822002798 1.4794113559397011 20 14 7 2.2100602413529065 100 1085 82 1068 40 981
4148 -0.029125248252708059 0.78179338231065398 2.3846267750892127 91 69 43 0.98832149714976214 100 1091 82 1077 40 987 28 933 88 983 32 900 19 935 11 914
4149 0.40357129896896887 0.81961794339707761 2.1108558768718741 246 206 64 0.29935320717429875 100 1094 82 1079 40 958 28 876 32 856
4150 -0.32978353589509651 0.70813935511876669 3.0081404861745553 58 57 53 0.49094313030139952 100 1097 82 1083 40 963
4151 1.0242778799842371 1.2720281419449975 2.8467783759166956 111 74 56 0.67136440468773761 100 1101 82 1084 58 947 73 1036 67 1129 19 951 12 1113 18 1040 92 805 57 1095 5 1039 74 1002 35 942
4152 1.1266393831346002 2.349803721560269 2.0691757573991336 209 196 163 1.287646344125184 88 1030 40 1011 100 1121
4153 0.0084603940385354747 0.97195178033194873 2.9948442805233091 16 15 16 1.5396525210947862 82 1090 40 990 28 935 100 1109 32 902 58 952 73 1048 19 965 57 1137 67 1142 17 1199
4154 0.62644665139755462 0.72100932105427784 1.7797637526919119 239 206 69 1.4228265750348408 100 1114 82 1092 40 995
4155 0.48795118019831452 1.04963486069648 2.3553229160701843 183 140 37 1.2002628072192734 100 1117 82 1104 40 1002 88 1020 28 952 32 914 58 951 73 1057 67 1150 60 1054
4156 0.42536054505315996 1.0840367935584232 2.9799021078167569 219 204 164 0.19695938882347533 44 969 36 1055 15 1115 79 1207 31 1146 82 985 47 1069 88 966 100 1054 40 943
4157 0.015355081863179921 0.90046536848273007 2.2616194791153763 16 18 21 1.0772108661979751 15 1101 100 1032 47 1043 82 951 87 1036 88 868 40 863 28 814 32 726 58 772
4158 0.30244081149273755 1.0591559943129847 3.006187407288758 211 195 157 0.056155203616371469 100 228 82 238
4160 0.69311829525421964 1.1767916704500665 1.0715155713071218 255 255 83 0.1220413328306911 47 1 40 5 32 14 83 46
4161 0.63643078180312662 0.98150636456197882 1.3457208771999487 129 137 162 0.33775808386753942 82 4 40 11 28 26
4162 0.7626944052830178 1.5408704140381542 1.2638663537805623 0 0 0 1.7337088846250275 47 9 100 334
4163 -0.32587684282513918 0.81986842740840515 3.0657248698231903 14 13 12 0.096895314038390121 100 160 40 67 32 94
4164 -0.22821504093333472 0.79189880265224943 3.0253140971980192 15 14 13 1.7426808064291019 100 475 40 73 32 100 73 161 67 214 19 147 11 178
4165 -0.48394596048114374 0.63335136358245014 3.3369029384261135 216 200 161 0.38319886562492761 100 185 40 79 58 105
4166 0.44534315755773346 1.1944848858668786 2.6128767053592408 20 20 23 1.8082556981624389 82 216 40 126 19 191
4167 0.58475923391821527 1.1099600285921161 2.4863005779450194 34 23 15 0.15336356388825301 88 132 100 203 40 130 32 148 58 143
4169 0.62604337966466783 1.128711570839545 2.9437678413494974 139 93 66 0.25140293504923444 88 171 40 159 28 177
4171 -0.50243183446805206 4.0217795475281894 4.8318395526646674 229 211 172 0.66630494229668091 100 251 40 161
4172 -0.62847261328501325 4.2674849422406043 5.0162488694090319 229 211 172 0.80112617101387162 100 252 40 162 28 187
4174 1.1368140577141579 1.4198561299214423 2.7363045732474647 226 209 172 0.05426378944861706 82 252 100 282 40 171
4175 -0.61013999711424849 0.65238388246403922 1.9408667959931587 253 233 75 0.39689677056221695 88 687 40 191
4176 -0.078515373291584645 0.56564751892614118 2.0028780642407478 255 210 49 0.226825689297243 100 337 40 216 58 16 67 25
4177 0.74430697193024797 1.3259854922010317 1.4040014731431156 255 251 64 0.51178262790497331 82 15 40 242 28 486 32 510 58 257 73 280 67 37 19 305 11 358 60 153
4178 -0.043155239677520899 0.91164346987920963 2.2691041874106523 252 199 50 0.24465730374889519 88 478 40 247 28 263
4179 0.00884803739173016 0.72107863247180792 2.2593700451708387 254 220 57 0.36145292164348597 100 642 40 248 28 39 32 43 58 262
4180 0.81454297473390624 1.3545709173643328 1.4357108331242041 255 241 62 0.060264337350872027 100 355 40 250 28 273
4181 0.62328392305192581 0.73407427022186178 1.864769002540666 246 196 51 0.14927504722269014 100 650 40 274 28 271 32 264
4182 0.11678424790760041 0.79473983840930429 2.5110260803644842 147 146 163 0.21578039685815642 100 446 40 295 28 74
4183 -0.27058080959995601 0.78934420001712691 3.2199558262925936 220 201 157 0.088079897236277419 100 503 40 343 28 96
4184 0.63857935193569559 1.1850768507634926 2.6241021279390018 27 25 27 1.5298356448757162 82 545 40 401 19 672 58 599 11 431
4185 0.42940429046502848 1.1243802754614793 2.9452035458556307 26 23 20 0.12926623111756616 100 541 40 407 58 425 19 242
4186 0.73003304459034102 1.268157173216895 2.6292041497666747 240 213 162 1.6307716040390119 88 432 40 411 58 792
4187 -0.20484910094763015 0.733296466154856 1.8557290176549417 255 241 68 0.20047585291786199 47 832 88 690 40 457 28 464 32 479 58 493
4188 0.78414537252184535 1.4036237549922805 1.3656445053653881 255 222 53 0.36645502508030164 88 722 40 487 28 490 58 520 73 283
4189 -0.12514381793802701 0.76995140668480555 2.3873335749356177 173 176 195 0.2064618997495935 100 643 40 494 28 478 32 502 58 535
4190 -0.19452173843525869 0.72677498397620521 2.7269533338597833 37 28 16 0.371216811222706 100 668 40 508 28 489 32 266 58 554
4191 1.1633505151208487 1.4546947346049275 1.3776113476038816 253 210 59 0.095712542640945975 100 646 40 517 28 513
4192 1.1565596893716938 1.2523426879074535 1.5020282465913901 2 2 1 0.14641300733067902 100 657 40 524
4193 -0.11008003502134096 0.94000898145233103 3.0030389154478727 150 143 156 0.37182213890154148 100 922 40 535 32 334
4194 1.1474457807919043 2.3479569086508723 2.0365798698030435 253 228 178 0.091487488457133059 88 613 40 575 28 587 58 630
4195 1.1464080466354734 2.3497308688155951 2.0375730253364921 253 228 178 0.09833533165985045 88 614 40 576 28 588 32 605 100 498
4196 0.99010433887695304 1.8261968891648848 2.4057945702359453 250 227 177 0.37437346896700457 31 765 79 767 40 605 28 584
4197 0.61096790473802554 1.020228579897603 2.9322247200508604 164 105 74 0.90455598892561517 100 789 40 614 28 740 47 1020
4198 0.78499240226099942 1.2887035672869243 2.833977189146716 248 224 175 0.11846343559124391 82 804 40 644 28 576
4199 1.4530031753912793 1.6305534596088835 2.5726459122232055 251 227 178 0.17453062418922249 100 867 40 724 32 689
4200 1.6477050987912554 1.5839681702027708 2.6094372680299021 249 226 177 0.13613971820588025 82 854 40 732 58 748
4201 0.61347566780060003 1.01986366246879 1.2766595578549755 1 1 1 0.71005661820346844 47 966 100 587 40 740 28 791 58 754
4202 -0.45464073820016915 0.52642406150452548 2.4271776139027925 3 2 1 0.42460586173569542 82 940 100 625 40 745
4203 1.0242547990656192 1.472918379118743 1.3589177999614486 1 1 0 0.13229447245968398 100 898 40 769 28 830
4204 1.2572817251182213 0.81978088514324376 1.6521897325618511 255 252 70 1.5543210089276345 100 472 40 788 32 535
4206 0.97124419349430091 2.3418502021140952 2.0302502126206736 226 209 173 0.3532381877691777 88 735 40 794 28 738 73 685 11 717 12 547 60 838 19 690 4 870 50 857 62 691
4207 1.4423675069139266 1.8886233983936145 2.3755871117092995 245 224 180 0.075642841774843136 82 811 40 827 28 762 58 804
4208 -0.499377271480896 0.410030882885839 2.110325819836139 255 227 62 0.25202947259928637 100 956 40 839 58 808 19 799
4210 -0.38775796457885253 0.53193018781343837 2.4501756375545112 174 182 205 0.93503711000734224 82 942 88 693 40 849 28 790 32 797 58 818 73 934 67 1075 19 870 11 851 12 1079 60 973 12 964 71 933 6 751 92 658
4211 -0.41908936145359782 0.58185485126468894 2.5887538749351475 255 209 59 0.53344049899385482 82 953 40 856 28 798 32 801
4212 -0.47278507566763639 0.68134412534353472 2.7902903300934581 0 0 0 0.2963014297372093 88 861 40 865 28 864
4213 0.55429777432823446 0.77658485496897212 2.063973524394878 11 11 12 0.39633787235716711 31 1225 79 1191 40 872 28 716 32 736 58 835
4214 0.32186539296117139 0.82420015410682901 2.441829051547233 190 144 33 1.2958805811957574 100 982 28 724 32 814
4215 0.70233547877701397 1.0567869824670972 1.2766087350189728 6 5 1 1.1296971598861483 88 989 40 913 28 799 32 716
4216 -0.16514996012046906 0.76810936666749574 2.4218196283914533 156 158 176 0.39023985767221431 100 1033 40 926 28 805
4217 -0.51112402774758348 0.65710016266345572 3.3151412345125211 214 201 167 0.42950858874571457 82 1033 40 935 28 878 58 896
4218 1.2471680797682034 0.76989321867120675 1.6285658015919824 255 253 71 0.14935229673974307 88 904 40 937 28 837
4219 0.2893019607048497 0.84131177053095552 2.2359908971012188 126 81 12 1.2163117260572744 100 1071 40 959 28 822 58 837
4220 1.1350466456565234 1.4656946508877857 1.3689325103711905 223 163 42 0.4379036201451546 82 1013 40 962 32 886 28 920 58 888 19 877 11 883
4221 -0.16816844508728976 0.88262715334973185 3.0949781643233978 19 19 19 0.86958421634631455 79 1231 82 1060 40 967 28 880 88 951 32 858 58 927 67 1109 19 945 11 922 83 791 50 975 66 926 62 845
4222 1.275359926530615 1.2396332227865587 1.5692775622831032 250 204 52 0.34581564957852934 100 1076 40 968 32 889
4223 0.48405332606405005 1.3435446962900863 2.5141122434700169 96 73 52 0.23450576360776315 100 1078 40 969
4224 0.87405888402814735 2.3090803542695966 2.0609086246761712 89 63 54 0.32271271194896023 88 998 40 972
4226 -0.05162495877145782 0.75191616978214426 1.9742267690328072 105 96 96 0.76591865914742774 40 980 32 894
4227 1.1946557843044872 1.2561816271635211 1.5214835387540144 91 56 43 0.4620989145772606 100 1095 40 988 28 946 32 903
4228 1.1946557843044872 1.2561816271635211 1.5214835387540144 0 0 0 0.4620989145772606 100 1096 40 989 32 904 28 947
4229 0.49532366305009212 1.0510054723280096 1.4005793023746094 0 0 0 0.16765916749285856 100 1104 40 992 28 908
4230 -0.073501043639732602 0.79441950459548505 2.1980783560753543 255 231 62 0.7559342218041849 100 1112 40 997 28 954 32 918
4231 -0.11305369185500121 0.73942445507387888 2.5684256794122562 242 192 45 0.46966282878955939 82 1102 100 1116 40 1000
4232 -0.42171078067765561 0.68786616383690602 3.2433279051815038 236 215 168 0.77204604957664869 88 1018 40 1004 28 956 83 890
4233 0.79190672591928457 0.79073065175545032 1.4445256031811609 191 202 232 0.28471728618490533 15 93 47 66 40 31 70 133 91 136 88 69 32 38 58 31
4235 1.1583992233026694 1.3046724720273173 2.7694326494871628 87 59 48 0.71331369624300378 81 1138 55 1160 9 1166 36 1164 44 1062 15 1147 47 1108 48 1065 88 1001 40 945 100 1055 82 1040 28 898 58 907 83 875
4236 1.040492469348159 2.3727816325653546 2.0072188651728431 228 211 174 0.664705797232512 100 698 82 709 40 559 54 642 70 729 91 862 26 1155 89 1309 41 1153 97 1195 8 1137 16 1045 95 1148 59 1267 46 1130 42 807 88 738 28 744 32 772 58 610 73 686 19 691 11 718 83 808
4237 0.21054518847245521 0.8487851095147555 2.4459471291069681 28 28 31 0.99885964129903471 55 772 44 455 70 316 15 733 36 813 91 592 54 909 44 961 87 823 42 531 79 1065 31 1052 47 664 88 717 40 877 100 912 82 891 28 718 32 741 58 775 67 694 19 825 11 666 60 937 4 936
4238 -0.32273578986021145 0.56248238065811584 1.9734848350566205 223 1 0 0.62092622126293773 31 135 40 2 11 5
4239 -0.23523284673309822 0.88806851664194142 1.8440517681015189 3 3 1 0.63109311634863863 40 3 28 13 83 242
4240 -0.44492575928026845 0.53701628278290703 2.42710990270028 1 1 1 0.14235951313747416 40 16 28 18 58 35
4241 0.74536412381278427 1.1591112050708428 1.0977770511662066 255 252 74 0.16326346920810919 88 36 28 23 32 15
4242 0.70950027722291831 1.3109994020759064 1.3862115830070445 255 253 64 0.66935701627268696 88 68 28 51 32 50 58 252 73 276 67 35 60 412 4 500
4243 -0.19386072809325261 0.69033654163200597 2.7911908810617492 24 23 25 0.20942108173189025 40 287 28 60 32 69 83 51
4244 0.023031789129179935 0.94029528347550517 3.0656466147272567 22 20 20 0.10617270320463608 40 123 28 115 32 135
4245 1.2483720630313928 0.79492363149507672 1.6658244490934029 255 192 47 0.31870529855408014 40 115 28 142 32 133 58 322 73 613 67 655
4246 -0.56438966318084649 2.3623825529851525 4.010272152250149 28 22 16 1.1689352961247885 31 411 28 164
4247 0.65786382763919127 1.3232041358716042 2.621370028922084 32 28 22 1.2007879445252245 47 242 28 170 58 420 40 567
4248 0.5863208868860611 1.1170642033036544 2.933840907704691 216 196 152 0.09355194308745024 40 158 28 175 32 189
4250 -0.12569520761315481 0.75341112608483496 1.8397109185825271 255 247 65 0.11637728095231695 40 458 88 465 28 231 32 219
4251 -0.15435545542507728 0.54595169177088221 1.9908729878932534 255 249 65 0.17854744569452066 40 214 28 234 32 12
4253 0.68654057910428501 1.3101862933187762 1.2824037382029065 255 176 26 0.45756003725154232 88 53 28 260 11 624 60 900 12 942 4 907
4254 0.69607308506206178 1.2777479005888457 1.3703111700758928 255 251 64 0.30013094277260588 40 236 28 264 58 247 73 270 67 23 19 300 11 355 60 140
4255 0.062160080483225091 0.89069747510710617 2.6674079714244421 18 14 11 0.34129170568384631 40 309 28 297 32 307
4256 -0.068834782468491035 0.92497443653291356 3.0110230074935962 17 16 17 0.31995276234393111 31 645 40 344 28 329 79 651 32 343
4257 1.2227103148252991 1.0420367245961635 1.6460352369050091 255 240 60 0.13599156691452205 40 349 28 378 32 360
4258 0.553135531891912 1.0915284808722578 2.9489168514685957 135 89 62 0.22960954494025779 88 423 28 409 32 407 58 183
4259 0.95655170241942422 2.3376873802725231 2.0261851921668694 220 202 164 0.44013624176387467 40 376 28 410 32 418 58 163 19 261
4261 0.72136588267856572 1.5131803489784232 2.6529895884049641 254 226 173 0.090527014589788735 40 413 28 416 32 420
4262 0.72667026659119316 1.3836474912196037 2.7467951003875331 245 220 169 0.10980303424314043 40 423 28 421 32 425
4264 1.0155484669546613 1.3182035798310439 2.8090262631590424 223 203 160 0.13805476336209596 40 436 100 565 28 437 32 452
4265 1.6139363550623227 1.4854530527524685 2.6856158039123228 138 90 63 0.1302278307750204 88 265 28 460 32 475
4266 -0.031021797816871043 0.60151665328482828 1.9592131245195892 255 246 68 0.2247329066009148 40 461 88 472 28 465 32 481 58 240 73 266 67 336
4267 -0.038113612455598612 0.60530696611117596 2.004973424430728 255 208 49 0.33488930826691193 40 741 28 466 32 483 58 759 82 864 73 857 67 937 19 590
4268 0.053214205475721699 0.74665164704215925 2.223308495020011 255 244 63 0.24564680114868973 40 492 28 479 32 247 58 531
4269 0.10922580473779867 0.89908919506396334 2.323358841641415 255 212 52 0.15439312925891854 40 273 28 491 58 289
4270 0.46231119469471743 0.86437913205118977 2.2545251998878593 133 82 10 0.83518159219572574 40 777 28 499 32 745
4271 0.27641862135420631 0.94368056842537729 2.5118681830487986 202 156 36 0.2734898932931939 31 296 79 285 28 503
4272 1.095934063913987 1.557909245002427 1.3023520830695527 253 212 61 0.09115862374195631 40 506 28 505
4273 1.095934063913987 1.557909245002427 1.3023520830695527 253 212 61 0.09115862374195631 40 507 28 506
4274 0.6810552467727653 1.3236421648495489 2.7384268215409016 231 207 160 0.3503077919135964 40 417 28 540 32 768 58 794
4275 0.85864806436535446 1.7709913671027842 2.4416653151006544 240 219 177 0.20097192485258214 40 585 28 554 32 574 58 626
4276 1.0147599546822521 2.3025537385541073 2.0798724835511972 248 225 176 0.15539723415773876 88 575 28 557 32 584 58 614
4277 1.0240561294458848 2.2890794717800054 2.0732033355466291 248 225 176 0.17306021955597145 40 392 28 558 32 585 58 615
4278 0.8122920200186482 1.6202754765911045 2.5780167819908275 253 226 174 0.15437549575241166 40 595 28 559 58 637 32 431 67 807
4279 1.0639818626082236 1.8364821278088423 2.3780721268669729 251 228 178 0.075418936803091377 40 620 28 602 32 613
4280 0.9128900765308452 1.3402930361379832 2.7924248125929432 245 223 175 0.037672487303170993 88 607 28 612 58 683
4281 1.4142427128000898 1.921074122970629 2.3212700263000228 253 233 181 0.10160503002241253 40 695 28 672 32 676 58 715
4282 1.5835686561702145 1.5588391657948206 2.6300524633793003 246 225 178 0.090310774128287252 40 731 28 690 32 697 58 747
4283 -0.3304439467957862 0.42542338006091562 2.1105178606580375 255 242 66 0.20174929157082375 47 968 28 693 32 708 58 753 73 853
4284 -0.42904624067457409 0.5962828694574922 2.2143004315290722 255 235 72 1.5813905449246739 40 737 28 694 32 709
4286 0.53008624053840325 1.0055100270646138 2.2850956873331492 255 228 57 0.26183819680133036 88 728 28 729 32 530 73 638 19 830
4287 1.1844276388051191 1.8927139581849244 2.335389937674818 242 222 178 0.081707668937089681 40 810 88 763 28 749
4288 1.4423675069139266 1.8886233983936145 2.3755871117092995 246 226 181 0.075642841774843136 40 826 28 761 58 803 82 810
4289 -0.3992262715603675 0.63302724245952591 2.2103700405823674 255 241 67 1.8249687251236903 40 738 28 783 32 794
4290 0.6733235484401684 1.3109359906489972 1.3206310440913329 255 252 63 0.71236474325787436 40 846 28 806 32 804 58 815 73 856 58 761 67 618 19 869 11 846 12 345 60 967 4 970 50 933 66 871 62 794 83 788
4291 0.012566150946166088 1.0051095894807978 2.2040900800012131 253 202 51 0.33016679258904824 88 865 28 807 58 827 40 929
4292 0.72076419694870419 1.2118014612252579 2.6477675317627107 31 30 29 2.07369695927982 31 1135 28 840 79 1071
4293 1.6774526830625118 1.6689435773660033 2.5543769557389107 251 230 181 0.15266356391051372 88 921 28 854 32 838 58 869
4294 0.55989354006800618 0.97820551049150506 2.365079519304651 188 192 214 0.19676445469867718 88 894 28 884 32 860
4295 1.325037163238306 1.3965862732637684 2.7318606421927014 106 71 55 0.41165089782914449 40 946 28 899 58 908
4296 0.11487339931442488 1.2203942989558065 1.7702193727665085 0 0 0 1.3876151760834246 88 982 28 910 32 878
4297 -0.012522785401356554 0.83897034871704401 2.3028300048108847 255 229 59 0.58157740373773503 40 956 28 913 32 880
4298 0.50571189602911315 0.89820626133079129 2.1939164691362816 255 229 58 0.48673792877506356 40 965 28 918 32 884
4299 1.3415703522021467 1.3983600731921002 2.7325229135299578 107 71 55 0.623683987420663 88 1002 28 926 83 877 42 1019
4300 -0.53213225776644868 0.55687393836283849 1.980507433448194 255 230 72 0.62642532757771907 40 991 28 927 32 871 58 912
4301 -0.36788562327016311 0.52181204094132172 2.3275045537830694 255 209 54 1.4470280873323171 88 979 28 928 32 896 58 933 73 1024 67 1119 19 956 12 1116 60 1020 92 834 71 979 4 1001
4302 -0.022682645822021376 1.1234397479922729 2.0529170444820335 253 208 61 0.64133072434085714 40 983 28 932 32 907
4303 0.043681878933253225 0.95841819636080927 2.0729521143877303 30 24 14 0.52686810061782074 40 993 28 942 32 899
4304 0.99054273780511437 1.2631684225546211 2.8355538829187998 77 53 45 0.47594685738940051 38 931 81 910 55 930 9 961 44 842 87 779 70 801 36 949 15 984 91 417 79 1080 31 1073 47 930 28 637 81 911 55 931 9 960 44 841 36 950 15 985 91 418 79 1081 31 1074 47 931 48 915 88 751 100 947 82 916 40 689 40 822 28 638 32 638 58 703 67 899 83 684 72 648 57 960 57 961 18 790 17 1024 17 1025 48 916 5 927 74 881 35 722 37 532 96 683 76 658 85 624
4305 1.2893955650096889 1.5123139657047044 2.6788686041778922 236 218 176 0.27400254272674429 44 611 36 747 15 789 28 675 100 863 82 842 40 718 32 677 58 733
4306 -0.45514468049633439 0.55241162916782083 2.5557149351788411 1 1 1 1.3613344299944448 100 1026 82 947 28 697 40 749 88 8
4307 0.064995791750154255 1.0324579373583433 2.1473416093572291 33 27 14 0.3943948281794688 47 1037 100 1028 82 1016 40 925 28 869 26 1176 89 1337 41 1175 97 1224 16 1069 91 1035 87 998 70 1027 42 964 88 932
4308 -0.48797921666734823 0.3848241241116569 2.1537046328949225 1 1 0 0.68485130908983283 47 575 88 268 28 220 32 209 58 220 82 296 11 4
4309 -0.47653454174845156 0.68587369788643071 2.3436159894318012 0 0 0 1.7732905460006725 40 977 28 904
4310 -0.37347800792305119 0.51462761064942153 2.0088063499881996 255 244 62 0.14909025801651243 28 222 88 3 32 2
4311 0.32601410537354231 1.0758249154162305 1.5162894366136319 239 205 61 0.20242504059508892 28 240 32 18 58 15
4312 -0.1680356078056576 0.96178421989251839 2.2712586866034554 255 226 58 0.31686243749288495 28 33 32 41 58 261
4313 -6.0572103949990677 5.5752437235474499 6.1082001778096062 254 233 59 0.40682411836560156 40 17 32 60
4314 0.69909231673728578 0.7672044618297259 1.8497194655683982 254 198 51 0.30235149207783629 28 75 32 70 19 101
4315 1.2114285065891661 0.74166655339208976 1.6333067406223569 254 190 45 0.53619821461503159 28 125 32 115 58 304 67 641 73 603 19 612
4316 -0.19460733630191768 0.81229768806910563 3.1947412111973095 216 199 157 0.079982541228145757 100 204 32 116
4317 1.2338843714818888 0.76199766093276255 1.6500725400383056 255 249 69 0.19230799272922039 40 107 32 125
4318 -0.093126132987176355 0.71702631263062933 3.2024966841719249 145 98 73 0.14251355839907648 28 109 32 129 58 139
4319 -0.041381505316385132 0.75228290749575655 3.1948534270525686 144 96 73 0.3115025469326716 82 236 32 134 57 284 17 363
4320 -0.0076936330051755744 0.74827384735435565 3.2083153627688303 161 100 68 0.279522138678024 28 121 32 140 58 151 19 189
4321 0.12825456193967852 0.93953099069273593 3.0857588878005151 214 194 151 0.20741062745443836 28 136 32 146 11 215
4322 0.54389145632592739 1.2311330597115302 2.5770612817726724 23 18 14 0.84879849320318312 28 151 32 161 11 212
4323 0.67113663194260953 1.0609606215776197 2.9694917698128358 97 66 53 0.24273803908230834 88 179 32 196 19 262 11 281
4324 1.1194506580238572 1.307944309260173 2.7724696462057135 93 63 52 0.013970048454252704 28 192 32 199
4325 -0.29376280606412475 0.81868013450089006 1.8314643958976331 8 6 1 0.28672425114035288 28 8 32 213 73 11
4326 -0.33066371356019802 1.0322823977769202 2.2203457810033735 172 180 203 0.093807829429379999 28 245 32 231 58 251
4327 0.96612267696843357 1.5311863706310689 1.2834911727806364 2 1 1 0.32755445931321997 28 77 32 279 58 57 73 293 67 56 19 315 11 639 12 357 60 422 71 315 4 502 50 803 62 100
4328 0.46799987348490368 0.92834484379946425 2.2710541996479399 254 227 58 0.27881642541237356 28 315 32 316 58 566 73 634 19 354 60 474
4329 1.1202301740802167 0.6970995831158121 1.6722479914892738 255 255 67 0.1557608419924926 28 345 32 318 58 297
4330 -0.15691826135115244 0.93386085264345542 3.0714898588784258 16 15 16 0.10432633650013147 28 317 40 341 32 335
4331 0.54846332887900751 1.0050521420287404 2.3249946821944119 183 178 186 0.41650930888822107 28 114 32 345 58 106 73 371 67 188 19 364 11 398
4332 1.1994263567918924 0.79726385698117774 1.7361894205817299 255 254 66 0.1255118155338221 28 377 32 355 58 329
4334 0.69840541145792279 1.2545111213602904 2.2066055002943141 234 170 41 2.3517062390576156 40 536 32 368
4335 0.64622565361796502 1.3162598976271149 2.3521135885858451 245 180 44 0.60561147692163286 40 548 32 376 58 589 73 658 67 987 12 990 60 813 71 822 6 681 92 696
4336 0.26652159291209854 1.1034732029050192 2.9396372811437019 17 15 15 0.049738589020365175 40 379 32 379 58 389
4337 0.73073961307466218 2.3110866696409471 2.0298573422091555 104 72 61 0.20049676996895918 28 388 32 387 58 369 73 185 67 222
4338 0.65113108969174471 1.5937311642476877 2.5538437185971805 254 229 174 0.47436521934501502 28 399 32 401 58 607 67 760 12 563 71 652
4339 1.0221835278862814 2.3684467172043377 2.0080854387383096 228 208 170 0.39670650149686787 82 177 32 429 58 169 73 212 19 263
4341 1.5672514078161126 1.4255875361133183 2.6744842492283927 138 90 62 0.37577880359011934 28 218 32 473 58 208
4342 -0.4445033559663798 0.48255155957925427 2.2247657806468921 195 130 26 0.31779001072519131 28 225 32 480
4343 -0.028200710604393182 0.70029891888051865 1.9237325438077995 2 2 0 0.74792041572486978 28 786 32 482 11 349
4344 -0.03196161055358776 0.6019999373821795 1.9992611317506568 255 207 51 0.10348001666331734 28 467 32 484 19 589
4345 1.3683554476842765 1.2202956241229062 1.6131367468570157 226 207 168 0.4118671676199126 40 556 32 547
4346 1.3111592052983398 2.1001569783959413 2.2310692899168298 249 225 176 0.07554921204421218 28 652 32 654 58 693
4348 -0.10685560650231671 0.8127481086292766 1.9376649245587094 252 203 53 0.43586953993018973 28 784 32 795 58 758 19 865 11 844
4349 -0.073560924371937758 0.67264423809763385 2.4770639320044618 255 237 63 0.3576169752033751 82 1024 32 807 58 831
4350 1.1546421223875116 0.7316696662629798 1.6656371267316381 233 169 42 0.65955822438247269 28 836 32 817 58 839 67 1030 73 938
4351 1.5124798143707188 1.9273038864005398 2.3641622074387199 251 227 179 0.4491417091186703 28 847 32 829 58 863 73 974 19 929 11 907 66 949
4352 1.546763300019343 1.8706788112297459 2.3997513823495709 248 227 179 0.077439814126517625 28 848 32 830 58 864
4353 -0.24127314419387622 0.96203087998640902 1.8921317779757891 192 197 220 0.25266161553133148 28 857 100 1014 32 843
4354 -0.028766658282306058 0.87153806849238269 2.3385602959168321 255 242 63 0.4413374508743993 28 870 47 1091 32 855
4355 -0.34325868665678383 0.57075109816468983 1.9431898183622069 191 2 0 0.5919261145691157 82 1044 32 873 19 860
4356 -0.19136412492556243 1.0328713043123019 1.9425929217091575 0 0 0 0.22539446394818827 28 903 40 951 32 874
4359 0.91176043070587343 1.2102072683860174 2.8869562689927597 226 210 171 0.58008681513097438 40 435 28 434 32 449 81 478 55 746 9 478 44 695 87 633 70 640 36 821 15 833 91 652 79 942 31 925 47 925 88 746 100 845 37 379 72 342
4360 0.70477539398097666 1.1447385714926075 2.915997385407429 121 79 57 0.96955530113180655 31 406 79 404 47 552 88 556 100 559 82 248 40 430 28 565 32 582 81 921 55 938 9 967 91 801 48 925 58 656 19 447 73 524 11 458 60 336 50 257 66 599 62 195
4361 -0.24575700616796442 0.62239707271291056 3.4440911063569342 0 0 0 1.5534247477099365 28 951 40 1005 31 1276 47 1141 79 1275 88 1019 100 1123 82 1106 32 915 58 959 57 1155
4362 0.56404024933388064 1.0828913185212437 2.3691455953177005 254 231 60 0.20847039164237721 28 124 32 356 58 113 19 156 67 195 11 182 60 231 4 233 50 834 62 469
4364 -0.058439737786658952 0.59680626556612271 1.9997917050031664 255 207 49 0.46916566869068133 28 16 82 18 58 19
4365 1.4322355225482521 0.34010655929516365 1.1655447084861632 24 21 15 0.53507097264918868 32 504 58 27
4366 0.95055634534051947 1.4528468256207407 1.3445403921003369 254 239 59 0.19237555573519016 32 78 58 60 67 61
4368 0.089374510681155497 0.78225674712970528 2.4052553070581135 233 196 87 0.32898105904320041 82 124 58 69 67 430 73 344
4369 -0.10873848774987814 0.80249631677336775 2.6991569632214443 6 3 4 0.0023601650315611296 82 155 58 79
4370 0.52624378999246157 0.99495733436828171 2.173129501821172 250 179 41 0.2874564798418292 82 139 58 87 73 352 67 435 19 130 11 156 12 412 60 194 71 545 6 482
4371 0.13593007395304102 0.86086481190127662 2.6219170080428169 25 16 4 1.4822419968483878 82 459 58 95 73 643
4372 0.63902022534757386 1.2630448594176191 2.291064752316136 235 166 40 0.28458742167612422 82 175 58 125 73 165 67 469 19 171 12 449 71 406 18 334
4373 0.88901156981642149 2.3137330571853791 2.0112698927598265 109 68 47 0.34992138052911387 32 188 58 159 73 200
4374 1.1207145663192521 2.4594475963444689 1.9076710256534679 106 74 63 0.50954178980025255 82 172 58 170 73 465 32 586 19 693 11 515 12 545 4 639 66 787
4376 -0.1986180039898115 0.60122611715246987 1.9581023556081742 255 245 62 0.092327622012775806 32 216 58 225 73 257 67 328
4377 -0.37280126146608117 0.41871854150407356 2.1871963791513851 255 212 56 0.38343670959721088 40 6 58 232 67 339 82 304 19 38 11 32 60 409
4378 1.1148926609753187 0.70027118054333648 1.6750585618749121 255 255 67 0.267538753565077 32 319 58 298 73 300
4379 0.11553931563918847 0.74356627960380406 2.6486836043636606 20 17 15 1.7048312331706912 40 310 19 358
4380 0.96126042027666903 1.4306100414999021 1.3049572708310453 255 227 59 1.2311500741133268 82 624 58 532 67 345 19 817 11 636 71 20
4381 0.94453881649122173 1.4558830934937061 1.3051210594421745 255 227 59 0.37635402933460987 82 625 58 533 73 288 67 346
4383 0.51158435159103854 1.068025496050069 2.2247480060816769 240 172 41 1.027487609875877 32 333 58 567 73 635 67 698 19 827 12 975 71 391 6 500 92 674
4384 0.70601461893908912 1.2240705858123329 2.1717637069743478 227 165 41 0.49730201062706436 82 692 58 580 67 707 71 811 12 981 6 670 92 681
4385 0.75168525032346012 2.1922173750051179 2.1481953134192606 231 213 173 0.28332568624917148 32 552 58 597 73 676 19 685 11 710
4386 0.64641943610832986 1.2294847825198225 2.6647566038552535 27 26 23 1.2121258931630983 40 405 58 602 73 684
4387 0.77567866188180568 1.6561782442909951 2.5232171829897632 254 231 177 0.018811680449199175 32 567 58 622 73 692
4388 1.3613705365119211 1.3155280764946577 2.7319009773936718 152 101 71 0.45341313429869523 82 596 58 741 73 834 67 611
4389 0.70289271961711752 1.2832627303579829 2.7858470806423963 214 195 153 0.4559005781744519 28 549 32 769 58 795 40 425 83 800
4391 0.75848742178053652 2.2331174716025948 2.1022464912448036 107 72 58 0.23980738742665056 32 824 58 855 83 844
4392 0.31627495553158746 0.97397123045978595 2.5187719455013697 221 165 38 1.5913155941969876 28 508 58 897 73 1013 67 1122 18 1054
4393 1.361609479997298 1.118171789042504 1.6347964260207724 223 170 47 0.1020069267949518 82 1029 58 902
4395 1.1903657267434764 1.2366483449465999 1.5283005740043978 2 1 1 0.88922395382052311 82 1050 58 920 73 988 67 1038 19 912
4396 1.1903657267434764 1.2366483449465999 1.5283005740043978 2 1 1 0.88922395382052311 82 1051 58 921 73 989 67 1039 19 913
4397 -0.11604008329888414 0.90909844943234785 2.9715548322311465 151 144 156 0.42244568294966411 82 1059 58 926
4399 0.713270449452727 1.0892042030642737 2.9583700229327898 104 69 51 0.58637216347762422 82 1064 58 930 73 1019 19 950 11 924 57 1096 17 1161
4401 0.56283554079868925 1.1042756598340251 2.709923267278731 119 117 133 0.719750950541583 82 1091 58 944 73 1049 67 1153 12 1139
4403 -0.22697963092616988 0.54627725294629104 2.1865221826374648 0 0 0 1.3054364232148852 32 893 58 949 73 1041 19 953 11 909 12 1124 60 1019
4404 0.42499080734575473 1.0912142446672808 2.5778586291593237 34 25 14 1.7564454139937453 82 1098 58 958 19 973 11 940 60 1071
4405 1.0679085021943733 1.3572698219768013 2.7995532565043839 221 204 166 0.47789437846957922 40 440 32 456 58 483 15 977 47 929 88 767 100 851
4406 0.70061381670229084 1.1428900460137217 2.9166412374093102 107 69 50 1.0929352038261508 31 407 47 553 88 557 82 249 28 566 58 657 55 939 9 968 44 954 36 1050 15 1054 91 802 47 1021 88 734 73 525 19 448 11 459 60 337 83 677 50 258 62 748
4407 0.66110413429242398 1.2034577400510524 2.8181575600296438 62 55 42 1.6333143154664509 32 892 58 946 73 1017 67 1114 19 948 11 930 12 1111 60 1033 40 974
4408 -0.37992099187839767 0.43238233923775482 2.1684692464811381 143 74 7 0.020583265850945699 82 11 58 12
4410 -0.45036847551365849 0.37120796690208074 2.1710460809471974 254 236 70 0.047931514556154721 58 7 73 24 11 7
4411 0.6877337155385802 1.352674615282079 1.2958676530494262 255 196 37 0.10049906860603168 58 32 73 50 67 19
4412 0.25945797992328817 0.95939039169195028 2.417043422532235 237 177 42 1.0834814855579036 82 152 73 137 67 186
4413 1.027800096322548 1.2619919503890173 2.8010817756760069 102 70 53 0.29611190695482587 58 482 73 233 40 437
4414 0.98140693641497967 1.1957393916228574 2.87059217640891 102 71 53 0.51825497030827217 58 196 73 235 67 297 19 534 66 608 50 325
4415 1.3484376705075811 1.8758019736901361 2.3735006522192355 207 182 137 0.23496982145059184 58 199 73 236 19 274
4416 1.3484376705075811 1.8758019736901361 2.3735006522192355 207 182 137 0.23496982145059184 58 200 73 237 19 275
4417 -0.29108471703820921 0.57793308018639522 1.9721423240899403 255 234 64 0.079995747378140664 58 222 73 254 11 9
4418 1.1921358650767873 0.79798670506542291 1.7433067878807404 255 255 67 0.72765675295417787 58 330 73 334 19 339 11 372 60 419 12 359 4 130 50 118
4419 -2.3747569123091736 2.8951782432671407 3.1743305596103095 253 205 60 1.4862501271446371 82 341 73 365
4420 0.71402244380332514 1.350497522987518 2.2128638865031216 13 12 13 0.35937031237822759 58 130 73 382 67 468 12 448 92 387
4421 0.60543550373219301 1.2836882900379329 2.3508052099466634 246 180 44 0.44236682729965826 58 353 73 388 67 714 19 376 11 194 12 749 71 575 6 680 18 674 92 582 57 454
4422 0.77497034907522444 2.2463999463026427 2.0655697087432339 106 76 65 0.35603914009662152 58 595 73 416 67 228 19 398 60 544
4423 0.67308974840574209 1.2051874093332782 2.7311665475028453 123 119 132 1.1935586354630712 82 764 73 481 67 788
4424 0.02812788777867432 0.81196087231129166 2.5641159048793369 213 122 19 0.32400420547623565 82 679 73 633 67 697 19 349 12 738
4425 -0.28865495743476749 0.82175889364399946 3.0228568410038745 147 138 149 0.44516043175821174 82 715 73 648 67 986 71 903 6 819
4426 0.62524527774268368 1.3534344524642707 2.4118762424165543 249 184 45 0.53779790502336389 58 591 73 664 67 993 19 662 32 542
4427 0.58863485666268967 1.1988987455380311 2.6245244638410519 21 16 15 1.6313829212802107 82 735 73 675 67 740 60 951
4428 0.82120848488888853 2.2126138732093765 2.1262582054051116 234 216 178 0.12688048529800228 58 598 73 679 19 686 11 713
4429 0.81153289483044433 1.6194557229577897 2.5773396948034315 254 226 172 0.10251851334348383 58 636 73 713 67 806
4430 1.7862516729818214 1.5234681064471811 2.6982955357939491 218 189 147 0.32591940214112125 58 214 73 850 67 932 19 798 11 778
4431 -0.44856147590274048 0.60025442412668417 2.5888005638759091 254 232 64 0.70607383653377431 40 240 73 865 67 955 19 606 11 638
4433 -0.42447536095356009 0.68587870352780367 2.8066172738952719 1 1 0 1.9547740640310598 58 832 73 885 67 977 92 688
4434 0.68371568602268795 1.2572973163339458 2.2269479329327 229 167 40 0.35179872555148106 58 583 73 898 67 983 12 987 71 815 6 673 92 686
4435 0.83643197379445478 1.1744072894419249 2.8932575407432415 228 212 174 0.39130744150406888 82 988 73 920 12 847 57 965
4436 0.00086679399180832084 0.76280013779120881 2.5091034118273181 255 217 54 0.81934246057219617 58 773 73 948 67 974 12 1045 71 806 6 668 18 886
4437 0.069235420175277451 0.79133344577111142 2.5263941919319279 168 163 179 0.50257948439602018 58 840 73 951 67 1084
4438 1.5716827852808339 1.4971807173551057 2.7138031263717779 146 97 69 1.9053322298840452 58 909 73 1002 67 1098 11 908 12 1094 71 952 19 930 18 982
4439 -0.37720947699969559 0.52007031310258878 2.3280928166784136 254 207 54 0.72396104873011446 58 932 73 1025 67 1118 12 1117 92 835
4440 0.48024233753404472 0.91544523935326194 2.2067429821931057 255 219 57 0.7450898626371425 58 939 73 1031 19 960 11 917
4441 0.64289303572805268 1.2521509831089146 2.2675775385207504 190 123 24 0.81846911075758355 58 941 73 1032 19 943 11 918 12 1118 60 1041 4 1039
4443 0.56313329380893395 1.1104584025365667 2.7169427170350571 130 123 134 1.5535392042434049 58 945 73 1050 67 1154 19 961 12 1140 60 1061 4 1058
4444 1.0629797394138856 2.4332431263150385 1.9248309453021784 105 72 62 0.76827467897271406 100 156 40 138 28 418 58 167 73 451 100 685 82 700 40 557 28 548 32 579 58 608 67 237 19 459 12 239 71 172 92 178 57 69 17 96
4447 0.74036825765892933 1.1731044292748292 1.1280659281580558 255 195 43 0.63098137437757362 73 250 67 1 19 586 12 326
4448 0.76766893471420972 1.277951217057129 1.1839582067368086 255 154 23 0.23601234629205375 58 22 67 4 19 49 12 14 60 60
4449 0.76766893471420972 1.277951217057129 1.1839582067368086 255 154 23 0.23601234629205375 58 23 67 5 19 50 12 15 60 61
4450 -0.056070570935674635 0.57187358498614127 2.0118493417310872 255 246 62 0.062116151163899888 73 45 67 30 19 48 11 51
4451 0.96699296136344548 1.5321059300850139 1.2831964017740864 1 1 0 0.35502265691664442 73 294 67 57 19 316 11 640 12 358 71 316
4453 0.74187893014933681 0.91335728104530856 2.0002566178077803 218 160 49 0.62747544160965041 82 131 67 159 71 74 6 47
4454 -0.033291536127972039 0.68732177344137568 2.5096706446470853 188 110 18 0.3197798138011167 82 129 67 169 12 417 71 553 6 496 92 356 57 693 18 660 17 826
4455 0.49038969920738673 0.94049827274826792 2.2280578966747506 254 225 58 0.17932120016021 73 128 67 179 12 132
4456 0.7102138866098725 1.3492961365018388 2.1853076315660713 149 136 140 0.28399474588788315 73 379 67 194 19 372 11 408 60 810
4457 0.36231980611131342 2.1243533882277523 2.1222061455880397 107 76 67 0.43946901250550247 73 166 67 196 12 184 71 145 92 158
4458 0.42084152291560595 2.1522627034306212 2.1054801933917964 108 78 67 0.10884418619675111 73 171 67 198 19 382 11 429
4459 0.48394303537230648 2.1797771689209351 2.0850970565765037 108 77 66 0.1355480499586173 73 173 67 202 19 384 11 430
4460 0.55016176382467163 2.2026647573535896 2.065157983548108 105 74 64 0.12068199555844017 73 175 67 205 19 386
4461 0.67761829921055761 1.7387502841948796 2.1910165406053279 218 203 169 1.925622703502929 73 176 67 217
4462 1.4953643960144976 1.5138938555492367 2.6677879400205642 191 171 131 0.63761682394046004 73 246 67 306 12 319 60 754 4 765
4463 -0.16192908780304449 0.54930451557765492 1.9965247763622764 255 249 61 0.029963741994385239 73 258 67 332 19 35
4464 0.48600644516110098 0.92969035625692265 2.2456575179583456 180 107 22 0.33015809996003176 73 129 67 437 12 419 71 551 6 485
4465 0.48263027622802251 0.93104446341764857 2.2460066754524699 180 107 22 0.20137488525864425 73 130 67 438 71 552
4466 0.51402436237300053 1.022639747747579 2.2013490749409939 172 99 16 0.27421945778250884 73 133 67 439 12 424 71 379 6 301 92 351
4467 -0.3258018203470377 0.67140170424740608 2.8121020990349428 159 163 178 1.7293116838335112 73 355 67 445 19 344 11 150 60 477 4 541 50 158 66 159 62 147
4468 -0.32671994421666611 0.66996079825952792 2.8123491186503813 159 163 178 1.7910624831321493 73 356 67 446 19 345 60 478 4 540 50 159 66 160 62 148
4469 0.6606796937267384 1.1940046278989491 2.1767488160633461 232 167 41 0.19110489794532087 73 372 67 449 19 370 11 176 60 485
4470 -0.33839351183890659 0.72590167000987538 2.9654129745643711 8 5 6 0.37479490974118929 73 143 67 464 71 584
4471 0.64159026090835602 1.2608309561747411 2.2593584877216455 159 94 14 0.3249140137747647 67 467 12 446 6 332 71 401
4472 -0.35259573965038987 0.76122366463287638 3.0087229091348737 10 7 7 0.44346395717907527 73 373 67 473 71 596 6 533
4473 0.34191050908713283 2.06143227915185 2.2077262387032599 150 96 67 0.19792474182858122 73 389 67 475 19 381 11 428
4474 0.40788641245527019 2.0892640510554061 2.1866101266815745 151 97 69 0.29876608295039814 73 656 67 478 19 664 11 695 12 487 60 529 71 422 92 170 4 590 50 622 66 772 62 509
4475 0.68496387044938278 1.3193122026269253 2.3143354489278045 127 75 11 0.3533202563954026 73 655 67 481 60 503 71 574 6 517
4476 -0.48776790748501614 0.55786787045790254 3.3403302885075306 154 106 81 0.64529565875786732 73 387 67 504 19 367 11 177 60 505 12 494 6 414 92 458 4 261
4478 -0.16094926166435888 0.76965616456215291 1.9361749075356449 87 56 32 0.72761060532438693 73 576 67 621 19 588 11 621
4479 1.2098552567107852 0.73015333210969058 1.6773458839640434 255 197 51 1.0093979247422609 73 610 67 647 6 430 92 274
4480 -0.50719352102977522 0.65675816169949242 2.7178789072048026 1 1 1 0.45853611252244447 40 243 73 619 67 677 12 974 92 685
4481 1.3194071675584296 0.94635669939274147 1.782004951389605 253 197 52 0.48218548744116108 73 359 67 684 12 959 71 783 18 842 35 338 57 875
4482 0.56509641195262661 1.003377089186972 2.1516117700479902 94 83 87 0.10141496074528797 58 320 73 354 67 690 19 131
4483 0.55876676526039548 1.2045230813530561 2.1681434132515038 201 132 28 0.027305078275238627 73 364 67 700
4484 0.69437251530638933 1.1888130381009425 2.1434107582862936 86 80 86 0.2598515169328679 73 370 67 702 19 365 11 175 12 432 71 393 6 314 92 365 4 219
4485 0.46800152221079783 0.94538773570593504 2.3793722478781496 200 202 223 0.2711878111664599 73 641 67 706 19 643 11 676 60 806 12 741 18 332 57 455
4486 0.32869345273267947 2.0391285197508866 2.1799895587486087 88 50 32 2.1142007850680686 73 903 67 712 19 655 12 755 60 821
4487 -0.20628338371674626 0.80431228325942894 2.9326433151118199 144 136 147 0.14960371799479583 73 374 67 713
4488 0.43776580831329215 2.0585615067555736 2.248666286322667 237 212 167 0.17232120233991305 73 662 67 720 19 668 11 699
4489 0.56532426174075334 2.1094160896870027 2.2080941406053878 233 211 167 0.1872877440591591 73 669 67 722 19 673 11 702
4490 0.62780082820200134 1.1023088279109985 2.5694052594117727 26 22 19 0.55443455751209292 73 909 67 730 19 665
4491 0.5349385581826871 1.3937719746620445 2.5467414254932028 214 153 34 0.28921007381338976 73 671 67 732 12 999
4492 0.62524943995872551 1.6389344543596271 2.5168233263169353 251 222 168 0.15139226642912049 73 680 67 751 12 774
4493 0.69204533413055158 1.1924996814144759 2.6823077411065732 21 21 21 1.7692905283307176 58 431 82 559 67 774
4494 0.78725484551329117 1.6434312049484596 2.518906239359088 254 230 174 0.13511717013564709 73 691 67 781 12 585
4495 0.66823514315433108 1.226955045687016 2.8775763510437962 223 203 159 0.016635615980634649 73 731 67 839
4496 1.4260375948833659 1.3642939041325399 2.7354615379017053 151 101 75 0.21555094724837823 73 840 67 925 19 780
4497 1.4961239804130479 1.3839716114499057 2.7113245806416932 151 102 74 0.34195970631676209 73 843 67 927 19 856 11 834
4498 1.5128334595557964 1.4838295540547515 2.6848958123080937 223 209 175 0.379645765296039 73 846 67 929 12 320 4 416
4499 1.7849787417978231 1.5196377012390085 2.7010176494604767 217 186 144 0.84568502579353633 82 277 67 931 71 856
4500 0.49441529354037089 1.0580319486281899 2.6522018020048042 119 115 127 0.61198433639138572 73 668 67 995
4501 -0.14412977556946172 0.74398679607794049 3.1864218944526748 100 66 49 0.72272948776264301 73 966 67 998 12 513 71 472 18 808 57 982 17 1044
4503 1.3390250052446109 1.4216378625348407 2.6862919154444866 227 214 178 0.36322279054292528 73 923 67 1013 60 998
4504 1.6160207619949953 1.4987359464541121 2.6482358399465724 226 213 178 1.4780908127460368 73 927 67 1015 12 1012
4505 0.68882727534349153 1.1942537500364834 1.0890492321280691 254 246 72 0.88152825721996908 58 914 73 928 67 1017 19 858 11 839 71 955
4506 -0.33660176544839182 0.57346150142740215 1.9488991831454983 192 1 0 0.16651759285215395 73 977 67 1019 11 841
4507 1.0700193632506871 1.5707756612212878 1.2850722328277666 253 225 68 0.97437437090610535 73 937 67 1028 19 909 11 880 71 925
4508 0.080890789633647486 0.8536358635885597 2.3072249975062524 255 241 61 0.37777814940408849 73 944 67 1046 12 969 71 797 6 480
4509 -0.078135942362055247 0.66930229315252432 2.4841508917122885 255 237 62 0.08654856950054296 73 945 67 1048
4510 0.25594848333783121 0.89182566662032925 2.3963243183636087 242 181 46 0.61371399093515389 73 887 67 1054 19 826 60 800 4 532
4511 -0.2190210597116613 0.7260457019494071 2.730549849926605 27 20 11 1.4339394405076589 73 886 67 1055 19 631 12 983
4512 0.47793197737693865 1.1410351043498919 2.2667754540592622 15 9 6 1.1266786168446006 73 995 67 1057 19 937 11 928 12 1086 60 1039 92 739 4 1038 50 1005 66 942 62 863
4513 -0.12760980616625495 0.92284562882459464 2.9958522664709775 156 151 164 1.0910884281143063 73 962 67 1061 12 1092 73 961 60 985 71 947 18 1038 6 844 92 758 6 821 57 1075 17 1135 5 1016 74 986 35 945 4 953 50 953
4514 1.376898516778988 1.4094027223157128 2.7142677865941662 91 63 53 0.39043042614453349 73 1001 100 1010 67 1070
4515 -0.47329066830644506 0.6987862359660143 3.3527393572948885 150 103 79 0.49675428179741116 73 997 67 1092 60 986
4516 0.48001752012273113 1.1475403983683754 2.7935824201216657 137 127 135 0.51528000201228441 73 971 67 1095 12 1109 71 970 18 1035
4517 1.5371645533143541 1.4351255607694047 2.7208769704977538 133 85 60 0.43811363033330353 82 996 67 1097 71 951
4518 0.57487838882736086 1.5228809074219085 2.5351179937120989 106 83 61 1.5243931558598354 73 1016 67 1111 19 926 58 856 11 901 12 1108 60 1047 71 906 4 1044 50 1013 66 947 62 855
4519 0.62520200925536396 1.2732515074669304 2.2723245350835191 185 119 24 0.28097393261713427 73 1033 67 1123 12 1119
4520 0.74567257429015543 1.1826217366568472 2.8901363834364506 221 205 167 1.6902296153262006 73 1052 67 1127 12 1093 60 1034 71 973 18 1057 50 1016
4521 -0.16093762534634451 0.89452007063750472 2.263424093663323 255 247 63 0.68664130606908158 58 950 73 1046 67 1137
4523 1.2199272348772774 1.3520292258381119 2.7730394846106985 109 73 56 0.86830359466462437 73 1054 67 1143 18 1056 57 1126
4524 0.65180491196833967 1.2320040586575998 2.6090304711668266 92 94 101 1.8061143867992493 73 1064 82 1099 67 1152 60 1080 71 994 58 960
4525 -0.26054782563501516 0.68654470335553797 1.9721577335701486 255 230 65 1.6362682040700338 73 1066 67 1158 12 1144 92 854
4526 -0.47986766577393286 0.64426969652676813 2.9871615758711467 0 0 0 0.95188142137956988 73 1060 67 1160 71 1004 6 888
4527 -0.41314960417248175 0.60069513950450582 2.9744817527810814 0 0 0 2.0005119416667019 73 1061 67 1161 19 979 11 949 60 1079 71 1005 6 889 66 971 62 881
4528 0.76327708451078491 1.0833517664059826 1.1242252192074564 152 148 46 1.5943630898225574 73 568 67 614 88 938 40 840 28 792
4529 0.68715732406130747 1.1810008256099043 1.0749739299962584 251 251 81 0.056737101968080642 67 0 19 3
4530 -0.50164600874618737 0.41159639263980047 2.0933534255743051 252 237 73 0.21828413388440251 73 253 19 4 11 336 60 394 12 347
4531 -0.23313197489498905 0.82958413489677141 1.8208817014912271 253 242 72 0.090168251592409251 73 17 19 27 11 24
4532 -0.23313197489498905 0.82958413489677141 1.8208817014912271 253 242 72 0.090168251592409251 73 18 19 28 11 25
4533 0.67277635291700422 1.2970113046432323 1.2672495071467171 255 163 22 0.40757839438289883 67 7 19 56 60 99 4 114
4534 -0.036428980561199427 0.57665021436824759 2.0747194837812248 255 242 64 0.1080079208703406 58 30 19 57 60 149
4535 -0.07554773023997452 0.56953081381387272 2.1217636485127662 252 206 62 0.21333813487586137 58 244 73 275 19 60
4537 -0.27606820397636744 0.64180887814882581 2.8234215177742246 3 3 3 1.1316145673129794 73 132 19 124 60 213
4538 0.67456663142791462 1.2170697262372796 2.1970756168297734 186 113 19 0.25532244712328911 67 456 73 151 19 151 12 434 60 224
4539 0.66170491765181949 1.4091029378410003 2.0981383899745571 21 15 9 0.34894647275697055 73 148 19 154 11 184 12 144 60 488 4 543 50 577 66 547
4540 0.69771828769929289 1.1832609202183864 2.5695619701336234 21 20 21 0.098683804482614879 73 198 19 223 11 228
4541 0.69771828769929289 1.1832609202183864 2.5695619701336234 21 20 21 0.098683804482614879 73 199 19 224 11 229
4542 0.71066354316887925 1.1562412430037672 2.7224650521895617 127 123 136 1.172077279487951 58 176 19 244 11 258
4544 0.44200560417095724 0.88428381682816659 2.2277646547400893 254 222 57 0.3355721357626073 73 628 19 346 11 148
4545 -0.41902989827873538 0.97968530614755045 2.8541405380136897 0 0 0 2.3570117803306712 67 451 73 639
4546 0.63094810352712705 1.4655586116959749 2.4631799766374365 162 155 167 0.99027469944317126 73 673 19 387 12 998
4547 0.6768489041478869 1.2131845436507909 2.7525885099110763 33 30 25 1.3471174404846953 73 216 19 406 11 437 60 543
4548 0.71670295859183797 1.6266571878024634 2.5380444642729825 254 227 172 0.19552263341869316 73 475 19 415 11 447 60 558
4551 0.60113755843411409 1.2476775369872017 2.2986293960126067 228 166 40 0.41773146034364783 73 902 19 648 11 681 60 945
4552 0.31335883506611495 2.0032748993166178 2.2867391303123648 224 203 163 0.11554500437899473 73 657 19 663 11 693
4553 0.31688624728987935 1.4123491199425573 2.775944371004452 0 0 0 2.0948485841468485 58 388 82 728
4554 0.37735249910197682 2.0295187496534708 2.2665836416193077 227 206 166 0.107119399237181 73 660 19 667 11 696
4555 0.50518440226580674 2.0807456046269239 2.2259281604246728 230 209 169 0.11901608468095744 73 666 19 670 11 700
4556 0.57676646586472669 1.4283501000520982 2.542050628382206 254 194 49 0.6051570096167751 67 997 19 671 12 1061 92 754
4557 0.67714209177428941 1.1093869782837564 2.7432512589745688 14 13 14 2.1206672504729265 58 617 100 545 19 680
4558 -0.44794247274240362 0.39052052715550462 2.1758614783380987 253 206 59 0.32057798412744598 73 930 19 800 60 901 4 920
4559 -0.40387793461649535 0.54383694686742212 2.2875986861947388 252 183 39 0.08079473590463207 73 858 19 805 12 956
4560 0.3238007063837629 2.0828378295765098 2.1249832019698802 101 71 61 0.061527159801714588 67 711 19 839
4561 0.9433294306012836 2.2899834516993409 2.0528959721988369 107 70 52 0.38868795183432919 73 912 19 850 60 956 4 962
4562 -0.039559712109929979 0.69995040353991633 2.0402567610328974 255 212 55 0.5364918478875581 67 942 19 866 11 845
4563 -0.35720805311330495 0.62937819668996464 1.892629171698359 255 230 68 0.38404232525683812 67 1018 19 894
4564 1.3119201072332995 1.205422607615146 1.5514347745329116 255 230 65 0.22180771082969972 73 991 19 917 11 885
4566 0.48485711027535083 0.91103533208968801 2.201254885752649 255 235 61 0.30326902713526632 58 938 19 959 11 916
4567 -0.082255777687060855 0.64968307489979094 2.120446421056394 255 238 63 0.97835323542063135 73 1043 19 963 11 933
4568 0.38212333655887615 1.0863180827276127 2.8753812803840124 14 13 14 0.59225253292686175 73 1051 19 966 11 937 60 1062 57 1136 17 1198
4569 -0.38561502883483018 0.70775229076507629 2.6196748394408469 253 197 52 1.9041979716149875 58 962 73 1059 19 977 67 1159 11 945 12 1147 60 1076 71 1003 6 887 92 856 4 1068 50 1025
4570 0.67853344318329345 0.77734658758226804 1.8566278419700606 254 204 51 0.43214473513496049 100 99 58 63 19 102 73 82 67 107 60 159
4572 -0.46247650124589246 0.62940417647803681 2.697265912281714 1 2 1 0.61108929307951676 32 237 58 537 19 615 28 702 73 876 60 793
4573 -0.10174240794339078 0.89212779349992777 2.9602556906905351 70 64 68 0.93977079375487738 73 1034 19 941 58 925 82 1058 11 920
4574 0.17577976230274736 0.84248878650871017 2.3498008358661591 255 229 63 1.1818601190915192 32 901 58 937 19 958 82 1096 73 1047 67 1138 11 915 12 1128 71 988 6 871
4575 -0.34925158263292622 0.58967997556184504 2.4579051707018214 115 91 70 0.44796790759982136 19 90 11 111 60 450 4 822
4576 0.13189519063531083 0.77577802148807307 2.4665163888197661 205 207 228 0.20042571146462518 19 122 11 146 60 472 4 210
4577 0.66355286815753101 1.4086673472401872 2.0976992473652505 27 23 17 0.35022603657466078 19 153 11 183 60 487 4 542 50 576 66 546
4579 0.81029577251139662 1.3729245289885503 2.2639419582281533 28 27 24 2.0761767238853515 19 194 11 205 50 587 4 559 60 513
4581 0.46440379181956021 1.2641803497265747 2.621242130469843 32 35 44 2.1913236288067037 28 144 32 160 11 211
4582 0.70564532022870319 1.4620889629120117 2.3522511452373216 29 26 22 0.62972786818072912 19 209 11 222 12 478 60 275 92 128 4 575 66 580 62 489 96 477 29 262 76 447 85 545
4583 0.71142748897539776 1.4588465066021397 2.3515349465250401 29 26 22 0.6791517004732307 19 210 11 223 12 479 60 276 92 129 4 576 66 581 62 490
4584 0.75860546304055188 2.3044310641570873 1.9995706917092237 2 1 1 0.17870873123532091 19 238 11 271 66 286
4585 0.62763719028283294 1.4114267214850356 2.7321818747048767 245 216 163 0.22002381573118768 19 252 11 277 60 329
4586 0.71979136175643044 1.337637452347529 2.148369848514073 36 32 23 0.34652808196605944 19 161 11 405 60 489 4 544 50 578 66 548 62 470 96 455 76 420 85 409
4587 0.65630652418783764 1.4483749936458432 2.1431062011440662 34 30 22 0.24499245341788503 19 166 11 406 60 491 4 550 50 580 66 554 62 476
4588 0.22888590490102384 1.9990986634851615 2.2413336791574667 131 85 60 0.17784735277514793 19 377 11 419 60 520
4589 0.21966379758793317 1.9435273223412264 2.3132469274910936 184 166 130 0.40275520593458697 19 181 11 422 60 523
4590 0.82128464127271517 1.6157389545845369 2.5742866884186735 253 226 172 0.17657236620632535 19 457 11 476 60 597
4591 0.031798617487666124 0.7647055930977229 2.5404381033175869 254 219 54 0.53793416014684192 19 630 11 661 60 797 4 937
4592 0.26450552482125378 0.88314075666733205 2.3451282860487033 191 129 26 0.13380751699295101 19 632 11 662 60 795
4593 0.43682497310465851 0.92120128066710727 2.392975851103742 20 20 23 0.48956043082471939 73 640 11 674 60 804
4594 0.45599065076048817 1.1990545415565292 2.2597635089067603 173 106 19 0.28674762705231444 19 645 11 677 60 941
4595 1.4709434599391444 1.9510750867351458 2.3055020567295048 254 233 180 0.21097066561814479 19 765 11 754 66 797
4596 0.28633482021768086 1.878468102280324 2.2690974819846539 27 25 21 1.4934463818468302 19 837 11 814 60 987 66 945
4597 1.3660396140255915 1.3201225820627611 2.7446614401380196 158 103 73 0.42768059762177207 19 893 11 833 60 959 11 745
4598 1.7615116516364262 1.5262654675587368 2.6380596983928748 151 101 73 0.68388140049437995 19 857 11 837 12 935 73 567 60 964 4 996 50 959 66 912
4600 0.72753840606615583 1.2089156573516853 1.1722613123115506 255 198 43 0.78150701200246198 19 863 11 843 12 938 92 503 4 966 50 931
4601 -0.0074651926321439759 0.58395807685290235 2.1737806811364084 197 200 221 0.51411092548975745 19 901 11 873 60 1004
4602 -0.0074651926321439759 0.58395807685290235 2.1737806811364084 197 200 221 0.51411092548975745 19 902 11 874 60 1005
4603 0.6191660183263521 1.2572808373082687 2.2703845738620938 196 125 23 0.49587648856927846 19 944 11 919 60 1042 4 1040
4604 0.69563403400834389 1.5543013127663643 2.3674576683585964 255 221 60 0.284995364624407 19 947 11 923 60 1030
4605 -0.37298956366028718 0.93732907713209201 2.3485982673612131 253 225 59 0.52258192395225711 19 970 60 1069
4606 -0.49934662248816458 0.64742113370649601 2.7158623338252856 2 2 1 0.9657140453785602 32 501 19 616 11 371 40 244 28 254 32 238 58 538 73 620 67 678 71 565 6 329
4607 0.53526495067594781 0.99936951444847322 2.9684309343256787 112 73 54 0.79346317426076329 32 869 58 906 19 888 11 863 73 972 67 1005
4608 0.61390806750348748 0.73250456677118925 1.7496153120713311 251 247 65 0.093507317516871857 73 279 12 36 71 309
4609 0.79570748763060861 1.3829104193602151 1.3011343318718955 255 147 18 0.12975832239750273 73 58 12 38 60 144
4610 0.045038041228590897 0.56042766130995603 2.1578892992493883 204 207 231 0.84678001875891773 67 78 12 66 71 59 6 38
4611 -0.38410388161699627 0.62272751419436345 2.599050032710704 113 89 75 0.41177180656356027 67 156 12 128 71 377 6 309 92 363
4612 -0.38410388161699627 0.62272751419436345 2.599050032710704 113 89 75 0.41177180656356027 67 157 12 129 71 378 6 310 92 364
4613 0.1926456905304367 0.81254379794756149 2.4507632616428454 196 200 225 0.37039285658497989 67 440 12 140 60 201 71 394 6 82 4 212
4617 0.57184312214545441 1.3788815694415404 2.505794620028805 72 62 66 0.097225876002848974 67 233 12 198 92 435
4619 0.024648354388463165 0.75471016838270577 3.2226458441607519 99 60 43 0.62916148456470811 67 273 12 260 60 292 71 259 6 203 18 570 92 469 17 370 5 365 4 281
4620 -0.15318485122585196 0.92376793422403591 1.9950591837091671 161 89 16 0.34049738418394915 67 348 12 363 92 319 71 332
4621 -0.16395919493826189 0.63556251826383303 2.5487290463433849 182 101 13 0.41424314624453518 67 161 12 409 71 382 6 493 92 355
4622 -0.16577533134820674 0.63374542756096408 2.5486108465276107 182 101 13 0.1778352480069004 67 162 12 410 71 383
4623 0.64894116893620846 1.2539354416342294 2.2601279895545612 158 84 10 0.3479947188585461 67 466 73 378 12 445 71 400 82 461 6 331
4625 0.66452777659784723 1.3414809934411358 2.3480443627590719 173 97 12 0.45878060829257922 67 218 12 463 92 584
4627 1.2815924145815174 1.2723723930492399 2.8335047514249356 100 61 44 0.4475682500272718 73 245 12 664 18 565 92 629 57 245 35 199 4 733
4629 -0.30884380970681558 0.56728102415355663 2.3961453746059309 25 24 23 0.30016634199187914 67 649 12 707 92 336
4630 0.56732961931499182 1.345392653851573 2.4662942512599808 252 197 49 0.13428575516999955 73 399 12 759 67 723 58 372
4631 0.5084941541581548 2.0943550197311978 2.1887994500366568 98 61 41 0.032372494484036528 67 988 12 767
4633 1.0165885134507482 2.2794024581902872 2.1308220302277348 252 225 173 1.807784113735549 67 758 12 782
4634 0.46696901674837898 0.94719269269107254 2.286812440662247 253 195 52 0.22627704715244051 67 976 12 972 71 884 6 769 92 671
4635 0.99079087161062962 1.2682108561574761 2.8348235495841698 109 70 50 0.25689308384747972 67 1010 12 1004 60 997
4638 0.11590335131009633 0.79842958717386125 2.4322470165920556 211 202 201 0.53193127032880227 67 1105 12 1084 60 1011 71 939 6 810 92 787
4639 0.6727054066527669 1.3644208672281111 2.0683581316872828 202 148 45 1.6250075962415453 67 1086 12 1085 60 1026 71 886 6 772 92 788
4640 0.61218504928236162 0.74870318513519007 1.8022370864595725 237 193 70 1.2557014852725381 73 1027 12 1122 92 844 6 863 71 985
4642 0.34084884698691481 0.95996694228895041 2.3797323222050197 71 41 15 2.0933365779733437 67 1140 12 1129 71 989 6 872
4643 0.72911366732150473 1.1485918624756115 1.1300663825832049 213 111 12 0.76018391037538524 11 3 12 1 60 0 4 4 50 1 66 0 62 0 96 292 29 387 76 0 85 234
4644 1.132794863373527 0.70825471246130822 1.541170789472744 254 240 61 2.110086992619709 11 88 60 52 4 16
4645 -0.1210845398170253 0.75777681083460391 1.8951567145272257 175 100 17 0.14510641118520662 12 46 60 139
4646 -0.035354349846450292 0.61672448531387825 2.0566352166006037 255 245 60 0.078434429924917393 11 351 60 152 4 150
4647 0.75455211788333987 1.1981710140170887 2.0904235900911279 16 16 21 0.24255831320275045 11 400 60 214 4 213
4648 0.48665838917018428 1.0899337605482469 2.2868569635764118 122 67 6 0.55391694522221779 19 143 60 215 4 538 50 157
4649 0.099850052485550608 1.0242084986865505 2.5764248243580021 74 64 66 0.46394904033124956 12 447 73 144 60 229 71 410 6 340 92 104
4650 0.41008473219916963 1.2308683287045652 2.345579801634766 103 73 49 0.062539431450355537 11 179 60 233
4652 -0.27464177541407842 0.86803897343550218 3.0725360326946096 12 10 9 0.57887269403338948 12 199 60 262 6 171 92 176 4 262
4653 0.72351731546733555 1.1883194082086337 1.0784973694226221 254 251 78 0.32944076091104263 12 0 60 370 4 0 50 774 66 803
4654 0.72213976424115955 1.1259001663360437 1.1542159941445174 207 117 16 0.5707848950876736 12 3 60 372 66 363 96 296 76 270
4656 0.84248895673989777 1.3601315503652738 1.2093091533688829 254 158 26 0.1389668595969836 19 298 60 396 4 488
4657 0.0018671756265394156 0.71991208719601574 2.1491523243408159 255 237 65 0.20006569769908608 11 357 12 79 60 437
4658 -0.014268540236010398 0.66901273544565376 2.2100370364061712 253 214 55 0.049111241532372375 11 109 60 439 4 172
4660 -0.426614751965182 0.60698142892212015 2.5684338192349427 254 243 62 0.58222521322976373 12 404 60 459 6 484 92 354
4661 0.34001634176827872 0.93410629016199442 2.3873740998388366 194 148 34 0.4900106380427704 11 671 19 357 60 475
4662 -0.48365176597292048 0.57538437795323683 3.4075168499619042 218 186 146 0.59821368022452981 12 771 60 515 18 930 57 853 17 664 4 585
4663 0.63313914342510114 1.4861999133820893 2.466153559220102 235 163 36 0.41456178190641974 11 238 60 530 4 860
4664 0.74204562475281666 1.5712188842426349 2.6133606304268282 205 178 131 0.18234765283117435 11 285 60 583 4 613 50 284
4666 1.4921999600650055 1.9262355627023984 2.3324949545081703 221 188 140 0.26804332020733268 12 660 60 744
4667 1.4811023238075955 1.9363780502868286 2.3340884285936547 221 188 140 0.45874909446202067 12 661 60 745 50 759 62 704
4668 1.0820551448867415 1.5733158125178677 1.2730568071507369 251 219 59 0.14959403488646603 12 686 60 773 4 801 50 806
4669 -0.29931431429543798 0.57233362153064371 2.3864474974424503 18 16 14 0.33769988159059255 11 633 19 811 60 782 4 816
4670 0.47930597565203642 1.1478397978282529 2.1607057661518119 125 74 12 0.12272372860818813 11 670 60 801 4 831
4671 0.53530160245813563 1.0449201895560816 2.230411710347513 253 180 42 0.22671543097739047 11 395 60 803 4 832
4672 0.41085892279790448 0.92416818113151933 2.4023967005938522 22 23 24 0.65322946172520757 11 675 60 805 4 836
4673 0.63108209689581374 1.4779061472873956 2.0901613291462331 14 19 27 0.35801034068831455 11 404 12 745 60 808 4 940
4674 0.6138736540090054 1.3520975183487782 2.4090191560335694 247 182 44 0.30046236833056161 12 993 60 816 92 699
4675 0.58253528878268479 1.4080313521597756 2.492779888899622 251 185 46 0.11725180105800419 11 694 19 669 60 823 4 855
4678 0.48405978332485705 2.1035497364593905 2.1953227692936301 100 61 39 0.38161992094409369 11 822 60 952 66 853 62 753
4679 0.89164477156677979 1.4221732330564163 1.3150034420434868 255 212 45 0.63825621425763523 11 854 12 1019 60 970
4680 0.10691842262746402 0.80910405819599318 2.5277460469722306 204 125 45 0.38510175296994498 11 801 60 978 4 982
4681 1.7820356402829027 1.5233868120150207 2.6955846804854988 230 202 159 0.48803948029803379 12 1066 60 1000 92 768 50 960 11 838
4682 -0.49332627237179949 0.42914563467560007 2.1239911020758879 255 243 65 1.8433317005413492 12 1099 60 1001 71 957 6 834 92 771 4 919
4683 1.248955225906895 0.76856571334908153 1.643613120374106 255 251 76 0.51508250252265464 12 1016 60 1003
4684 0.52830815701989586 1.3677420295287435 2.7294626023629611 28 24 17 1.2974698862830438 11 903 19 886 60 1014
4685 -0.079410476308812275 0.73688680781759275 2.2127069258336616 254 215 51 0.73719555950702131 11 911 60 1038 4 1033
4688 -0.19270234721591839 0.89291407427302527 3.0395958775131238 157 156 171 0.46566457788467491 19 157 11 188 60 511 67 227 12 491 71 638 6 548 92 600 4 264
4689 0.551546791304249 0.94715594375787104 2.9985672598470119 102 64 47 1.0143266995580746 67 1115 73 1018 60 1032
4690 -0.12747778061306383 0.652391767792044 2.5453720092353347 255 206 54 0.35120496579012261 12 133 71 102 6 76 92 79
4691 0.010474999127066779 0.77321163334292198 2.4671653007949486 65 61 72 0.218397816064449 67 171 71 104 18 329
4692 0.5567330423181408 0.97880505720358169 2.3807090051412154 53 43 44 0.60609842546969972 12 149 71 122 6 87 92 374
4693 -0.063006904413634157 0.86833205885352671 2.639393019470174 108 53 2 0.0071570839315068975 12 153 71 128 6 93
4694 -0.0064384195844886874 0.89191139990792001 2.6219873196080092 1 1 9 0.43951047166767576 12 156 71 130 6 338 18 113 92 577
4695 0.48718736657122402 2.1777723472855302 2.0800731761257962 102 68 51 0.3240340814831299 12 190 71 148 4 285
4696 -6.0337561940882054 5.096768632865107 2.9052110438213345 76 63 62 0.60466986365223541 12 201 71 158 6 117
4697 -6.0337561940882054 5.096768632865107 2.9052110438213345 76 63 62 0.60466986365223541 12 202 71 159 6 118
4698 -6.1911155355086294 5.1645178444894357 3.0116382526110903 78 68 72 0.63245462810287723 12 209 71 168 6 125
4699 -6.142057213855189 5.2763226356650952 3.0687346470588719 76 62 62 0.63315389141656231 12 225 71 181 6 136
4700 -6.142057213855189 5.2763226356650952 3.0687346470588719 76 62 62 0.63315389141656231 12 226 71 182 6 137
4701 0.466269329203293 1.0635462263731632 2.6844452205556677 68 58 59 0.43842064605551434 12 193 71 196 6 375 92 425
4702 -6.1088129404181748 5.3961140309754407 3.1223592691863673 77 71 78 0.56401187944290987 12 240 71 198 6 154
4703 0.55121321779557386 1.2361526808868157 2.8240128643551574 5 3 4 0.38966295318207617 12 269 71 254 6 418 92 209
4704 -0.40474934115947347 0.41655041716076535 2.2168487035050162 75 58 56 1.2118266141693763 67 27 71 320 6 239
4705 -0.014172027836905278 0.56120894768558693 2.1009165247002448 67 54 55 0.83848451493857801 12 361 71 324 6 245 92 298
4706 0.71111839953919287 0.71724508603724135 1.9206226876460559 43 36 37 0.95874642136612509 12 60 71 327 6 244 92 287
4707 -0.39410332746393056 0.53830166219803866 2.3878475707928266 165 91 13 0.85596632731142841 12 84 71 353 6 273 92 332
4708 0.54711445614515353 1.2133372788534156 2.1298945207074147 199 130 29 0.67734630104049964 67 184 71 386 6 305
4709 0.52274937319401948 1.2016645263572852 2.14302598183433 116 58 8 0.593726164572003 67 441 71 387 6 306
4710 -0.06854425348827145 0.68433054744912403 2.5261561347934407 253 212 55 0.4067374960920116 12 421 71 389 6 313 18 333 92 361
4711 0.6367383533325377 1.2642418733019258 2.2911633645686877 235 170 42 0.13379602952150649 12 450 71 407 18 335
4712 0.59947555060322899 1.3230576433567862 2.3814812722090393 131 70 7 0.43213899000535072 12 464 67 484 71 414 6 343 92 409
4713 0.69111088256459086 1.3842728445499319 2.3749746118733732 161 153 162 0.42031814082037638 12 754 71 420 6 347
4714 0.77737842333180607 2.3189354938442182 1.9982713325816697 150 100 72 0.49883139558902218 12 499 71 423 92 171
4715 0.021180265955158383 0.96331422354363072 2.8118428896521328 132 72 7 0.31162764488101724 12 179 71 433 6 365 18 465 92 423
4716 0.058576299993263296 0.9749187728010319 2.809428043272967 217 150 35 0.34738270876835886 12 182 71 436 6 370 18 471 92 429
4717 -0.053166666685002195 1.3831152851561399 2.7127307055353307 113 69 7 0.24060453739093571 39 722 71 444 6 377
4719 0.60327240399612736 1.1115146923576704 2.6549013603629863 76 63 61 0.14862060842942046 12 207 71 449 18 427 17 239 57 163
4720 -0.30551069646325496 0.82427008714319083 3.063302121650648 20 18 15 1.3281945003440279 12 483 67 485 71 453 6 391 92 447
4722 0.00080950684862487652 0.53290482677999962 2.0413934100938653 255 247 63 0.94396980894997895 12 354 71 499 6 233
4723 0.65884420167039004 0.71760223397158729 1.8380888429810298 46 38 40 0.64000518475772905 12 684 71 500 6 432 92 507
4724 0.46486796720263457 0.88574730603645002 2.200750713396447 143 86 16 0.53829510674582293 12 406 71 539 6 477
4725 0.46486796720263457 0.88574730603645002 2.200750713396447 143 86 16 0.53829510674582293 12 407 71 540 6 478
4726 0.56415146369257907 1.004202172343901 2.1515099241760711 56 45 43 0.21456153218267079 67 689 71 542 18 300
4727 0.49839698089814044 0.97571699548544977 2.1843174855487 126 93 21 0.27113462621042966 12 723 71 543 6 293
4728 -0.02565561606330713 0.68381049377575875 2.5084560658681312 167 93 10 0.42142461949299354 12 418 71 554 6 497
4729 0.59415856629439978 1.2100448184626829 2.1255562665073464 94 49 6 0.677586905549452 67 443 71 558 6 495
4730 0.50145800370555083 0.98180225560788392 2.2967900889400892 32 30 29 0.32995770946861724 12 734 71 561 6 504 92 568
4731 0.20252075663448524 0.8485318667750078 2.4498469309493287 34 33 35 0.19365070423117325 12 977 71 564 92 680
4733 0.5090499413189431 1.0539696412641295 2.6571465926114857 145 138 148 0.14466439806368592 12 762 71 600
4734 0.57753551347373278 1.2193494599258548 2.7982890592187486 133 125 135 0.33738376930948821 12 779 71 682 6 570 92 610
4735 0.66997851899649241 1.1815075905471286 2.1744905006857151 232 167 43 0.52691966603607898 12 740 71 808 6 666 18 644 57 381
4736 0.53229902432371101 1.0171471619275303 2.2859266446588373 255 227 59 0.31023306257491351 67 1058 71 809 6 667
4737 -0.52138658330577881 0.71006981707085293 2.7873278602975007 1 1 1 1.9961536176699535 12 1046 67 1053 71 816 6 677
4738 0.016449941142471291 0.85736644569344511 2.5903134861065866 255 228 61 0.93817706991110794 12 982 71 817 6 674 18 678 92 687
4739 0.20166275384244362 0.99327317735070608 2.7305048657294599 201 140 32 0.46235938956124528 12 992 71 828 6 785 92 750
4740 -0.098682854915444651 0.88731093283297846 2.9020244380893643 142 130 141 0.44360479742908898 12 994 71 831 6 686 92 704
4741 0.0026811272883221363 0.96421736891152088 2.8515680926365112 212 149 35 0.36840320201027055 12 757 71 832 6 689 18 914 92 705
4742 -0.33181040776985538 0.72085884178144621 3.2085719334807625 232 214 171 2.0231923769867963 12 769 71 837 6 559 18 928
4743 0.5615565277854212 2.0659301186593964 2.7352394406567129 240 219 173 0.18194131452838305 12 1006 71 851
4744 1.1694323458293636 0.73131540957836771 1.6634677664025741 221 160 43 0.55468301215144344 12 1015 71 857
4747 0.51900923188718784 0.960985982613067 2.2446495665502062 255 223 57 0.31191009513780604 12 1044 71 883 6 767
4748 0.11406735616888045 0.97106962206760705 2.5125815734861279 69 54 48 0.79487043794576018 12 984 71 889 6 813 92 790
4749 0.59461577795230103 1.2477227025896547 2.2904650562674989 231 165 40 0.45098008456078725 67 1060 71 891 6 777 92 743
4750 0.49717870707550099 0.96671551138029543 2.4235694986229173 68 62 64 0.42633680073544111 12 986 71 892 6 774
4751 -0.43805733783692608 0.74327286350289634 2.790400703279825 218 172 46 1.1306267938782169 12 1048 71 893 6 778
4752 0.099065433658346427 0.96309137520833088 2.6172324567447354 237 178 45 0.28270485808789847 12 1052 71 895 6 781 92 746 4 988 60 981
4753 -0.34650682639495711 0.70495929635718368 2.8574752885853938 14 11 10 0.99569460203224713 12 1050 71 896 6 782
4754 -0.19605968524676171 0.85738692371996417 3.029167292091397 116 100 102 0.81435355162664391 73 904 71 905 18 978 57 1031
4755 0.55423267657602904 1.1910931911378371 2.7973406668094452 129 116 121 0.67380663343624392 67 1066 71 911 6 824
4757 0.62408089076939144 0.67991427681946404 1.8231211621044079 255 198 54 0.66126051229776961 12 1017 71 921 6 732 92 720
4758 0.62408089076939144 0.67991427681946404 1.8231211621044079 255 198 54 0.66126051229776961 12 1018 71 922 6 733 92 721
4759 0.11763991737562429 1.0786520434388693 2.5610702722331111 152 144 149 0.97291858703255307 12 1088 71 941 6 780
4760 -0.12228840351829304 0.79620584974348663 2.8332951876504895 131 119 126 0.39469757478464923 12 1054 71 942 6 815 18 1019 92 795
4761 -0.046177916390714814 1.0930172738763999 1.9658462363195781 1 1 1 0.9110392648961303 67 1155 71 986
4762 0.62109200205753923 1.0264211806112307 1.9646629001940124 101 79 61 1.424184070746924 12 1146 71 996 92 855
4763 -0.1871891375718383 0.85889567615368967 2.9392356752194577 146 137 149 0.67652442462383167 12 1138 71 999 6 880
4764 -0.47466305655688362 0.7741067158169862 3.2554145470764628 235 220 178 0.68306534271073394 12 1153 71 1007 6 891
4766 0.93762964920705794 2.2706693328186871 2.0837848506472532 229 214 178 0.85123073174794295 26 1053 89 1232 41 1068 97 1105 8 1130 16 931 95 1105 61 759 8 943 54 646 59 1088 51 1420 46 1137 22 1143 94 1088 98 792 52 1034 90 750 99 1060 93 1069 13 1489 86 418 38 445 7 461 81 399 63 70 42 938 28 539 88 555 32 568 58 605 19 689 11 716 40 377 28 411 32 417 58 165 73 454 21 1121 83 692
4767 0.9047831704629189 2.3042161356966524 2.0466229631685526 105 70 53 1.0227313971907652 26 1250 89 1366 41 1203 97 1252 8 1286 24 1115 61 1115 54 1011 59 1368 51 1523 46 1310 22 1307 94 1242 98 1026 52 1041 90 759 99 775 13 1498 86 1036 38 1038 7 1049 81 1010 63 950 70 1018 42 996 28 895 32 870 58 904 73 998 67 1093 19 927 11 905 60 1016 32 891 58 929 19 949 84 774 72 966 21 1207 12 1063 83 876 29 1123 57 1002 18 965 37 798 50 981 66 930 62 820 96 960 76 948 85 740
4770 0.49377784574492323 1.1247346621881178 2.2166698411125574 19 9 2 0.25881244986043139 73 361 6 79 92 366
4771 -6.0542633506282231 5.4135101801393466 3.0221482886236761 78 62 60 0.67398157843906203 12 231 71 187 6 141
4772 -6.0542633506282231 5.4135101801393466 3.0221482886236761 78 62 60 0.67398157843906203 12 232 71 188 6 142
4773 -6.2236486164691653 5.4357116787693673 3.2294139391895968 77 61 62 0.70027382703376084 12 249 71 204 6 157
4774 -6.2236486164691653 5.4357116787693673 3.2294139391895968 77 61 62 0.70027382703376084 12 250 71 205 6 158
4776 0.27720463258693245 1.0655885486902947 2.7314324073967251 87 48 3 0.13409510855256387 12 191 71 445 6 378
4777 0.74053558880250803 0.91035550676895394 2.024987636511574 47 37 31 0.46947263994460431 67 675 71 531 6 463
4778 0.62004605738606366 1.2927854721516481 2.3206348470571094 104 58 7 0.52909697534572631 12 454 6 516 92 398
4779 0.13211592291815599 0.85807295334099776 2.5655308292920194 255 231 61 0.26160621946359724 12 1049 6 776 92 741
4781 0.42861944905716703 1.0296379626684704 2.2532804890979081 254 196 54 1.3407704847317412 12 1149 6 878 92 852
4782 -0.47466305655688479 0.77410671581698687 3.2554145470764633 157 112 87 0.68306534271067976 12 1152 71 1006 6 890
4783 0.58901458337366108 1.3098351952242093 2.4115995160945123 249 193 46 1.2339425626549105 100 488 82 488 40 359 58 359 73 393 67 719 19 379 47 188 40 363 11 199 60 510 6 521 12 751 71 578 100 497 92 585
4784 0.62065330282056563 0.97680566352199116 1.3027514657518042 126 134 148 0.59836754384282576 75 5 53 8 80 342 2 367
4785 0.66798743300248953 0.97009085088909153 1.316611995278379 126 134 148 0.63911704630783883 30 629 75 6 53 9 45 516 80 581 56 4 65 858 69 4 1 518 27 204
4786 0.63982071068113233 0.925549648616391 1.5410934729512427 114 83 15 0.88553149839450229 75 18 53 21 45 14
4787 0.63982071068113233 0.925549648616391 1.5410934729512427 114 83 15 0.88553149839450229 75 19 53 22 45 13
4788 -0.46713323457699779 0.57812908771431015 2.4382503576733674 137 107 36 0.13830619544533396 30 112 75 84 53 98 45 383 80 408
4789 -0.65480791667568161 0.91637567987127189 2.2330767694269791 60 54 53 0.29181339720960742 30 467 75 97 53 111 45 567
4790 0.15236146091147487 1.428311898365318 2.0262165145868911 80 92 124 0.17334318220084749 75 101 53 116 45 68 80 76 2 89
4791 -0.74621699777165718 1.0280656917432942 2.5143280628924529 15 17 19 0.25988775069517789 30 500 75 135 53 137 45 414 80 450 2 440 56 427 69 413 27 388
4792 -0.6848386562523483 1.5515852849709926 2.1618317244017216 84 70 18 0.8094194205086902 75 154 53 149
4793 0.10805586689289794 1.7290606545692759 2.322815426207014 64 70 92 0.06470451958804585 75 157 53 153 45 147
4794 -0.64569725375167109 1.3673333739230598 2.4473700850694131 26 29 42 0.21783893996642878 75 419 53 176
4795 0.040926016262816001 1.3761116220443315 2.7353916580427833 26 33 48 0.80288531752894421 12 210 53 185
4796 -0.26482259308840495 1.7560856075256104 2.475818168442093 71 82 81 0.54816971386271984 30 843 53 221 45 596
4797 -0.55828496713399389 1.2194597572961052 2.8662638995027581 59 61 54 0.33766811934990698 30 559 53 225 45 459
4798 -0.82469558210185023 1.0465969170104179 2.9777646567351286 130 130 117 0.31855120098415213 75 229 53 239 45 482 30 584 80 545 2 551 56 238
4799 -0.88519166307038588 1.1657925295787381 2.929971780956329 125 126 114 0.051279587877638588 75 457 53 260 45 493
4800 -0.80646557275111475 1.6556859471556737 2.528274829676056 53 36 29 0.13657163767619718 75 248 53 261 45 300 30 361
4801 -0.89936819203933116 1.6346195465358582 2.5502495255244333 133 90 66 0.010241342948180025 75 255 53 277
4802 -1.0797406828484166 1.4651571110690127 2.7079610267410934 156 153 135 0.44459077300255601 75 479 53 292 45 507 30 619 80 571 2 360 65 671 1 517 27 203 25 183
4803 -1.1172815249066335 1.5006260522146073 2.6598508806454007 66 48 38 0.10637927305031558 75 267 53 293 45 508
4804 0.64579966073212625 1.2467031914667326 1.2020534744787241 135 123 50 0.16288248967598662 75 280 53 302 45 339
4805 0.58891189676625422 0.76012736389269953 1.7942265911587505 82 75 71 0.22491513326366352 75 291 53 321 45 348 80 360
4806 0.77796308193483921 0.97814473777342126 1.7305011865082678 108 55 2 0.21240070561603899 30 409 53 328 45 350 80 363 2 381
4807 -0.63732154980496536 0.70018395768749453 2.002444578565254 112 102 35 0.27046395364530329 30 88 75 313 53 346
4808 -0.36438518217919008 1.1860475323444735 2.1276067499785536 92 57 5 0.30757302545359316 75 368 53 380 45 75
4809 -0.2803168235211933 1.2454216963752462 2.1386551993427401 64 57 41 0.29142636122775922 75 111 53 388 45 79
4811 -0.52734912939675782 1.1796121499857362 2.3978242309799742 90 73 16 0.03557222745601437 75 390 53 406
4812 -0.69607531504919717 0.98083148258193387 2.5319726962885731 133 144 171 0.25573416645630342 75 391 53 408 80 647 45 582 2 644
4813 -0.67023161227527395 1.1723153335381922 2.5009287432006109 78 72 15 0.25480572554824399 34 323 75 578 53 418
4814 -0.569300815212755 1.355268322006393 2.3815691746104921 25 29 41 0.076034601295951548 75 407 53 419
4815 -0.12858481809782221 1.5391844351111252 2.3796860113344795 64 44 5 0.047328599142766131 75 405 53 420
4817 -0.40271395229575552 1.4884839976910706 2.4236598652368779 9 7 8 0.063701974373358866 75 417 53 430
4818 -0.20559242607116043 0.69950393469556638 3.2129238216277209 43 24 15 0.26743093130706236 30 688 53 432 45 435 80 462 2 659 56 316 69 295 27 292
4819 -0.49315209797144349 0.90293736329468621 3.1217500123520079 132 129 115 0.14547583176450132 75 436 53 442
4820 -0.29004382079730512 1.8651832259522552 2.3675403328845399 29 20 17 0.054402622577294335 75 602 53 444
4821 -0.67019541081415634 1.1093680034286395 2.915623699801059 115 114 103 0.38949831439192018 75 444 53 452 80 682 30 723 2 682
4822 0.73733616310561367 0.83874129171861789 1.339901686013504 154 138 54 0.9846961889102962 75 481 53 499 80 579
4823 0.65225097612356109 0.90092737138630463 1.2986883694257643 152 135 53 0.87299602237132889 75 482 53 500 45 639
4825 0.51390410961184341 1.0397347914102189 1.4751497040012274 6 9 12 0.8488721497321321 30 784 75 487 53 509 45 647 80 733 2 802 56 483 69 460 27 444
4827 0.83281308520014419 1.4780953545523074 1.413382747640114 1 0 0 0.0077745818039895165 75 499 53 521
4828 -0.28216965353801787 0.81561831329924339 1.8814967675448757 76 38 3 0.20319833456772016 75 307 53 523 45 535
4829 -0.44956796659069254 0.63061111164180406 2.412477984476908 32 29 29 0.15880476455413423 75 539 53 549 45 385
4832 -0.73782457377531674 1.5960265103670215 2.5337942663800632 72 83 83 1.8885214904483547 75 453 53 599 45 609
4834 -0.51922268448316033 0.44259817905988696 2.0792804660416104 192 147 33 2.0251071671116767 75 631 53 624 45 749 10 1082 77 840
4835 0.75431527312411562 1.323223912092981 1.4813757097074327 107 69 9 0.77263370063627612 75 629 53 625 45 524 80 592
4836 0.72562980717267689 0.91030149477381395 1.8810098144218053 1 1 0 0.3245009072461022 75 713 53 628 45 657
4837 -0.12608901126683064 1.0177632314666623 2.1775416729226365 11 8 5 0.27390891837525166 75 654 53 639 45 712
4838 -0.46552088117015239 0.64880997508582761 2.7555268993132827 1 1 1 1.324076578922456 30 903 75 562 53 649 45 724 80 812
4839 -0.43955621191758509 1.0916556534125212 3.0056313240589403 99 99 89 2.0908303253502027 75 693 53 673 80 831
4840 0.5825985556429194 1.0861277813233805 1.412583073143898 125 106 42 0.49973233424158198 30 929 53 681 45 696 80 790 2 724
4841 -0.63754040879595175 0.61739268525143653 1.9863321415131585 107 91 23 0.61899997763015091 75 714 53 690 45 750 80 844 30 884
4842 1.4751851298026337 1.8688457924887125 2.328631110422192 0 0 0 1.4107638602028887 75 797 53 713
4843 -0.69807433338891545 1.036340997579533 2.4363296176702178 112 102 32 0.66722821041792191 75 676 53 714 45 725 30 905 80 815 2 860
4844 -0.24675237262849167 1.4776966059514549 2.3662799301621562 78 61 14 0.069757279085888482 75 736 53 718
4845 -0.29437659086617746 0.71153435774550511 3.2232605991610526 59 41 33 0.3023414856104199 75 739 53 721 45 771 80 878 2 888 69 586 27 576
4846 -0.17437813607277697 1.9085443514417832 2.3867803532326168 39 30 27 0.0017569078934708015 75 742 53 726
4847 0.27433545429844503 0.92615764959131996 1.9901356464862985 132 85 14 0.54862927557160279 75 752 53 734
4848 0.031460157549772556 1.6400544682796854 2.188685090977478 40 48 68 0.090120077416814354 75 759 53 744
4849 0.99470517909198641 2.3163685964233807 2.0243629340305902 201 186 152 0.27888037219679734 75 800 53 746
4850 1.0605863853268225 0.64479273566414752 1.5308217253524921 137 118 41 1.2696202779204175 30 1003 75 774 53 756 45 773 80 863 2 892 69 589 56 616 27 582
4851 -0.6548948337808187 1.4446055810396317 2.5477714642717517 47 53 67 1.9523348103570808 30 981 34 1195 53 776 45 807
4852 -0.41483460995477245 0.55356952205015919 2.3891382385554341 115 89 24 0.77298248868034969 75 830 53 795 45 812
4854 0.65892061388091161 1.4140812434909855 1.5690230877087177 0 0 0 2.1175217046892545 30 1024 75 854 53 817 45 822 80 908 2 918
4855 -0.44852617171774462 0.61262683798077622 3.0343831138019639 0 0 0 1.8091402170683981 75 849 53 818 45 829
4856 -0.87798133499677011 1.6321995294198777 2.5420966259449083 55 39 33 0.20357279642293194 52 600 39 516 33 509 90 539 75 252 53 272 59 569 46 504 22 603 94 590 98 592
4857 1.0908415978022796 0.59719262628985492 1.5255633554275734 162 140 50 0.7902930036278234 39 0 75 268 12 1098 53 294 39 1046 33 1056 30 621 98 598 34 968 45 510 80 577 80 718 56 368 69 345 27 327
4858 -0.82310909634869378 1.104989746497302 2.9615090003121005 81 83 76 1.6156369039618557 30 744 75 613 53 601 68 1163 46 1339 22 1335 94 1270 98 1200 39 1036 33 950 34 1061 86 787 38 881 7 907 81 847 55 863 9 882 63 1035 23 1034 45 616 80 706 2 708 56 365 69 343 1 514 27 325
4859 -0.47740162807290432 1.4580622346249765 2.4602176465259475 51 61 84 0.022082148589791663 75 741 53 720
4860 0.88493980679527706 0.83493855349200496 1.3711599174203344 125 104 27 0.081324322118553741 30 390 45 0 80 0
4861 0.68040719398842309 1.0346920160647666 1.2654096512897821 154 135 53 0.45966064186487621 30 394 45 2 80 343 2 368
4862 0.8511797055975503 0.6938693563446714 1.5402654007071102 39 43 53 0.08679399992261963 30 392 45 4 80 344 2 369
4863 0.85087115418322379 0.69350997647590396 1.5405760906134431 39 43 53 0.15468799059620705 30 393 45 5 80 345 2 370 56 7 69 7 1 391 27 4 25 1 14 0
4864 0.66537275523495953 0.70964713013287961 1.891521701413716 134 142 165 0.06249031216730503 30 22 45 24 80 362
4865 0.70373080586813674 1.3291896332411706 1.4313577378923688 94 64 10 0.38273226339180649 30 24 45 26 80 23
4866 0.73944114394825244 0.97198903697563277 1.8420704262200485 155 130 47 0.043030185457008152 30 39 45 40 80 369
4867 -0.54151454673750732 0.65023141657306094 1.9409471856825411 114 87 18 0.12299189009574747 30 421 45 42 80 382 2 395
4868 -0.53054965776578145 0.45938963414334244 2.1140259409256559 99 61 10 0.18946664903706525 53 50 45 45
4869 0.27040935182878362 1.0635992145457338 1.9031451677751059 134 84 12 0.28341006214805448 30 75 45 52 80 46
4870 0.13941732456583641 1.2311299143464189 1.8627579862166539 67 62 40 0.10731897505870007 30 84 45 58 80 56
4871 -0.25894191023484331 0.77798656843260505 2.4186675867638301 145 104 21 0.25402617848413966 30 117 45 70 80 89 56 283 69 83
4872 -0.61138012807512898 0.8811683779702012 2.4383254582923768 164 134 37 0.27193078558210054 30 188 45 91 80 125
4873 0.32211263657732153 1.8535669447809842 2.2216444305254943 4 4 4 0.03804373071745433 45 125 80 135
4874 -0.79294314138341215 1.3534437446757603 2.4546704418907201 16 18 21 0.056241625855422507 30 276 45 181 80 198
4875 -0.2323371724562219 0.77022529618523139 3.2061270012011498 39 23 14 0.19374009968012443 30 514 45 182 2 470
4876 -0.49057632595637118 1.3844402964693616 2.5957684164561781 59 67 91 1.3964300599024635 34 341 45 185
4877 -0.36789825526284969 0.58144568368066329 3.310221488994936 65 43 32 0.36593175833073516 30 249 45 188 80 208 2 235 56 196
4878 -0.31156759708305393 0.72420468592031106 3.2380955858529297 39 29 25 0.51414977795806527 30 517 45 192 80 480 2 664 56 335 69 310 1 616 65 811 27 410
4879 -0.34486974077298371 0.83185982116815749 3.1689144467243504 105 103 87 0.12537634234704312 30 523 45 198 2 486
4880 -0.34650160254952872 1.0330253606125404 3.0257247771138851 52 46 39 0.25727271781741567 30 266 45 209 80 216
4881 -0.41987803057374984 0.87155621242474601 3.1460162189528083 77 75 63 0.15402712552190445 30 537 45 220 80 493 2 495 56 213
4882 -0.49847232220729448 0.55071358840143514 3.37305339294713 64 45 36 0.19574874299191528 30 282 45 225 80 251 2 520 69 336 27 321
4883 -0.49126757392611797 1.2185439123535138 2.8471167567127518 53 47 37 0.24007479797594669 30 296 45 227 80 232 2 244
4884 -0.49126757392611797 1.2185439123535138 2.8471167567127518 53 47 37 0.24007479797594669 30 297 45 228 80 233 2 245
4885 -0.5081352608787294 0.74072520360433569 3.2202916935418608 235 220 184 0.35319095959292951 30 543 45 231 80 503 2 514 56 351 69 328
4886 -0.55532010373787577 0.64446479763094311 3.3076390088918877 228 216 180 0.40681222843658327 30 305 45 244 80 266 2 528 27 425 56 360 69 337
4887 -0.72379707341183341 1.6704047817800558 2.4677385044362699 107 74 56 0.22009846478898823 30 578 45 271 80 268 80 521 2 511
4888 -0.68611192889235206 0.85191117131964011 3.1595634257421628 198 188 159 0.08271746291355675 30 334 45 276 80 291 2 545
4889 -0.73739794313851148 1.6462067133391804 2.5004483909227146 108 74 54 0.050563626746006042 30 347 45 279 80 277 2 277
4891 -0.78432483670610964 1.0316245256467198 2.9865103227524439 82 83 75 0.13181853688088638 30 345 45 286 80 295 2 310
4892 -0.99902284471577663 1.5877709759278675 2.5732477042926587 51 34 27 0.084828760107402812 30 384 45 324
4893 0.67891613717800914 0.95851493154058454 1.3507275399753096 4 2 2 0.1886054320958043 30 395 45 334 80 347
4894 0.67891613717800914 0.95851493154058454 1.3507275399753096 4 2 2 0.1886054320958043 30 396 45 335 80 348
4895 0.61466999978618564 1.0099571775731975 1.3746773220756026 99 117 154 0.26054886303890967 75 279 45 338 2 577 56 245 69 225 1 395 27 206 25 190 14 197
4896 0.41335416714066942 1.0171965925716542 1.5812833218552726 119 135 171 0.1503055221591843 30 408 45 349 80 586 2 584
4898 -0.47338988260130638 0.4645610204554525 2.2838231019045092 138 118 35 0.25301851156154725 30 432 45 374 80 610
4899 -0.41827663561537087 0.52163401894151795 2.4437311875344654 157 167 194 0.1149615301768681 30 657 45 380 80 613 2 612
4900 -0.15256970492055447 1.1143976301337564 2.0988619021382058 71 78 96 0.29008805461209952 30 448 75 349 45 382 80 71 2 84
4901 -0.47276265216653462 0.64609314419120856 2.4414980436306255 124 94 20 0.14998326028123027 75 354 45 387 80 90 2 100
4902 -0.30561323798665097 0.76649351269796284 2.5244197106637243 63 52 49 0.518326321777969 30 668 45 391 80 625 2 620
4903 -0.49765383525885398 0.76898480804221936 2.7314230615756978 51 50 46 0.16304007580252167 30 212 45 405 80 642 2 640
4904 -0.69823110625559459 0.94658464473317583 2.5608341436422171 36 41 56 0.17528002906179502 30 488 45 406 80 649 2 645
4905 -0.71881835303110408 0.99760116274492439 2.5128626115255854 96 112 144 0.26262506024208404 30 682 45 408 80 445
4906 -0.72766680287614416 0.99723312054471025 2.5090381243151523 96 112 144 0.27076619080442721 30 683 45 409 80 446 2 647
4907 0.042711802429813206 2.0082921794990352 2.208084875143097 29 19 16 0.19975286700702136 30 497 45 431 80 449
4908 -0.27973812136006909 0.86152555613359549 3.146338867738848 92 90 76 0.27079602298968403 30 518 45 443 80 478 2 476 56 325 69 304 27 301
4909 -0.57372158836058795 1.3100932096425784 2.8091593271670203 78 83 77 0.079243760320918552 30 565 45 462 80 519 2 516
4911 -0.62835795914259984 0.941533830159896 3.0799869437157539 129 126 114 0.35709674669363356 30 721 45 464 80 525 2 531
4912 -0.8184085829136305 1.0458884951849523 2.9827116668267308 129 128 115 0.096247027287558684 30 583 53 238 45 481
4913 -0.84549860236907615 1.6266326578556869 2.5346482741070893 125 85 62 0.091230906921564436 30 749 45 486 80 543
4914 0.78782486446630218 0.78510657398170702 1.4879953507233938 5 5 8 0.36354876113345463 30 628 45 518 80 582 2 573 65 688 56 244 69 352 1 519 27 332 25 290 14 342
4915 0.87349838792713175 0.74454891670463819 1.6701190639484595 149 130 50 0.5636752827498881 30 630 45 520 80 731 2 798
4916 0.76785825651517159 1.3806196593665172 1.4443789375538802 105 72 14 0.17734725795943088 30 412 45 527 80 593 2 587
4917 0.60936757096777461 1.2891606311935815 1.5668441440711856 71 76 95 0.17675423035752191 30 640 34 987 45 530
4918 0.2064638918814328 1.2165530449497728 1.8109188181178655 94 88 24 0.36777823136449822 30 645 45 541 80 606
4919 -0.31609786309297694 0.93791858856203325 1.9366871137293318 87 103 137 0.38938686271569106 30 650 45 543 80 608 2 403 27 52
4920 -0.64985553937478158 0.88445133337007464 2.334158511484409 134 104 26 0.22210803082861999 30 673 45 571 69 396 56 414 27 244 1 430
4921 -0.51253841868025729 0.76160681434682664 2.6775426536932425 97 90 27 0.12343562978883116 30 481 45 577 80 637
4922 -0.66844702518823185 1.0496031977777656 2.6132081951447232 96 86 22 0.73902911730483756 30 508 45 590 80 655 2 652
4923 -0.13036029921560841 0.67346724393311441 3.2477095994012175 157 111 85 0.82104659711658612 30 833 45 592 80 781 2 830 69 535 56 566 27 557 1 788
4924 -0.6516273224453234 1.1492302608041505 2.6879519097125759 56 45 33 2.0891022807583037 30 703 45 594 80 476 2 660
4925 -0.3076661584121661 1.0298402000346376 3.0111949902575486 69 67 59 0.237987168714587 30 696 45 595 80 662 2 661
4926 -0.56606196576768697 1.1662093121256554 2.8894070269182448 91 94 86 0.272213910129808 30 848 45 605 80 674 2 774
4927 -0.85090346898124702 1.1781369726851021 2.9106022351044478 122 124 114 0.030045577716524118 30 747 45 617 80 708
4928 -0.84341825805155046 1.5598368067808028 2.6150321156065828 34 24 19 0.13181236329640611 30 752 45 619 80 701 2 702
4929 1.0413183324842095 0.64731565022267679 1.4854330110706233 153 135 53 0.10381274313562698 30 765 45 635 80 720 56 467
4930 0.84699234045085348 0.70360006017433463 1.5611430237710615 34 36 41 0.47503737507507515 30 770 45 643 2 796 56 473 69 456 27 438 1 625 25 354 14 517
4931 0.83755519491646457 0.9475727680794952 1.5151922594723188 134 111 44 0.45164085580361113 30 779 45 645 80 730 2 799 56 481 69 459 1 708 27 495
4932 0.35181111186944447 1.0588265048013525 1.5051450284580548 238 204 71 0.13833555137108658 30 873 45 648 80 791 2 805
4933 0.69615592061995646 1.2442892314639689 1.4532268413210772 94 66 10 0.23581552806153466 30 636 45 649 80 585 2 583
4934 0.28227976406172606 1.1994158434024733 1.7335084076909624 158 121 38 1.6302205412802275 30 883 34 992 45 659 80 793
4935 0.85864365460216097 2.2967207744272571 2.0527889674776114 92 64 53 0.19945433149888181 30 901 45 675 80 766
4936 -0.65710670466747645 0.95359811319220233 2.4966241112778609 105 95 28 0.43068071623120641 30 826 45 676 80 768 2 765 56 512 69 481 1 569 27 468 25 326
4937 -0.80234769116577331 1.1250022086416063 2.4579988979386376 55 65 87 0.12678638460310607 30 836 45 681 80 777
4938 -0.56048965392581829 0.83126936989617473 2.6934405297890391 100 93 27 0.65086292044031513 30 829 45 726 80 817 2 862
4939 0.92040037423573884 0.69918299084922453 1.6708880895847404 146 124 49 1.5366151636991587 30 959 45 745 80 864 2 893
4940 0.61889976722525286 1.2632642552972309 1.2863939615448523 129 118 49 0.23560859830208294 53 683 45 747 2 801
4941 0.17694564591543366 1.1566302631831102 1.8329790946755919 203 175 62 0.21968832317155931 30 939 45 751 80 846 2 848
4942 -0.44070990156418371 0.56983835181805254 2.5292846325791176 0 0 0 0.64672808503907453 30 951 45 757 80 808
4943 0.73281758338960468 0.96744819624947875 1.8400188198408591 156 129 46 0.23518047338125747 30 961 45 778 80 866
4944 -0.4761858272515731 0.61212258478676573 2.4744329443233202 123 0 0 0.16276329524143643 30 968 45 786 80 871
4945 0.54966702237490195 1.0995230695968712 1.7870793728982937 0 0 0 1.2446926474540778 30 1014 45 808 80 897 2 911
4946 -0.51425216204796198 0.90527340536200351 2.4260604659158553 159 124 34 0.73273997722747941 53 788 45 813 80 894
4947 -0.78475528058547439 1.0919957083185035 2.4267188247739231 93 85 20 0.80595098013024369 30 1019 45 814 80 895 2 909
4948 -0.22541665828178992 0.96451023512405476 3.0350696011741336 0 0 1 1.5759598212474404 30 1021 45 824 80 912 2 914
4949 0.40192843247395804 1.9776985793353414 2.1189560589843723 213 195 156 1.6312547357672684 53 819 45 827 80 915 2 920
4950 0.40192843247395804 1.9776985793353414 2.1189560589843723 213 195 156 1.6312547357672684 53 820 45 828 80 916 2 921
4951 0.22535071411958721 2.2559216333741179 2.1914538057364212 0 0 0 1.2893895552645214 53 821 45 830
4952 -0.81259388960396739 1.6574417855334447 2.5265245245915295 49 35 31 0.27280802025076772 59 567 46 501 22 600 94 587 98 588 52 598 39 509 33 503 45 301 34 782 30 362
4953 -1.140223133298786 1.5533018479864944 2.6338040852462905 54 36 29 0.43802416896304774 34 417 30 620 45 509 75 618 53 605 80 576 2 571 56 367
4954 -0.53827002685860992 0.65712828817075075 2.6198307547181128 53 52 57 0.3105237904246243 34 257 30 476 45 573 75 116 53 394 80 632 2 629
4955 -0.59180907016108375 1.2473277373809806 2.400659626048451 33 36 49 1.31237869055349 34 1239 30 1025 45 823 75 850 53 813 80 905
4956 0.73570870569075952 1.2730885758063528 1.5056530010254316 104 68 12 0.51656322730924809 30 410 45 352 80 31
4957 0.70747905936331323 1.132223306154482 1.3163614363963825 120 103 26 0.39146137984982748 30 398 45 9 80 9
4958 0.37989639386524371 1.0398118539512069 1.5838677591975088 88 80 73 0.077455665590655018 45 20 80 20 2 19
4959 0.67620971993525181 1.3807582462419334 1.3892401383420812 94 65 9 0.069399683802687948 30 26 80 26 2 18
4960 0.75438259951923725 1.4185574275587665 1.4365459099577735 3 2 0 0.16962640768710463 30 36 45 30 80 32 2 24
4961 0.13619737363029477 1.2057012072524762 1.8622088732456503 123 98 22 0.28604047539601857 45 56 80 55 69 60
4962 -0.25285078876659339 0.77147959103309982 2.4408165662147367 22 21 23 0.37326109949307895 45 72 80 92 56 92 69 86
4963 -0.6652487387410202 0.92208881877752014 2.3002872414673114 115 92 25 0.070141542297788878 45 82 80 102 2 122
4964 -0.57774106819840543 0.86291095645424087 2.4473506553697617 132 94 19 0.045976995791977157 30 181 80 120
4965 -0.61138012807512876 0.88116837797020131 2.4383254582923768 164 136 53 0.27193078558212047 30 189 45 92 80 126
4966 0.31626682072031326 1.8284475580901594 2.188075526952673 3 3 4 0.082052309770408102 53 138 80 132 2 133
4967 0.089694645202022888 1.9850689686965473 2.2386895646235812 29 19 15 0.3311736002296945 30 491 80 154 2 159 34 296
4968 -0.041932660952900963 1.8161144230782329 2.4176621335120565 2 3 4 0.054993257788517401 30 241 80 168 2 174
4969 -0.23668897877604025 1.8792278993198495 2.3486561289787256 33 24 23 0.12576919170578149 30 258 80 187 2 189
4970 -0.2707781889361861 0.70221969455513278 3.207582537097875 119 89 74 0.60248778020755689 34 292 80 188 2 215
4971 -0.73258095739199547 1.2573197726670529 2.544955786905736 68 58 11 0.066987460607282737 45 178 80 192 2 205
4972 -0.72291345104874627 1.260264229086959 2.5490713010358315 68 58 11 0.21909120869795559 45 179 80 193 2 206 69 147 56 160 27 134
4973 -0.2066369139698139 0.85197971682829532 3.149565769452122 186 173 141 0.67164750280270857 45 183 80 195 56 188 69 176 27 161
4974 -0.71465715096910842 1.2418015747516031 2.6066882157271838 10 11 8 0.24573520397604734 45 186 80 202 2 219
4975 -0.33791036696221771 0.94959702684108427 3.080087923289816 84 89 82 0.10165754332951212 30 260 80 214 2 234
4976 -0.36950564364422955 0.76149067628924971 3.2235472841325445 115 108 87 0.10528752514793061 30 262 80 221 2 241
4977 -0.3890535124882743 0.81596381894715042 3.1878516334520106 102 98 80 0.13692538668366541 30 270 45 213 80 229
4978 -0.46603484372021947 0.78745889954019777 3.2001835552675399 100 97 82 0.21964977720108325 30 283 45 224 80 246
4979 -0.53058733711002948 0.63018756697620237 3.3155121965408876 112 107 89 0.10503092892503006 30 294 80 256 2 281
4980 -0.53058733711002948 0.63018756697620237 3.3155121965408876 112 107 89 0.10503092892503006 30 295 80 257 2 282
4981 -0.62689988103551852 0.92075515500161365 3.1028641931882279 81 82 73 0.13214697210054324 45 264 80 276 2 534
4982 -0.65886274707585624 0.83667735454189107 3.1670714759724885 101 99 86 0.31885533377631292 45 269 80 282 2 300 65 465
4983 -0.65488765280815442 0.83706102679830874 3.1677496572189372 101 99 86 0.10012346560221853 45 270 80 283 2 301
4984 -0.79015281018065653 1.0306509804134047 2.9838687854782502 80 83 76 0.058026153695343585 45 285 80 294 2 309
4985 -0.84576099638719671 1.6632988531433892 2.5232736539517395 121 82 60 0.15762556443049922 30 591 80 310 2 308
4986 -0.8543774237577404 1.1513606049421845 2.9315074457045518 79 83 79 0.039634210321299629 45 311 80 315 2 332
4987 -0.88116907930953614 1.5758394604608406 2.6078723169363234 162 160 141 0.15033143490533804 30 377 80 320 2 329
4988 -0.83453584589340046 1.6081500239861515 2.7914151328788774 94 92 82 2.4571052559428441 34 412 80 336 2 361
4989 1.0480353048779656 0.6323472780029098 1.5319467474201374 131 102 25 0.22406912204652105 45 331 80 338 2 364 1 383 25 188
4991 0.8751361141262135 0.91623843528387039 1.6656949084765715 107 63 6 0.1381983228361944 30 402 80 358 2 377
4992 0.81340196056365077 0.90678757447152869 1.7556568828168857 151 120 38 0.2452994501954219 45 25 80 361 2 379
4993 0.58541405101837918 0.79116342968921971 1.8520546049814199 137 105 26 0.090297987807718846 45 351 80 364 2 383
4994 -0.46135234654468299 0.42059212938148416 2.2321442119430119 145 121 36 0.29835333235945277 30 80 80 391 2 597 27 358
4995 0.14747413830012113 1.1744610782777916 1.867927290238848 89 48 4 0.13128001274664614 45 372 80 393 2 402
4996 -0.36415506095804051 0.63872444731668543 2.3654645971507366 4 3 1 0.52198784979792057 30 445 80 405
4997 -0.94305251166860937 0.79571401769197192 2.2467386668550922 121 1 0 1.0540972921238949 53 108 2 419
4999 -0.67764168840279893 1.0093161845361922 2.4224532920754416 111 99 30 0.24014561229121814 45 399 80 434 2 149
5000 -0.64434808462671289 0.98855217665632156 2.4869521058633017 97 62 8 0.24542437948119106 30 217 80 437 2 429 69 106 56 117
5002 -0.13293763577141154 1.0901399265540992 2.9857402956695136 86 77 67 0.11062871315042211 45 180 80 465 2 456
5003 -0.22687016465630022 1.0582132607741561 2.9951482596392616 81 73 66 0.073045000732067725 45 441 80 472 2 464
5004 -0.38935136697691131 0.59294690435708441 3.2961705834471688 64 43 32 0.16948840011050201 75 182 80 481 56 331
5005 -0.32016109745237614 0.66865273356922739 3.284555231721713 50 34 23 0.073767127535845564 45 445 80 482 2 485
5006 -0.36311103938427763 1.0036370522002569 3.0439933385849232 82 86 79 0.070051782057555925 30 528 80 486 2 487
5007 -0.39902247964666759 0.64135216934740547 3.2964081277468331 51 35 25 0.16437299868852281 75 424 80 488 2 494 69 192 56 212
5008 -0.50558718433432159 1.1888895044461723 2.8658045547256639 88 89 81 0.14045838540471015 30 707 45 452 80 495 2 669
5009 -0.43763385312365954 0.83080774348815511 3.1757034459362345 178 170 145 0.055146032208248853 30 538 80 497 2 499
5010 -0.50133844404410977 0.80354284617277205 3.1915294632086764 165 159 140 0.13829580662720467 30 550 80 509 2 517
5011 -0.54426648274577527 0.97522527171464057 3.0696513698457504 121 120 107 0.16873447493634042 30 717 80 518 2 679
5012 -0.59576933926829856 0.86809204661669204 3.1429736227613336 89 88 79 0.081663152629817923 45 255 80 524 2 529
5013 -0.68645884026155912 1.6204074145797562 2.5554072790502675 32 21 18 0.16128064512424789 45 281 80 531 2 677
5014 -0.67506626527591307 0.8696875143230639 3.1290018728514597 191 181 154 0.045902579569188195 30 567 80 533 2 539
5015 -0.6282861409608379 1.1967834949111784 2.982929858590655 108 110 101 1.5089475849359359 34 746 2 548 30 577
5016 -0.74526591262057307 1.4640655167800161 2.6919945766144391 61 69 68 0.13201748561025539 45 479 80 539 2 696
5017 -0.77135771372293482 1.6207171990024856 2.5559575956673033 34 25 22 0.073804383706173315 45 484 80 540 2 291
5019 -1.1190906742528257 1.5203777638666862 2.6030673421690422 143 99 75 0.06139414554535421 30 618 80 568 2 568
5020 -1.0761203971346747 1.4938504554279057 2.6666697588678661 173 167 146 0.16618513833112145 45 328 80 570 2 569
5021 -0.50429143483928429 0.51377611037748083 2.1419433981328382 39 35 35 0.26638459873672188 45 539 80 607 2 63
5022 -0.14998270083697332 1.1437434105089264 2.1292553815600193 83 63 30 0.32880752500151283 45 560 80 616 2 408
5023 -0.47413452705059955 0.69791388594540371 2.5568670272536242 117 102 27 0.1347300624312591 30 672 80 628 2 623
5024 -0.48925548611343983 0.62067913553349374 2.7146449849598087 23 23 25 0.64441256330218522 45 396 80 633 2 820
5025 0.58269149446079194 2.1137097565027312 2.2133328619281865 201 181 143 0.18760573852443641 45 412 80 635
5026 -0.5143112780301714 0.76084027853453917 2.6768746396799306 97 90 27 0.083400536090251554 45 576 80 636 2 631
5027 -0.51632775593639157 0.79785130166787832 2.6778579978844239 65 47 6 0.2107312366957749 45 402 80 638 2 637 56 421 65 760 69 407 1 574 27 382
5028 -0.66274097503915141 0.91723083139784445 2.5355557555449142 55 61 77 0.45150301710208618 45 578 80 641 2 638 56 419 69 405
5030 -0.66297651166902061 1.0111136686807058 2.484881168301202 116 99 26 0.20564021453000056 45 581 80 644 2 639
5031 -0.70147362805747693 0.9466193833026223 2.5600004576294153 34 40 53 0.074374267695733368 45 407 80 650 2 646
5032 -0.48825806428554575 0.52178616897150676 3.402037850024676 1 1 0 0.34209869111468766 30 540 80 673 2 775 27 492
5034 -0.68893963772854105 1.387647274198865 2.7604447729014208 98 101 93 0.21992476487852219 30 731 80 687 2 694
5035 -0.74861617315679418 1.5943291922181568 2.5767163476505344 38 25 21 0.039529475359375961 45 477 80 689 2 690
5036 -0.74561974530886488 1.2297039697192342 2.8597251294485058 113 114 104 0.018999851394139265 30 734 80 693 2 699
5037 0.70539494211204012 0.90951230834320718 1.2910807833201239 151 135 52 2.0381661512091536 30 767 80 722 27 429 56 463 69 451
5038 0.76791303321647564 1.0584601022592766 1.1817469593250696 149 135 52 0.150451334058917 30 769 80 724 2 713
5039 -0.45535771092665667 0.50615773277323861 2.3421437921859485 136 115 32 0.31911879144015998 30 800 80 754 2 742 56 496
5040 -0.43617544887075121 0.70278200606076391 2.9236409070751579 15 17 19 0.62442362550963815 45 679 80 774 2 770
5041 -0.55518154505279305 0.74046389770046861 2.8413678713773249 94 109 139 0.56301996205836591 45 678 80 776 2 771
5042 -0.35478272710778896 0.86549866913691964 2.9434343970780272 84 74 45 0.39356859402264005 30 911 80 778 2 827
5043 -0.991118389983078 1.3833057271649511 2.7537747148918421 127 129 120 0.13791974643568131 30 863 80 787 2 790
5044 -0.55150636938119335 1.2067555148595015 2.3216133100176806 100 88 23 0.98405749724007419 45 767 80 813 2 762 30 213
5045 -0.67776168224607147 0.91864998054041791 2.6011216358332141 108 98 30 0.46634153431375563 45 728 80 818 2 822
5046 -0.61091981976193488 0.92251312454471235 2.6287429216727674 108 98 30 0.77658172139646897 30 907 45 729 80 819
5047 -0.81730435296079795 1.0766966491162484 2.4479607831559904 89 104 135 0.065860221652263087 45 730 80 821 2 825
5048 1.0547342879676964 0.64479126143441923 1.5356112272984261 129 108 35 0.88281737734369858 45 772 80 862 2 891 69 588 56 615 27 581
5049 -0.30008135987689932 1.1605591564246389 2.1334736118306687 209 163 40 0.32191831660783726 30 970 80 869 2 878
5050 -0.30008135987689932 1.1605591564246389 2.1334736118306687 209 163 40 0.32191831660783726 30 971 80 870 2 879
5051 -0.49803131423348607 0.61269043343689911 2.4642280208430765 105 0 0 0.28881818543155741 30 969 80 872 2 881
5052 -0.6437688900564198 0.86989356365387327 2.2838887393683276 103 0 0 0.10110776577176682 30 973 80 873 2 882
5053 -0.057262045295551324 1.0938168916334001 2.0159976506111819 146 108 26 0.90121952296508001 30 987 80 882 2 872
5054 -0.42588261604122801 0.82410046105466928 2.881044680132149 59 70 94 0.69320427133276785 45 815 80 888 2 900
5055 -0.28463423410181699 0.50397731606623297 2.0538248645586465 251 222 71 0.41062126094818963 45 800 80 892 2 905
5056 -0.42735051115722844 0.63479030318867358 2.2443663359702142 0 0 0 2.1441367688167023 30 1008 45 818 80 901
5057 -0.65536726302652792 1.1639903746378828 2.2122727400621738 100 89 27 0.46201104028607198 30 1018 80 904
5058 0.70344495407810215 1.1776201958905876 1.1845621418366608 128 111 46 1.5063413685611167 45 820 80 906 2 915 65 1098 56 631 69 602 27 591 1 803
5059 0.67590572764374912 1.1746149702056283 1.1901258749312578 128 111 46 1.2549707011526241 45 821 80 907 2 916 56 632 69 603 27 592
5060 0.61194325022753548 1.0640124198037244 1.3489643618116931 123 103 35 0.74066388980531495 52 21 34 7 30 11 80 351 46 550 22 45 94 42 98 623 59 612 52 925 39 544 33 531 90 10 34 815 56 247 69 227 27 208 25 3
5061 0.58328833524896473 1.030733963533365 1.407990498258429 7 10 15 0.3669615089149324 46 1011 34 818 80 583 75 625 53 506 45 519 2 578 56 378 69 358 27 339
5063 0.15556087260958282 1.8349479523663434 2.2589374080677298 2 2 5 2.6725699836852437 30 216 2 148
5064 -0.76769328993544672 1.1765229781356343 2.4168605440459086 10 10 8 0.46801611036395768 80 452 2 165 56 134 69 124
5065 -0.56747303565072882 0.86615689748849722 2.7396599456077451 90 101 130 0.50389053517256543 30 492 2 168 56 146
5066 -0.78611281309120529 1.3514911278075403 2.4786278369203409 47 59 83 0.081393859895176904 80 201 2 216
5067 -0.44663220053445518 0.57484342560481183 3.3172791781660438 61 38 29 0.31436982496609051 80 224 2 249 56 211 69 191 27 175 1 294
5068 -0.7879519341692941 0.99785047620572631 3.0149806710609122 138 134 118 0.34380987925058482 80 301 2 319 56 235 1 507 27 195
5069 0.76538695287515335 0.77549946987210827 1.5922200858698554 6 9 13 0.20868557447861419 80 353 2 374 56 380 69 360 27 337
5070 -0.23062433458550952 0.77024476602565883 2.3967555038550166 60 59 70 0.18782474791621995 80 411 2 410 56 86 69 82
5071 -0.56314275196675523 0.73614766892923067 2.6172968170900224 101 56 7 0.71164047873007219 30 480 80 134 2 427
5072 -0.64111806949470262 0.98919066296368163 2.4876491054834542 93 58 7 0.20780801584433836 80 438 2 430 1 120 27 100 56 118 69 107
5073 0.19745026455775053 1.9044662847836347 2.3301219035100846 35 32 25 0.57494576857641233 30 224 2 435 56 152 69 139
5074 -0.26305957493954879 0.88929092880213079 3.0843801038207537 6 5 5 0.39322910967753616 80 470 2 463 1 472 25 345
5075 -0.39398942514122298 1.086031533546008 2.9826295898980688 58 54 47 0.4037846667453267 80 489 2 491 69 308 56 333
5076 -0.56063599644688189 1.2890821497218523 2.8227604899420888 48 48 40 0.16809335430233122 80 511 2 509 56 205 69 188 27 166
5077 -0.60172381685126686 0.82389182357005675 2.4669273550822135 165 133 38 0.18324822744107985 80 431 2 626 56 289 69 266 27 88
5078 -0.53786070903840943 0.66027338111103961 3.2785779926347045 229 216 181 0.48992252373672002 30 705 2 678 56 354 69 330 27 422
5079 -0.56268072189615381 0.71323971577781586 3.2431565599558705 229 216 181 0.5561847760655183 80 513 2 680 56 356 69 333 27 423
5080 -0.61137796923265397 0.76222792606234824 3.2010889105227935 208 197 167 0.16630586415579801 30 716 80 522 2 686 56 456 69 445
5081 -0.6826844995481085 1.0452765929012779 2.9683967667059878 125 122 109 0.24351187015759304 80 526 2 687 56 349
5082 -0.6577223606323479 1.2666861494319166 2.8569925061292811 102 103 95 0.373025978956046 80 686 2 693 56 453
5083 0.68998280374658483 0.92472786257201212 1.3867544539410774 93 97 117 0.54051167137042488 65 965 2 718 1 707 27 441 25 357
5084 0.2335803819708126 1.7372964531087414 2.0837011466885094 40 37 34 0.034289915019944911 80 809 2 755
5085 -0.53220280482836857 0.82213176195708293 2.7622282785272216 62 65 71 0.3278235286642262 80 820 2 824 56 560 69 530 1 742 27 527
5086 -0.53271648735571386 0.60061112478716883 3.361988802396624 102 104 95 0.34206196390438176 30 847 2 838 69 539 1 756
5087 0.44268011729966594 2.3408054223023238 2.1753906891227608 0 0 0 1.41405063781832 30 1029 80 917 2 924 56 639 69 611
5088 -0.54212444110659153 0.76535783485762654 2.5227624395978436 235 193 55 0.65696003901946454 45 86 80 429 2 425 68 719 38 615 7 609 81 280 68 360 38 306 55 261 63 285 23 602 34 622 30 175 65 564 48 555 5 191 74 162 1 435 14 76
5089 -0.7184559749670103 0.90180660193411921 3.1215567466678862 172 165 142 0.12480998194704154 30 575 80 541 2 547 53 234 45 284
5090 0.72938170952192805 0.87417105233254588 1.4207750526866432 10 11 14 0.48796304777784422 34 1070 30 868 45 694 80 788 2 797 23 1043 65 963 48 974 5 866 74 801 35 760 27 437 25 355 14 461
5091 0.19556067414436795 1.9434839764831982 2.3193142955777062 193 180 149 1.5126091838174938 30 679 80 448 2 436 2 821 51 1527 46 1323 22 1320 94 1255 90 964 99 1177 84 1158 93 1179 13 1539 34 1112 38 762 70 658 33 1099 10 869 56 564 69 533
5092 -0.49105703908060072 0.74873647801376775 1.917516478260467 87 52 9 2.3650792679753909 16 7 26 296 72 1
5093 1.1759132996702744 1.2784682693816187 2.7814014550886519 25 13 9 0.23541107440086875 95 233 72 208 21 198 37 167
5094 1.3340946620127343 1.3444490418735062 2.733956006399568 41 21 15 0.17426928970205982 95 250 72 221 21 217
5095 1.5263035636274203 1.4409154836477271 2.6914739614143728 58 39 30 0.24590057367528786 26 253 72 236 96 260 76 228 85 458
5096 -0.25232140125125141 0.77454971484135438 1.8550249432564179 115 76 13 0.22047686909223996 95 314 72 248 29 58
5097 -0.25232140125125141 0.77454971484135438 1.8550249432564179 115 76 13 0.22047686909223996 95 315 72 249 29 59
5098 -0.18688397905564083 0.92560780777334273 1.9164894510190809 254 231 64 0.085371043951140382 95 320 72 257 21 404
5099 -0.28429805837614502 1.7387013402792562 2.500834422454413 71 81 83 0.34536887299331287 95 604 72 322 21 775
5101 1.1501455168612313 1.2903530518740149 2.7761698329249027 103 72 60 0.26221464118231957 95 469 72 354 37 283
5102 1.1200154548611647 1.3575886880866277 2.7640786629037164 224 209 173 0.18177172762796154 95 473 72 357 96 494
5103 1.1827986228155514 1.3863222941677875 2.7426164745249411 212 199 165 0.12699207529524911 95 479 72 361 21 549 29 572
5104 1.2914761494605336 1.3722515348811557 2.7108561416677559 150 99 71 0.26666521948779637 95 485 72 365 37 176 96 496 85 573
5105 1.2663016963581974 1.3935514060350462 2.7331777309218999 52 31 20 0.381211697346937 95 486 72 367 37 175 96 500
5106 1.3443553575157094 1.3732363106832508 2.7230318505099498 106 73 60 0.22380222500774336 95 489 72 368 21 220 37 288
5107 0.99829222105153848 0.8150989258289949 1.7122352171894977 255 218 71 0.50843663418692775 95 561 72 422 21 407 29 641 37 517 96 537 85 491
5108 0.54635701496610356 1.7701735117357777 2.4709909121850613 239 214 164 0.13217025191430093 95 846 72 513 21 836 29 715
5109 1.2449240184195645 1.4124041847846698 2.7291907514549889 211 198 164 0.2918736586885467 95 488 72 553 21 563 29 580 96 615
5110 1.0355630424651971 1.977562441569424 2.30759463825121 226 212 175 0.11877325056481888 95 508 72 582
5111 1.7219432923180416 1.5467314565200956 2.6165627807322558 227 213 179 0.22354411259679005 95 507 72 589 21 624 29 608 37 489 96 626 76 602
5112 1.0101483132157145 0.91195360559063121 1.7248731242015223 255 239 77 0.44962096578123933 95 780 72 622 21 712
5113 -0.051766348589020024 1.8951829187159865 2.3588199829075727 58 41 35 0.16215409002607678 95 826 72 641 21 1071 29 934
5114 0.2632422721456123 1.9101415554197776 2.3660787596724768 193 177 142 0.37747674633379441 95 654 72 651 96 678 76 648
5117 1.1753232900102561 1.4413599246842024 2.7120497132598635 227 211 173 0.93770408303426145 95 839 72 657 37 558
5119 1.2294478053056068 1.4672208776638926 2.6946462846264985 240 220 176 0.14391573686009299 95 848 72 665 83 699 37 574
5120 1.4587560009198701 1.3555239593599107 2.7308609354148681 161 104 73 0.59657623385067526 95 847 72 676 21 807 13 807
5121 1.1208064371180233 1.8628437729570975 2.3662200575024714 251 228 179 0.12546010139015956 95 934 72 734 21 911 37 588
5123 1.306297017119894 2.0879229149053002 2.2345717483109735 245 224 177 0.12627742785661827 95 1002 72 817 29 1002 37 679
5124 1.3936775847253633 1.3172544093012304 2.7409889433315509 160 101 69 0.24566070786828778 95 1081 72 888 21 1067 49 948 29 1073 96 938 76 920 85 718
5125 -0.75173228391036584 0.84820979921444717 2.1563608751428589 0 0 0 1.3143253284226677 26 1281 72 1006 29 1177
5127 0.84790603975842493 1.1303788448136536 2.9169180959358028 53 34 29 0.33723371900204385 72 172 21 170 29 266 37 134 96 200 76 168
5128 1.518952045969354 1.4163681736703033 2.692506337877997 152 103 78 0.19683330401437601 26 251 21 232 29 317 96 255 76 221
5129 1.4014773374305625 1.5190912809899244 2.6321560997675757 115 102 78 0.077250849739437633 95 270 21 239
5130 1.4014773374305625 1.5190912809899244 2.6321560997675757 115 102 78 0.077250849739437633 95 271 21 240
5131 -0.42000356481643508 0.52138115277745301 1.874078859949009 1 1 0 1.4667977402153825 13 1281 21 383
5132 -0.21577064372770008 0.80578057740854114 1.8422766795572041 254 231 60 0.2081504242210627 95 316 21 398 29 74
5133 0.78341909839799839 1.2498648903167957 1.0252395966746866 218 126 19 0.19992764141238717 89 873 21 411
5134 1.1794336025388303 1.2184901831943491 2.8063853601582185 151 101 77 0.26632387149109948 72 499 21 503 29 525 37 542
5135 1.3069004907231476 1.3161428869844085 2.7143641022020844 42 21 12 0.081655046510128768 13 198 21 529 10 134 49 197 3 144 29 559
5136 1.2776951083320778 1.3261054106680523 2.716794643328484 149 102 77 0.32141935909211533 51 158 21 532 29 304 96 495 76 466
5137 0.18951473585598352 1.9618253308353897 2.3285505787914502 192 172 133 0.18358088432847164 13 686 21 603 29 711
5139 1.1416087093851119 0.74120917488963023 1.6513243767765344 200 118 11 0.33456240107117746 95 341 21 686 10 754 49 847 3 601
5140 0.81341038895725681 1.3645843614582331 1.1732458195039628 114 91 23 0.18572094154882587 95 595 21 732 29 649
5141 1.1550858151135899 1.3470042284270121 2.7639066754863708 50 30 19 0.26893648512723628 95 828 21 794 29 704
5142 0.47896777222873982 1.742108275564229 2.4943357598344651 221 200 155 0.37222007269341811 95 838 21 820 49 972 10 636 3 495 29 705
5143 0.95529480170501024 0.93191670815823202 1.6796317406509387 255 241 65 0.21061166016041319 72 857 21 1012 29 1032
5144 -0.76033512152115557 1.0606833562916225 2.4236021871759044 1 1 0 0.28199598758629246 95 545 21 1021 29 903
5145 -0.11338782952784986 1.1953306201735807 2.0891346374822879 247 205 57 0.45278003127269795 41 1117 21 1028 97 1160
5146 0.80317790677724821 1.7354774288595485 2.4639670841502612 247 221 171 0.24731419489466153 72 887 21 1078 29 946 37 731
5147 0.84114939008029688 0.68265511815568081 1.5169243782399962 1 1 1 0.30060575533785178 72 909 21 1143 49 844
5148 0.82497277826686921 2.218413304016817 2.1315830313666004 245 219 169 0.10121412925829161 95 1144 21 1204 49 1036
5149 -0.25240779196559404 0.53961352934029216 1.9144879285436249 253 226 65 0.14078718401203297 51 1565 21 1212
5150 -0.66757660517458606 0.71015292996652679 1.9748561938493718 0 0 0 0.55228898183313857 41 1164 97 1207 21 1216 29 1025
5151 -0.79255257271267332 1.1142800577971348 2.4377923526706384 58 63 77 0.38264364485474767 95 1118 21 1226 29 1051
5152 -0.3145914397295646 0.46781323819484394 1.8392840809915527 0 0 0 1.7186783881688319 13 1620 21 1304 22 1491 94 1420 34 1236 57 1144
5154 1.4293413976574516 1.4810158010756787 2.6644350711384441 232 217 181 0.77816567998146557 51 1056 52 697 90 643 99 674 84 650 93 661 13 1078 77 114 21 1191 26 1131 16 1023 95 1084 72 890 10 583 49 956 3 203 29 1074 37 734 96 939 76 921 85 688
5155 -0.71431773141709543 1.6893076754980729 2.4497578898970001 30 20 18 0.17449323762075966 30 729 45 610 80 680 2 500 75 611 53 597
5156 -0.62151245779063236 0.71653445027219076 1.9901274182374808 27 23 25 0.27386593635623974 77 274 10 29 49 26 3 32 20 423
5157 -0.64200535534979775 1.00590225176111 2.2834633074012451 106 95 30 0.55073569295067026 21 76 77 331 10 76
5158 -0.1409738206533413 1.1998557661478544 2.0875243101355494 252 212 54 0.15917342674382914 77 69 10 82 49 112
5159 -0.61828161955724947 1.320516638976531 2.411118438895691 25 28 36 0.10047741039729537 77 353 43 270 3 108 64 275 10 113 20 291
5160 -0.29955081151134244 1.4539981348487092 2.4486539966717067 55 32 2 0.21459429999603472 77 384 10 131 3 126 43 294 64 451
5161 0.97788822988955815 1.2656521890917722 2.8359702442204875 60 39 25 0.35543689589965116 21 505 10 138 49 195 29 520
5162 0.55659634111300427 1.5807345976293894 2.3650769786518384 132 96 21 0.16060221463586721 84 146 10 149 20 102
5163 0.18122948504157049 1.6834938938292876 2.1938254173682856 38 39 50 0.11891375109288477 93 215 10 151
5165 0.2462984183268529 1.7961517696143159 2.2695728257756298 62 68 89 0.20667158886024975 77 171 10 245 43 162
5166 1.0728860065668537 2.4664727069760755 1.9380180809900884 109 81 71 0.20690122042801509 77 262 10 436 49 841
5167 -0.65488081719534263 1.0257442518990392 2.2969082240052847 30 30 36 0.15009984469591695 77 541 10 499 49 566 3 388 43 249 64 256
5168 -0.73061746118531368 1.0439650882038067 2.3588652989959731 2 2 1 1.0744719784379408 21 425 10 505 49 105 3 657 43 78 64 417 29 425
5171 -0.23710204846403901 1.4812293216374466 2.4279378271160579 57 34 3 0.19093607838759744 77 388 10 559 64 452
5172 -0.67990232961569097 1.4863037826110288 2.4968014506805978 4 4 5 0.15227998655746916 13 869 10 568
5173 -0.29706646067894676 1.7349734290648462 2.44493619527247 0 0 0 0.89104474219678043 39 940 75 441 53 220
5174 1.4179286595700031 2.0496366616176149 2.2501806829035154 126 113 88 0.34157429895177788 21 671 10 725 49 797 3 558 29 623
5175 1.4190968571533937 2.048940368506674 2.2540191596297277 126 113 88 0.19511067978582108 21 672 10 726 49 798 3 559
5177 0.76852457833623611 1.195867318354991 2.0639569357943048 1 1 1 0.33532143383543261 77 521 10 807 49 903 3 82 64 520
5178 0.77484878045030658 1.238554070442212 2.0659045801388887 157 158 169 0.32948874479099621 77 318 10 811 49 906 3 654
5179 0.23857553770310619 1.3863249295865203 1.9987081853142734 12 10 12 0.068343691188073583 77 544 10 816 49 911 3 658 64 410 43 415
5180 0.49261132151790799 1.5626760424176771 2.3029339167604883 123 96 22 0.36098767191914255 93 165 10 834 49 943
5181 0.53188292680789118 1.5584166237110362 2.3677227751575458 96 44 4 0.26501938410964487 77 569 10 838 49 946
5182 0.61165960956661791 1.6705057334955924 2.5058481316295502 234 209 161 0.19312045004596495 77 585 10 856 49 962 3 480
5184 -0.45686435941487996 1.4446070087533489 2.4854947365880942 57 64 86 0.23283334494271646 77 770 10 976 49 933 20 640 43 529 64 544
5185 0.25522182724568532 1.3587117982387511 1.9553925746871674 121 98 24 0.402870032531569 77 756 10 1022 49 1160
5186 -0.50818903997014375 1.1814186291094289 2.3566239237788755 98 88 25 0.9232840816519623 77 763 10 1026 3 836 20 663 78 595
5187 -0.087662395852342714 1.2736399386905606 2.3209776591657363 8 3 1 0.45507332008397999 77 695 10 1028 49 1094 3 837 43 519 64 534
5188 -0.083156427878763275 1.5873930470744801 2.4097576385188098 86 74 19 0.14939715975834592 77 811 10 1034 3 849
5189 1.2494846209050796 1.0173115803603656 1.6919303335859006 255 232 63 0.63726608897576831 21 1262 10 1050 29 1134
5191 -0.14789498381243482 1.334968188242007 2.347847119452612 107 74 14 0.71088713478475118 77 765 10 1067 49 1200 3 869 20 628 43 617 64 630 78 560
5192 -0.014581096579696279 1.5616751857548834 2.3128094405056987 75 60 15 0.11683836246995566 77 808 10 1069
5193 0.11485267762547435 1.6480303493095598 2.180269754076078 45 50 68 0.13319756948519437 77 833 10 1100 49 1202
5194 0.50622302655236084 1.7094221309824515 2.4260859577891236 91 77 61 1.2053776948769268 77 812 10 1101 49 1215
5195 0.28388872116433095 2.1218709066184109 2.1582007914562538 36 25 22 0.90996763351098031 77 861 10 1114 49 1221 20 708 43 657 64 669 78 630 39 1132
5196 -0.52165985247424029 1.4470781554811214 2.4840717189969537 37 42 58 1.4323870117803581 77 880 10 1126 49 1252 20 728 43 682 64 702
5197 -0.9696696725189865 1.7154124313486865 2.6608301290286422 0 0 0 1.8105731439803754 77 882 93 1328 10 1129 49 1243 78 663
5198 -0.85983165998364719 1.3035314671933733 2.5180872274785728 0 0 0 1.438291548412036 10 1133 49 1260 3 938 43 681 64 701
5199 -0.88828212738075363 1.5226466949562274 2.6170341122565999 126 130 122 2.1290404279518178 77 887 10 1135 49 1262 3 934 43 684 64 704
5200 0.29736435478556439 1.9647967259399886 2.2373671658686169 192 174 137 1.0960511151399748 39 1161 77 869 90 1204 98 1354 20 694 43 632 64 602
5201 -0.34424547490494795 1.4313863831024738 2.4144388403630503 78 64 15 0.82532495989338284 39 1068 33 1092 10 973 90 1064 99 948 84 918 77 807 84 1230 3 842 20 671 43 620 64 632 78 599 75 764
5203 -0.42476065518457384 0.78171198715103229 1.8950832679170346 3 2 0 0.56076832490190431 77 508 49 21
5204 -0.22729569563972332 0.84367412021355404 1.8082610120783495 255 242 71 0.10858390659087126 10 451 49 23 3 28
5205 0.40339469829662683 1.0582010146724325 1.5109494570176261 253 226 62 0.55357739483283996 10 757 49 27 3 606
5206 -0.19683286117700535 0.9668614794213759 1.9292045846337218 95 71 13 0.074837283487029713 10 49 21 63 49 66
5207 -0.58842719824111134 0.94816407984019113 2.2078983275001671 79 55 7 0.25036564758015212 10 61 49 91 3 65
5208 -0.73217824890576177 1.0333275641585167 2.3607689289316975 2 2 1 0.57661381129723754 10 504 49 104 43 77 64 416
5209 0.2497158021809599 1.5092348287142303 2.0323813096249737 89 88 97 0.2403462302848276 10 107 49 149 3 97
5210 0.60363790951157825 1.4420231849621783 2.1377870582352778 3 2 2 0.19409155424231775 10 109 49 153 3 101
5211 -0.52984997147232293 1.4641602405042939 2.5306129165212199 58 68 92 0.1936885129494624 10 570 49 175 3 135 43 153 64 152 78 311
5212 -0.73255559546016691 1.516296482279333 2.6032723529482982 94 102 102 0.15280317688680145 10 188 49 198
5213 1.1157281374214489 1.3603567833141292 2.7579109779264628 226 211 175 0.098391710231620813 13 228 49 216
5214 1.3723196344904751 1.3614592161010048 2.7180415367263273 53 28 19 0.13748782533333198 10 145 21 221 49 218 3 161 29 579
5215 1.3565939239944758 1.4109865075644117 2.7045131321343154 102 70 54 0.22024724716897601 21 226 49 236 29 312
5216 0.14333623460457337 1.7254728141510358 2.2896467732314605 29 33 48 0.15638791975707675 10 208 49 249 3 155
5217 1.5077155836607992 1.4557728116481248 2.6685399652535255 57 33 20 0.34782059023474016 10 168 84 114 49 250
5218 0.20735069805950657 1.759585113402915 2.2633526105060975 31 33 45 0.06248059635549378 10 219 49 259 3 165
5219 0.20735069805950657 1.759585113402915 2.2633526105060975 31 33 45 0.06248059635549378 10 220 49 260 3 166
5220 1.380293535234246 1.5033851063864554 2.6689562155195552 109 100 82 0.35383893986406267 21 594 49 266 29 589
5221 1.7536498619947818 1.5385465784551304 2.6199884993381164 77 47 30 0.36338580298921636 21 625 49 276 3 239 29 609 96 526 76 498 85 464
5222 0.84169035100683065 1.8072460946283586 2.4262957239414957 106 95 75 0.15287628075464096 10 258 21 253 49 313
5223 1.203371990841672 0.76282346303302007 1.6259834305069203 169 100 14 0.32580402203151965 10 441 49 515 3 335
5224 -0.33731936998794032 0.68551754472012494 1.8923219205964135 254 222 54 0.28094808805505123 10 15 49 518
5225 -0.64508568361127905 0.76493205155263821 2.0873932058020737 108 94 28 0.17849430360320714 10 467 49 529
5226 -0.55224580495167941 0.79429219556389241 2.1131690556478686 131 84 18 0.1764938835285538 10 472 49 533 3 367
5227 0.0520977053729961 1.1899443614416783 2.1696502747177679 71 36 2 0.14761625603124559 10 508 49 575 3 395
5228 0.40970491920585528 1.2721000694930655 2.0740515741024708 63 24 0 0.2794372636080627 10 509 49 581 3 391
5229 0.55984067730568343 1.3914516033684701 1.9929032443997212 27 29 38 0.19596164077653672 10 513 21 476 77 333 49 587 3 397 43 413 64 408
5230 0.66609785365951191 1.4279324132661617 2.1186546130595243 147 140 148 0.071961474659786015 10 103 49 595 3 405
5231 -0.7364345469833935 1.3328138998677979 2.5052331196375661 3 3 3 0.60047129476139771 10 542 49 597 43 446 64 448
5232 -0.73832568536112508 1.3582778827680027 2.5637828985825251 3 2 3 0.15681532619467944 10 550 49 601 43 451 64 456
5233 0.45878807733725702 1.543343195398557 2.2975006471787371 67 38 4 0.050334945562581918 10 553 49 614 3 438
5234 -0.66155608451915782 1.4604529566026652 2.6269933345369458 1 2 3 0.20902865937603687 10 845 49 615 3 456
5235 -0.046908863761917829 1.5688759300665587 2.3553475152278218 60 39 4 0.040471354858764685 10 565 49 617
5236 0.17666450985608709 1.7009860344858896 2.2157828002170112 56 67 93 0.14699232982400687 10 578 49 628 3 448
5237 0.5497065234982218 1.5913173164152694 2.5592461452554414 89 68 47 0.29530443918686927 10 589 49 643 3 212
5238 0.41632400562612121 1.724358733413377 2.5087148765899054 186 167 127 0.12513340165900927 10 633 21 569 49 678 29 550
5239 0.38191507484876897 1.7687859279778146 2.4799846024000085 206 185 143 0.15310175584331021 10 649 49 694 3 501
5240 1.0660048469817409 1.9690496433225542 2.3091715505095052 131 116 88 0.075045168614878907 10 707 49 770 3 542
5241 1.1271110006413814 2.508952913364074 1.9253711372835149 36 23 20 0.21729126648056007 10 437 21 382 49 843 3 738
5242 0.3773895252944916 1.1387736104637234 1.5302656316513004 27 28 37 0.054728831773652259 10 765 49 865 3 613
5243 1.4584696367646943 0.99774436503324304 1.6984562887172676 248 224 64 0.40605832031438838 21 1174 49 869
5244 -0.54880508357392754 0.9252543915131265 2.1310797942396698 13 11 14 0.16801716778436515 10 788 49 878 3 637
5245 0.93176175976636844 1.5500209906200126 1.3389901150813275 103 85 23 0.06665415516791752 10 787 49 893 3 758
5246 -0.26130733715094984 1.1922272002839116 2.136820165373492 65 67 83 0.49521604525364893 10 502 49 901 3 88
5247 0.72833816898122694 1.2707640588175151 2.033716506354839 21 14 2 0.22647099575323315 10 812 49 907 3 389
5248 0.25436240024615403 1.483713081559245 1.9993784817512466 92 92 106 0.18012275869902697 10 524 49 919 3 400
5249 0.60270672757255961 1.4540574735784697 2.0180751990321033 6 5 8 0.25581611643852514 10 959 49 921 3 662
5250 0.64159813708454749 1.459212926663511 2.1217436848493425 14 15 18 0.84587951378560344 10 530 21 480 49 923 3 670 29 684 76 427
5251 -0.70027404763618517 1.34588295340173 2.5253525311148226 48 53 72 0.29462288740009729 10 972 49 925 43 582 64 594
5252 0.63649543240532991 1.4919180742238476 2.1415409658139564 152 148 160 0.17512026170074516 10 822 49 926 3 671
5253 0.4904364142254577 1.543978146924506 2.2710554155707632 118 95 22 0.235793514700159 10 827 49 937 3 794
5254 1.454301637304158 1.3759680640669294 2.7161822658617254 153 103 77 0.27580978535662276 10 572 99 894 49 951
5255 1.3100609252490487 1.4007635848236102 2.7173510669148646 78 52 40 0.79338068583212296 51 1326 49 952 3 463
5256 0.88165644239251484 1.8949866696970281 2.3630231839116829 126 114 88 0.21846192649824345 10 865 49 990 3 709
5257 1.1053801215856014 2.4011858085725075 2.0029788484830666 231 217 184 0.085091462579251015 21 1211 29 1086
5258 0.33710442872485574 1.0866237521053701 1.5187766526463091 99 86 25 1.2150991044404444 10 1011 49 1054 3 744 43 555 64 566 20 540
5259 0.3378726898972893 1.098590338047847 1.5133080723320611 99 86 25 0.46797549110348491 10 1010 49 1055 3 743 43 554 64 565
5260 -0.12769560385809123 0.84829266778401158 1.9367336994750635 254 210 57 0.22697714855269313 10 774 49 1059 43 23 64 223
5261 -0.17451739585034248 0.92107816941301091 1.916395695877674 255 240 74 0.1974254007041906 10 779 49 1061 3 627
5262 -0.089126894363724701 1.110671112850959 2.1065902299483015 255 228 59 0.39912119390168982 10 800 49 1080 3 642 43 56 64 59
5263 0.35690914275961677 1.3469194030210954 1.9740751214905643 107 87 24 0.65543944708578006 10 948 49 1089 3 832 43 504
5264 -0.74162098723556535 1.1461365078839287 2.4932403451875573 0 0 1 0.54074964848228457 10 962 21 1027 49 1093 43 523 64 537 29 911
5265 0.53197740626824186 1.481158458780536 2.1504005004274607 111 90 22 0.29438453336761189 10 969 49 1098 3 790
5266 -0.66733350855627416 1.4064095776161589 2.5851911024617933 54 61 82 0.14134635996862513 10 1032 49 1102 43 626 64 635
5267 -0.7073131775070467 1.5442649107301645 2.6404966793992668 79 89 92 0.74022386158584508 10 850 77 723 49 1109
5268 -0.54235190187250559 0.71730499423840333 1.9286213325370585 85 47 4 0.35425704238364886 10 1008 93 1248 49 1137 3 823
5269 -0.24009015319932142 1.263182565411886 2.1195820629534263 53 58 80 0.31639584828072004 10 1063 49 1158 3 833
5270 0.34467126197819919 1.4169073552750131 2.1948149015616951 61 50 38 0.53918025603216868 10 967 49 1166 3 840
5271 1.4005737381148653 2.0228010897234978 2.2696860797700156 147 135 109 0.27344645436523007 10 994 49 1175
5272 0.52638662543212433 2.241218531141409 2.1048563615523777 36 26 23 0.12096420137484701 10 1043 49 1177
5273 0.62639162411983107 1.122956215775563 2.0851782469477436 0 0 0 0.73376694703508472 10 1061 49 1193 3 829
5274 0.34226207583172902 1.3568321210591914 2.1008598675183663 6 4 3 0.44584755503211726 10 1023 49 1197 3 834
5275 0.34226207583172902 1.3568321210591914 2.1008598675183663 6 4 3 0.44584755503211726 10 1024 49 1198 3 835
5276 -0.75804091198148205 1.6209328448676761 2.6163824323236935 44 30 26 2.6198148145410425 10 1074 49 1206 43 590 64 604
5277 1.0448932446208428 2.4461232744693544 1.9615134535041769 40 26 22 0.38100114911170352 10 1080 49 1209 3 883
5278 1.1158364175976765 2.4702142817117054 1.9496743773514145 46 30 24 0.46419974512088186 10 1081 49 1210 3 885
5280 0.34225379321788807 1.7293601156313387 2.3741088753988637 61 60 61 1.3219541426743515 10 1120 49 1244 3 923
5281 1.2856709470667231 1.3790548531519495 1.4590951885717394 0 0 0 1.9006886708007928 10 1089 49 1250
5282 -0.51969551853026152 1.4663747377640994 2.4339245050083576 62 70 95 1.8554672115544737 10 1125 49 1251 3 932
5283 -0.2347671051691087 0.5539159810815103 2.0867484465893016 194 157 42 1.3289989913874976 21 1311 49 1257 3 943
5284 0.38755209124626211 1.9541442960593021 2.2929670934492887 204 188 151 0.8102506877007849 10 1137 99 1322 49 1263 3 925
5285 0.70653496746597 2.2559758874913194 2.0676559745051644 34 21 17 0.30830205946933681 77 493 10 748 49 1037 59 477 51 643 22 458 52 458 99 515 84 780 93 803 13 955 21 668 3 729
5286 0.51284387047934443 1.518596532782166 2.2048635920163298 115 94 23 0.30239512694676607 77 702 10 971 49 1101 52 1150 90 1046 99 1150 84 1131 93 1141 13 1352 3 792 20 585 43 524 64 539 78 503
5288 -0.58593266533064525 1.3424188101465864 2.4048550497691785 58 61 80 0.15017937744257481 77 360 3 113 20 473 43 274 64 280 78 413
5289 -0.017276963009189478 1.6478372040559786 2.3066901972461133 9 8 9 0.065299477981015083 10 162 3 139
5290 0.11240475828441855 1.6852480078941554 2.2745903061206851 25 26 36 0.050835407101583671 10 169 3 140
5291 0.26966392094032565 1.798712819502988 2.2323835821755829 32 29 34 0.020468522591938161 10 236 3 177
5293 -0.6471760732667694 0.69356855435692444 1.96624939719789 110 96 29 0.69514743151535541 49 15 3 344 43 375 64 213
5294 1.4690909556927592 0.98167445184291058 1.7135165686935654 249 227 66 0.18505771427853249 10 31 3 346
5295 -0.39490611782080665 1.2350057974182496 2.3555206440188305 40 17 0 0.39224929293239175 77 85 3 406 20 457 43 429 64 429 78 395
5296 -0.27064413510854712 1.2922341913037936 2.3179627430154834 2 1 3 0.49863686391455236 10 106 77 344 3 411 20 462 43 431 64 431 78 501
5297 0.2364274613363119 1.7874387402100789 2.294882471329394 63 70 90 0.29473641552306079 77 443 3 468 43 325
5298 -0.2149158852673993 1.8828229582278126 2.2437335469365327 3 4 6 1.3722062200528984 77 727 3 481
5299 0.63100222410476281 2.274593599475645 2.0765242014565195 100 68 50 0.30929767857748852 10 908 3 585 20 216 43 203 64 203 78 179
5301 -0.5228003104685629 1.744940303970719 2.4246450746696997 71 49 39 1.1674715497629544 10 1075 3 852 20 644 64 553
5302 0.69233298007468347 1.2246069405795987 2.0490523546945094 179 129 36 1.8874918569446764 49 1196 3 861 20 659 43 612 78 593
5303 -0.48122256621474213 1.253934051795301 2.4095883425193643 3 3 4 1.9124818526441629 10 1119 3 921 64 684
5304 0.24977153032667318 1.5683059248160676 2.1977950633056964 12 9 7 0.86022824122059105 10 1124 3 930
5305 -0.59964080606874937 1.0198957630929617 2.3663920734781088 102 86 24 1.4318703045022259 10 1142 3 937 43 687 64 707 78 666
5306 0.91685800974357545 1.4704669764510696 2.312099099414624 0 0 0 0.080303798765427967 3 946 20 730
5307 -0.85846009313555627 1.0783009204039182 2.4586936730247864 87 103 138 0.11210775173727799 77 83 20 85 43 95
5308 -0.31116124582518151 0.56173486269044692 1.9029613172218411 244 1 1 0.36961350321341824 3 15 20 221 43 207 64 210 78 10
5309 0.51116870463856467 1.4655451544224698 2.1481328276073097 111 91 25 0.34777342263793881 13 244 20 271 43 258 64 268 78 244
5310 0.087389357620674804 1.6514061273189673 2.2578043173206757 34 24 4 0.17415063458655017 77 398 20 301 43 291 64 292
5311 0.087389357620674804 1.6514061273189673 2.2578043173206757 34 24 4 0.17415063458655017 77 399 20 302 43 292 64 293
5312 -0.40063597951954594 1.490972493311544 2.4214182645003683 9 8 9 0.050169919764514126 77 136 20 325 78 288
5314 -0.83143999865808538 1.6518551073589831 2.5348023717490804 119 82 63 0.23120675878272251 77 645 20 395 43 189 64 195 78 338
5315 -0.73593423537048741 0.96374443494559403 2.3651106673010567 110 118 142 0.36259956482380473 77 72 20 440 43 74 64 72
5316 -0.46094560899107501 1.2046387696440428 2.3760302014911971 3 3 3 0.25419795340497575 3 404 20 456 43 428 64 428 78 394
5317 -0.33121923052452601 1.2609519442760562 2.3388158711511826 16 9 5 0.37792037578385451 77 86 20 458 43 430 3 409 64 430 78 396
5318 -0.37354450424781721 1.2702153444753208 2.3620208937988703 76 63 14 0.1432701604047118 3 416 20 465 43 436 64 436 78 400
5319 -0.58689811697492811 1.3444390941628195 2.4020991071249522 57 61 79 0.13677863939557533 77 359 20 472 64 279 78 412
5321 1.0944953700639382 1.9237899605093751 2.3312653244703534 233 217 180 0.3518510995077252 77 601 20 499 64 188 43 343
5322 -0.33155173847951386 0.54159682345600701 1.8974675954370479 211 0 0 0.091938815587691666 3 741 20 538 43 482 64 497
5323 -0.84584460092674352 1.0895160847223 2.4603150582100062 68 85 119 0.22622225467853835 13 1349 20 584 43 518 78 558
5325 -1.0633342048928078 1.5879235556701496 2.5875924100161969 69 47 37 0.13295329166271488 77 728 20 601 78 585
5326 1.1071893627086045 2.477816881798196 1.9465669396125294 36 24 21 0.38138603382569569 77 780 20 605 43 599 64 612
5328 0.61934091840928129 1.5657246997556404 2.3931521098237343 65 64 71 0.35823616396580976 77 832 20 634 43 623
5329 -1.0002093373000618 1.6137743869149106 2.56958531474586 62 42 34 0.25862498359200625 77 729 20 649
5330 0.085239632645369906 0.88263086728113349 1.9914235995762344 17 12 11 0.23550625422480587 99 1244 20 656 78 616
5331 -0.26608285091518169 1.5000984729909435 2.481150066284397 87 75 21 0.19464465609506276 77 810 20 673 43 624
5332 -0.1161811421126194 0.63798405342469122 2.0126683840424668 192 146 36 1.9347834115381295 77 878 20 718 43 678 64 698
5333 0.62559255423064253 1.1186098636923845 1.8186441110305889 104 89 27 1.0047981583553214 77 874 20 721 43 672 64 695 78 662
5334 0.63657192649694305 1.3673586792309946 2.2718567335263478 111 92 24 1.9156429416119549 77 876 20 724 78 661
5335 0.24867344140550823 0.74525380178655065 2.2552044707978607 1 1 1 0.39019849986252453 84 1302 99 1334 20 725
5337 0.57425555921019555 1.427307044814647 2.0233285338301599 113 93 24 0.41574337321280991 39 859 33 117 20 574 99 881 84 854 77 689 10 954 49 918 3 660 43 511 64 526 78 491
5338 1.3912272163543897 1.5056395226793235 2.6572159834153939 106 94 73 1.0350857985430546 52 119 90 119 84 658 20 118 51 824 94 183 52 116 39 173 33 145 90 118 99 680 84 124 93 666 13 828 78 109
5339 -0.31609312866214717 0.83872484762602195 1.8668726079694511 1 1 0 0.35727374468961859 20 17 43 9 64 214
5340 0.64872808124999493 0.86331678115344579 1.8510231844245726 124 90 19 0.16400011613877752 77 18 43 10 64 17
5341 -0.43142604676414931 0.77754551109047565 2.0194050998456849 249 186 48 1.1904807980030048 77 27 43 26 64 29
5342 -0.15985737268690287 0.96445261076182653 1.9600747545110273 252 238 75 0.062283852994786192 77 294 43 31 64 231
5343 0.0282101965716108 0.75843950042494579 2.189415340151756 253 250 77 0.065638365121506045 77 36 43 35 64 233
5344 -0.36034276160498091 1.3870271065513666 2.4096710755387556 36 25 2 0.47622281536818889 20 97 43 108 64 112 78 271 39 703
5345 -0.58510935882964965 1.3584840840929955 2.4322198465577638 20 20 20 0.052232058283012653 20 295 43 109 64 111 78 272
5347 -0.5623692656417475 1.4248709381072222 2.5158050304336745 20 17 20 0.071774965547552153 77 145 43 138
5348 -0.91595904949506612 1.59940979636614 2.5385237329068677 126 125 115 0.60676648600278116 10 588 43 181 64 190
5349 -0.27184553128060007 0.99088933015281366 1.9048614133283597 63 72 96 0.094989265626163347 20 234 43 221 64 227
5350 -0.65517301106873982 1.0166669402601383 2.3047612044762329 22 19 24 0.073265627412383003 20 575 43 248 64 255
5351 0.57334063368377886 1.5748469501455544 2.2239203093314459 77 81 97 0.092369942790373916 77 351 43 271 64 277
5352 -0.71010700203943533 1.322091393657282 2.4922340006980717 42 46 61 0.12209073407430819 10 120 43 281 64 284
5355 0.15233239333775922 1.6807670926898797 2.2405921928057611 40 25 4 0.064797569549799636 77 403 43 297 64 295
5356 1.4850341556875795 1.6064030025925513 2.6000446858853716 232 215 174 0.11181483931648618 77 579 43 321 64 328
5357 -0.67385523439123829 1.658732563603224 2.4694209533750198 70 49 40 0.17857854828521194 20 376 43 341 78 177
5358 -0.60047881263963876 1.7591410153910929 2.4029965662675932 36 25 22 0.12026650037849317 20 385 43 352 64 345
5359 -0.5304845353039791 0.7307255638087059 2.0628504145436275 1 0 0 0.47812374972977728 77 278 43 386 64 507
5360 -0.25339565733569486 0.98612253536900285 1.8668344025357022 50 39 35 0.11419881355820155 77 515 43 387 64 376
5362 -0.53456608264332994 0.80740753333576543 2.0801618798399253 2 2 0 0.62673085772279302 77 291 43 391 64 509
5363 0.17952240001647879 1.1408516927945089 2.0357107457366275 2 2 1 1.614099554272552 20 563 43 400 64 56 78 544
5364 0.31162109750406419 1.3333732139968721 1.9687264520447803 79 53 7 0.12535770020795522 20 430 43 407 64 402
5365 0.54667163390987905 1.4148288181891373 2.0595129388010003 70 33 2 0.11894761716790636 20 438 43 419 64 414
5366 -0.20433863690166712 1.3176611548233736 2.2962638437141383 22 10 4 0.36340863506173743 20 459 77 345 43 432 64 432 78 502
5367 0.48736142755909051 1.5018117223856164 2.2508146770008253 71 30 1 0.12672925756212727 20 467 43 439 64 440
5368 -0.52922292472873489 1.3942876668839932 2.4096321492578263 61 67 88 0.24030317904438037 20 475 43 442 78 507
5369 -0.59054056618454565 1.3820697168978253 2.4513845897830611 57 67 91 0.11219123887699514 20 479 43 445 64 447 78 418
5370 -1.0982958845329709 1.5308852729856448 2.6174493725306118 111 70 46 0.22964721260771989 3 693 43 473 64 482
5371 1.0562058337721969 2.4417073176031008 1.9535183849466526 49 33 28 0.18418069886404906 77 660 43 479 64 493
5372 -0.2885481571987768 0.77490237384501459 1.827835385719397 253 221 57 0.97298949949836311 20 542 43 485 64 500
5373 -0.46948562958254569 0.68371237401436735 1.9513497726068187 82 47 5 1.0330817824682417 77 739 43 487 64 571
5374 -0.64277364455581421 0.80290784995701281 2.1359929048428015 103 91 26 0.0062552699985333228 77 677 43 497
5375 -0.69549588377746818 0.9741700292523221 2.3063985976062864 105 93 28 0.070430333361487227 10 943 43 505 64 522
5376 0.28222040887605204 1.4045427878373142 2.0068660983155922 118 94 29 0.44846495945331838 20 573 43 508 64 524
5377 0.55788007808459394 1.4530863032927559 2.0813440788371196 113 93 25 0.32323939020298137 20 577 43 514 64 530 78 496
5378 -0.72870421861982371 1.3855308612569612 2.5930720289576117 3 3 3 0.30960732025979637 10 837 43 533 64 460
5379 -0.87112352281383809 1.6552454907195933 2.5526927882312016 51 34 27 0.12410035877747275 20 603 43 544 64 556 78 527
5380 0.87546904628438416 1.5026024131758144 1.3655409595713772 105 93 26 0.47249582937950774 20 612 43 558 64 616 78 535
5381 -0.19971731350509117 0.92942667525727263 1.909721029778533 159 148 127 0.055619736541879877 77 742 43 559 64 574
5382 -0.028208422448653958 1.272634568854361 2.2239339638341251 84 69 18 1.1305906039848221 20 578 77 693 43 572 64 585
5383 -0.24161737386760199 1.3315939632651095 2.3359382754918121 81 69 16 0.10342170306545401 20 627 43 575 64 589 78 559
5384 -0.2707540241926874 1.4480342136900068 2.4019382869656001 79 63 16 0.250935331468297 3 843 20 635 77 766 43 579 64 591 78 569
5385 -0.20514117983099953 1.4703905419601229 2.3870405007027968 77 60 15 0.20175192032522171 20 636 43 580 64 592 3 844
5386 1.3085060491331448 1.2973797535107923 2.7279629280767304 75 45 30 0.16823491736973936 3 874 43 583 64 595
5388 -0.039650782644048144 1.3339434111284378 2.3505864812984205 79 59 10 1.3627659226185196 20 629 77 801 43 618 64 629
5389 0.25098882126021554 1.7300781928506217 2.1497947083577409 40 44 61 0.86997454346644076 20 669 43 622 64 634 78 566
5390 -0.7981451751525378 1.1255897743998631 2.4241248573475902 61 68 92 0.71198234631823021 3 867 77 830 43 644 64 655
5391 -0.7981451751525378 1.1255897743998631 2.4241248573475902 61 68 92 0.71198234631823021 3 868 77 831 43 645 64 656
5392 0.2684766784392611 1.4614469268436341 2.2706227468801554 8 7 8 0.65900954281025326 20 687 43 647 64 660
5393 0.098923337270717573 1.7388733420119129 2.3788756828062927 53 61 81 0.34354738616411323 20 692 43 653 78 624
5394 0.31652631530512243 1.8355487294793174 2.2678074266627979 9 6 7 0.67186623584435134 20 691 43 654 64 664
5396 -0.12315140230397281 0.68954317116878439 1.9794147542661022 158 110 19 1.0363975006034678 20 719 43 679 64 699
5397 -0.87711047930620023 1.5495450147272893 2.587789736725445 126 129 121 1.2537447553194836 3 933 10 1134 64 703 43 683 49 1261
5398 -0.82640533815964523 1.1424418073844758 2.4658811010348134 1 1 1 0.41482946910607937 77 699 10 521 43 435 77 555 20 586 64 435
5399 -0.84618963124806545 1.085175184483022 2.4611831955051953 86 104 141 0.55433955951079839 49 118 3 92 43 517 89 852 41 728 97 747 13 1348 20 583 78 557
5400 -0.20032752353601935 1.3460795565046075 2.2029104218678195 103 93 28 0.46015674231601877 10 965 3 783 43 574 77 800 20 625 64 587 78 556
5401 -0.08037528343528054 1.3135872529696206 2.0981680568461569 6 8 10 0.73759848074970558 10 1098 21 1264 49 1213 3 893 43 615 46 1306 22 1295 94 1228 98 1245 52 1147 39 1060 33 1080 90 1098 99 1147 84 1126 93 1129 34 1019 77 758 20 660 64 624 78 548
5405 -0.34402597800963591 1.5070058254878607 2.2517954467585786 9 7 8 0.21362281567626332 43 105 64 105 78 98
5406 -0.6527847440114638 1.3671047357162966 2.5074955023765044 19 16 21 0.070192207004906457 20 323 43 118 64 121
5407 -0.54486323263361391 1.4378343897375512 2.4820424046504277 61 69 94 0.12905008573046314 77 141 64 135
5408 0.11108160686669033 1.6912869447466432 2.2715523358018719 28 21 23 0.035233154914892748 43 135 64 139
5409 -0.97611283946127914 1.5814359613386004 2.5462388651370631 131 127 118 0.76295141054357973 10 209 43 345 64 187
5410 0.56576006720840133 2.1030508728683004 2.226104121748254 107 76 63 0.44771918758846363 43 199 64 201 78 170
5411 0.42994249733416318 1.2924301316178788 1.6247148955451012 99 83 22 0.035916133853351462 43 219 64 224
5412 0.23866276781794987 1.7184750709274725 2.175159071119547 60 65 86 0.070685867631990029 43 448 64 290
5413 0.17544508500279268 1.7057006214886801 2.2178606632785964 61 67 90 0.066768755711447136 43 449 64 298
5414 0.17544508500279268 1.7057006214886801 2.2178606632785964 61 67 90 0.066768755711447136 43 450 64 299
5415 -0.10441999878770881 1.5284647393988462 2.3952972175578577 32 7 0 0.071325217959963605 77 394 64 301
5416 -0.2443246716705042 1.8875044626667523 2.3322824818405761 80 89 86 0.60651007893143727 43 357 64 348 78 337 20 388
5417 0.45745069101977559 1.2629419404410858 1.6905656083318503 3 3 0 0.0051332793649521199 43 389 64 378
5418 -0.29830881517240881 1.4524528816313333 2.4494453537273158 41 26 13 0.27238904492203336 43 293 64 450 78 428
5419 -0.55863275233023868 0.72857147625241969 1.9208242067138028 87 51 4 0.51751608694954121 20 609 43 488 64 502
5420 0.5642726766073215 1.5280782813466913 2.2189574727159687 54 31 4 0.53880495578141196 20 466 64 540 78 397
5421 0.60038957776683433 2.2291617268811863 2.0727204593440729 40 26 22 0.22396989227967065 43 547 64 559 78 455
5422 1.0642968822145913 1.584317239380479 1.28204711069278 107 94 26 0.47720140070500044 43 604 64 570 78 534
5424 0.39313804923091344 1.8453870728870212 2.1915945278024775 189 166 125 1.5656220223540824 43 652 64 636 78 646 20 707
5425 -0.97025518704737213 1.5517118529174889 2.5770489302557675 121 122 113 0.49545628341682607 3 808 43 629 64 638
5426 0.024266290765301998 1.9091205818455399 2.2754867604958133 1 2 3 0.76686435792226582 20 678 43 630 64 639 78 576
5427 -1.112684511068893 1.5301649734006448 2.6802476237394837 69 62 56 0.11073334196525519 3 909 64 681
5428 -1.112684511068893 1.5301649734006448 2.6802476237394837 69 62 56 0.11073334196525519 3 910 64 682
5431 1.4400086271287194 0.99367623228611757 1.7094137594476422 182 130 31 1.540244985606394 3 345 43 603 49 868 10 30 64 569 26 1245 41 1216 97 1260 16 1120 95 1170 24 1135 61 1134 54 1039 59 1387 51 1475 86 1069 44 1056 87 1012 79 1218 36 1150 31 1219 72 956 21 1173 29 1093 96 922 76 931
5432 -0.1584325708512638 1.3145234895075613 2.2833142228073253 65 47 11 0.13112371659094049 43 97 64 88 78 73
5433 0.24541474964862806 1.3834950771239176 2.3224644374860204 9 8 8 0.66644604736028512 43 101 64 97 78 254
5434 0.32415370707519492 1.8981061110361199 2.3250368826113847 190 171 130 0.40930811112935878 43 631 64 601 78 516
5435 0.49022684099281649 0.93361332573037203 1.6701661239922647 110 92 24 0.30316048210460395 43 669 64 692 78 656
5436 -0.33567192453785671 0.53349387249738212 1.8659108696370226 9 0 0 0.094534702988610164 64 8 78 4
5437 -0.26552829725876387 0.9520724281478441 1.9724256019253341 0 0 0 0.021344953079315426 20 235 78 42
5440 -0.53003074980129961 1.4350580161999251 2.460750511714652 33 18 4 0.12909100738144955 20 324 78 287
5441 -0.37841053325673607 0.53644352475877355 1.9647115783167128 1 0 0 0.41943057410272583 64 11 78 468 43 6
5442 0.26030020682952176 1.9286306768473955 2.3019395729197032 0 0 0 1.2690472117069247 3 516 20 597 64 194
5443 -0.058781226897645769 1.9548696806935255 2.2855605340922351 50 37 32 0.36475058063836008 20 600 78 524
5445 -0.55353880326531879 1.1792491298241672 2.4532672900182386 26 25 25 0.67374287075824491 20 705 43 646 78 642
5446 0.20913983408431291 1.3834814518612764 2.0216141769486113 100 90 27 0.45459258130100105 93 895 13 1073 77 339 20 258 64 258 78 227 46 1068 22 1070 98 704 52 991 90 878
5447 -0.61804972832446614 1.3641657981759405 2.4676640384282953 21 19 23 0.13533050522614604 20 304 43 283 78 281 90 736 99 732
5448 0.69325748557785993 2.3032502425630952 2.0520187890842645 63 46 38 0.3944275066222197 77 659 20 393 78 178 3 734 64 205
5449 -0.15442977966165258 1.9314407576996346 2.3537158832235496 39 27 25 0.048750661673116744 64 608 78 580
5450 0.27406885658402474 1.1555748497956333 1.9862970219088341 79 65 15 1.8805036645453908 77 884 78 665
5451 1.3742479042490194 1.4669495246502342 2.6827910599660565 226 212 176 0.34897310942971288 81 98 86 377 55 414 9 105 44 409 63 81 36 501 15 538 91 706 26 544 16 495 95 494 79 617 31 605 47 824 48 95 88 686 100 872 82 595 40 725 28 685 32 687 58 491 72 372 21 584 49 252 51 179 13 236 83 607 29 585 37 472
5453 -0.23357737485931912 0.92014609201837372 1.8567983069806371 180 186 210 0.42493325502394708 28 14 83 18 37 194
5456 1.2795129043317919 1.3288819003971883 2.7160340412413504 148 99 75 0.20351260749576072 88 459 83 579 37 449
5457 1.288434335185493 1.4940621318665881 2.6812168153697744 245 223 174 0.51466988150323201 72 680 83 709 29 762 95 664 37 587
5458 1.5386723828071227 1.5973765552284713 2.587740010353873 246 225 179 0.71161960222349518 16 847 83 757 37 651 72 751 96 810 76 805 85 577
5459 1.0332907444020762 1.4730726386375019 1.3535532613708694 1 1 1 0.19779376313203129 88 961 83 838
5461 -0.51229793544177404 0.39792168633054936 2.1258280987916285 254 234 73 0.32095615494171331 87 288 15 175 83 3 47 6 100 5
5462 -0.27783736697596467 0.73332616450594679 3.241107452091029 85 59 51 0.96028449437495 47 694 88 314 83 439 38 1090 7 1101 81 1072 55 1099 9 1157 44 1004 63 1098 36 1074 15 1002 91 557 79 1156 31 1160 47 1061 36 1138 91 1024 88 947 100 989 40 887 28 832 32 818 58 786 67 733 73 659 19 647 73 906 11 680 60 268 83 833
5463 0.88479978485753852 2.2435759448174184 2.1061551131472385 231 215 178 0.43695720863514836 26 1148 89 1307 41 1151 97 1103 16 922 95 1103 72 937 21 1205 83 690 28 736 32 767 58 600 73 681 19 687 11 715 29 1082
5464 1.5776828995767542 1.5477276806331166 2.6257898033064246 236 220 181 0.56718579912085554 26 909 16 836 95 906 91 933 42 835 83 761 95 688 72 750 37 652 96 817 76 808
5465 1.0428675715864393 0.67634040516874494 1.5369591516768994 127 66 6 0.62978581230267661 72 30 29 22 37 44 96 309 76 278
5466 1.0192636360374319 0.81059204114773076 1.7269941446187145 170 101 16 0.64028595524068244 21 62 29 167 96 92
5470 1.43170204045528 1.3138457839912507 2.7642692761202317 3 2 1 0.16089211349819482 72 223 29 309 76 209 37 179
5471 1.2840960716462777 0.80604353748407964 1.512728914209839 7 6 2 0.83608201799243376 95 369 29 409
5474 1.7872575130826618 1.5229400632126615 2.6740686091776276 226 200 157 0.50970573673958641 21 266 29 861 96 860 76 843 85 689
5475 1.2464726943402278 1.2372242478562896 2.7760298467653413 110 76 63 0.32405830991979018 21 1063 29 935 96 910
5476 1.2428193045436746 1.9215257096216396 2.3273821497476455 244 219 169 0.096036113125533507 72 894 29 1079 37 738
5477 1.306744651526313 1.947945914768997 2.3068691716469067 246 221 171 0.088364637253244907 72 896 29 1080 37 739
5478 1.5772700191441769 1.5807796238217369 2.6679836631322735 233 218 180 1.808929681348431 21 1318 29 1180 96 988 76 972
5479 1.5812733715266407 1.5707467419043142 2.6598401110855558 233 218 180 1.355026715682464 29 1181 96 989 76 973 85 773
5480 -0.50305576483140668 1.6977626636784466 2.501056584856344 28 20 18 1.3167449495416479 26 650 95 436 72 317 21 491 29 242 26 403 89 339 41 270 97 253 8 542 16 100 24 621 68 1032 46 953 86 754 38 828 7 851 87 697 70 602 42 277 30 311
5481 -0.20364436607206388 0.86884915784062589 1.8709947098347253 254 230 61 0.54513363882245014 26 801 89 1012 41 857 97 878 16 712 95 752 72 605 21 1000 29 882 51 118 93 594 13 763 77 22 10 771 49 860 3 619 43 14 64 18 37 499
5484 -0.19030377904221166 0.80470077940998852 2.6812955722606691 23 16 7 0.66812531589265345 6 336 71 126 18 115 92 389
5485 -0.13912283388001045 0.77942141308779911 2.8398624902800207 158 149 159 0.3818271440363567 6 108 18 147 92 114
5486 0.52472594665872052 1.0792984757175292 2.6870377292560113 145 137 148 0.6413291948012384 6 149 18 148
5489 0.95670360511998698 1.2420181475273708 2.8799402798644516 51 35 32 0.041675686368310809 12 659 18 205
5490 1.1472085394548908 0.8053190646284405 1.8074672011007193 226 165 45 1.2270507835431961 6 241 18 263 17 47
5491 1.3587226604437479 0.9575500008984057 1.7889892416559885 2 1 1 0.014952900972129894 71 523 18 267
5493 0.54081956826225641 1.0821165864209379 2.666043004384167 62 57 61 0.46841885004296069 6 381 18 429
5494 -0.37100018601350016 0.92507229622851106 2.8327869061260502 0 0 0 1.1705808897154826 6 105 71 147 78 409
5495 0.021082787669657183 0.96352011282784822 2.8118992106126153 80 42 4 0.36948110385115468 6 366 71 434 18 466 92 424
5496 -0.097090757494943086 0.82056175919112107 2.8747969885000413 62 55 51 0.1971937318751083 6 360 71 166 18 482 92 132 57 533
5497 -0.16671403277504615 0.79615953826133212 2.8921602470876655 67 59 54 0.22096002551141183 71 164 18 488 6 121
5499 0.0024582071133451085 1.2843271526091038 2.8407509125757251 66 51 36 0.89616523045612406 71 458 18 523
5501 0.031335037223957404 0.82803740511730883 2.5282520084534723 247 164 35 0.18421066607033124 6 510 18 672 71 568
5502 0.57085032954582648 1.095774111004336 2.6606353956496416 143 140 157 0.62708614479258962 71 614 18 692 6 538 92 430
5503 0.5708503295458266 1.0957741110043362 2.660635395649642 143 140 157 0.62708614479255009 6 539 71 615 18 693 92 431
5505 0.68446044194014399 1.9061655430180904 2.6664836057673598 237 216 169 1.9745935364285865 71 746 18 757
5506 0.68446044194014399 1.9061655430180904 2.6664836057673598 237 216 169 1.9745935364285865 71 747 18 758
5507 -0.079706229628056263 0.57640237083243651 2.1152581014289753 254 198 54 0.91388165376576813 6 447 18 854 71 507 92 299
5511 -0.12615526379935424 0.64473702618607565 2.5012447189446898 255 241 62 0.54740614743164662 6 662 18 961 57 934
5512 0.22772309738429586 0.85016732528020855 2.4396704466162089 24 23 25 0.66966960753635441 6 773 18 964 57 932 17 1010
5513 0.12363994468163308 0.86454829537996059 2.5634210696085988 255 241 63 0.16193716522781801 6 775 71 890 18 966
5514 -0.0079286811447092757 0.92362784093205952 2.7940920569440442 209 147 35 0.48193178539059628 71 898 18 969 35 920
5515 0.076645239890652542 0.76424253872935455 3.1946953554487543 77 52 42 0.50292565509708909 71 731 18 990 57 986 17 1046
5516 0.48367837577093731 1.0357614901002399 2.6336305083325624 123 113 122 0.89374237291940839 6 816 71 944 18 1017
5517 0.045680257022543691 0.89958344264152268 3.0969740165880966 105 71 52 0.67499752761937393 71 912 18 1023 6 796
5518 -0.2751153429394283 0.78077003724776572 3.1700052770189586 169 150 114 0.56520039207057871 71 948 18 1024 57 1078
5519 0.016701902488087339 1.7222736300228418 3.0279564607780034 92 59 44 2.3997435815054007 6 798 18 1025 71 913
5521 0.020987807599437431 0.96687428572114287 2.9954414163418281 20 18 17 1.7117056647630149 6 876 71 997 18 1085 92 849 57 1138 17 1200 5 1083 74 1042 35 997
5522 1.2575428524968564 0.96955775103716302 1.6497861793136273 255 198 54 1.0335954344304277 6 884 5 1098 74 1052 35 1000
5523 -0.15549969290559496 0.67363876444447612 1.9525112445519774 255 219 57 1.1714698647081652 71 998 18 1089 57 1145 17 1212 5 1087 74 1047 35 988
5524 1.4744840372351016 1.4625298418918111 2.6849209937622507 103 72 58 1.3437423962207764 12 1065 71 917 81 884 55 898 9 941 44 808 63 692 38 688 36 1022 44 938 15 1046 91 886 26 874 16 799 95 1082 42 788 79 1204 31 1202 47 1071 65 149 48 730 88 837 100 1056 86 372 38 427 81 79 55 400 44 595 82 1041 40 835 40 976 100 1082 28 850 32 788 73 924 67 924 19 855 11 835 12 929 67 1071 60 961 71 764 72 573 72 891 83 811 57 951 17 1093 18 915 4 758 60 888 37 736 50 877 66 862 76 894
5525 -0.32851381030807891 0.53623679552222336 1.8977840747774493 191 1 0 0.98692330208191126 39 974 33 995 99 817 30 791 49 846 29 375 21 995 75 707 12 676 71 491 53 685 45 697 92 506 5 707 74 662 18 581
5526 1.0845584119536427 2.4452511537260642 1.9023182484271037 1 0 0 0.6737010323017053 12 528 92 455 18 331
5527 1.2458181199574943 1.0221484089786017 1.7372232167903836 254 198 54 0.37190715246079553 20 610 35 339
5529 0.61719448400028676 0.66429277015617194 1.8237641645487013 253 205 61 0.89568000497007327 6 229 92 6
5530 0.61719448400028676 0.66429277015617194 1.8237641645487013 253 205 61 0.89568000497007327 6 230 92 7
5531 0.037471748924042668 0.56203975943105355 2.1828831987673358 68 49 47 0.72720290432271006 6 259 12 70 92 31 71 334
5532 -0.36995031943841622 0.53258813662742566 2.4857784805808611 80 63 61 0.60655925952674095 6 59 71 81 92 64
5533 0.11301867432148906 0.77130612010362887 2.4878919302719549 78 60 61 0.47232781070572294 6 317 71 113 92 84
5534 -0.46026139264583305 0.62243900180591027 2.67205076618822 95 82 84 0.63521172303691309 6 318 71 106 92 86
5535 -0.46026139264583305 0.62243900180591027 2.67205076618822 95 82 84 0.63521172303691309 6 319 71 107 92 87
5536 0.0063713498382422943 0.80857379224576387 2.5164953902210079 159 127 110 0.26706301074722888 6 321 71 114 92 88
5537 -0.22331330105761227 0.7278293316049973 2.851674662601885 85 66 62 0.1223784585716411 6 103 92 112 71 144
5538 -0.16001003684855547 0.75683763196874265 2.835111524362139 82 64 60 0.15361111648826251 6 104 92 113 71 146
5539 -0.12151732229712718 0.81849351022973871 2.8520057697285779 145 140 152 0.22242475995432934 6 114 71 156 92 122
5540 -0.35037766341831045 0.74673260435475308 2.9374084462359362 119 106 110 0.77840873056398241 6 358 12 166 71 151 92 125
5541 -0.010930054083444938 0.88360948673964868 2.8771042615213598 28 26 27 0.12986001283112245 6 135 92 143 71 186
5542 -0.30011952468043912 0.78101033963348121 2.9857143961416339 80 64 61 0.51520435313880952 6 132 71 174 92 144
5543 -0.10977520251607806 0.86865440666839699 2.9343788228328247 82 64 59 0.37699349858258707 6 146 71 194 92 153
5544 -0.10977520251607806 0.86865440666839699 2.9343788228328247 82 64 59 0.37699349858258707 6 147 71 195 92 154
5546 -0.17908140905772638 0.8816894477511007 3.0110090749014708 78 61 60 0.57161362843808161 6 161 71 211 92 168
5547 -0.17908140905772638 0.8816894477511007 3.0110090749014708 78 61 60 0.57161362843808161 6 162 71 212 92 169
5548 -0.25835327862132623 0.85994670261614881 3.0505120302351485 162 158 172 0.70379212147439885 6 169 71 213 92 172
5549 1.1017445933386125 0.72525114416239389 1.7033124801814303 253 192 57 1.2847186621594093 6 228 92 275 71 28
5550 1.1034276679926944 1.5555487747357699 1.2820493260352899 251 230 63 0.18789965229133432 12 952 92 286
5551 -0.39441422053585812 0.41388564624275476 2.2589161222421685 253 197 57 0.64168375500082575 6 448 12 54 92 301
5552 -0.0010341388356205159 0.67745139362858842 2.1858847192493029 164 84 12 0.2020523117037033 12 370 71 348 92 320
5553 -0.34718754454631406 0.54605874608341443 2.4638929431177901 189 185 199 0.63828074349623243 6 279 71 363 92 341
5555 0.69833421990990541 1.3432971421504374 2.327794622042024 161 152 159 0.13739684942171471 12 462 92 404 4 565
5556 0.57615170840263519 1.3571738968045564 2.4423587689470834 143 69 5 0.59250506003971437 12 475 71 424 92 419 6 356
5557 -0.35436759495559961 0.73557664970383652 2.9611501289838666 9 6 5 0.39857441107203329 6 119 12 167 92 421
5558 0.46626932920329223 1.0635462263731637 2.6844452205556677 83 63 59 0.43842064605551756 6 376 12 194 92 426 71 197
5559 0.3776649862853958 1.0417817374686578 2.7581151036966642 30 27 28 0.082102298691278941 12 205 92 436
5560 0.61133892222757968 1.2012310669422832 2.7282415795614789 151 142 152 0.59704667942412348 6 405 71 664 92 453
5561 0.65045125596275399 0.70425525903545283 1.873465666598064 250 198 77 0.70295508607437662 6 623 71 774 92 508
5562 0.87815283979656822 0.92819090562908535 1.7694921183894183 32 26 24 0.12535044765345868 6 443 92 512 71 508
5563 -0.34062664904078238 0.64465812605146189 2.6129968013854823 254 195 54 0.42540616922024294 6 502 71 559 92 570
5564 0.092484749108069933 0.89765610528366324 2.6021711678791815 123 58 3 0.17772153874070909 6 95 92 578 71 132
5567 -0.23800963131337538 0.91255059302091202 1.8254109730069865 1 1 0 0.59640934899252751 12 1022 92 644
5568 0.64846936366528796 1.2099095352372278 2.230633716588164 228 167 46 0.67698398178620101 6 672 92 684 18 655 71 813
5569 0.55967002647105979 1.3499003897348532 2.4742179292685131 231 171 42 0.47034956451597387 6 527 71 826 92 701
5570 -0.30016436602304686 0.73549451411764599 2.8846865769204824 125 112 119 0.28530580516324316 6 783 12 1053 71 897 92 747
5571 0.62114397516552355 1.1283777273907087 2.6043093516492237 152 147 159 0.86762798654613515 6 791 71 902 92 751
5573 0.23176057549758239 1.0899565914000959 2.7895977901996902 211 153 40 0.40914911319213293 6 820 92 798 71 945
5574 0.59355929208734493 1.1352539043525824 2.2641850094083735 141 81 17 0.95009215232393862 71 990 92 845 6 856
5576 0.48344810853046405 1.1076976484458592 2.7275184568046029 106 96 102 1.3819504287320068 6 882 71 1001 18 1094 35 987
5577 1.2140799238377677 0.77675883881490837 1.6886906313466781 111 80 21 1.6599145301966183 6 613 92 631 12 1020 71 861
5578 1.2140799238377677 0.77675883881490837 1.6886906313466781 111 80 21 1.6599145301966183 6 614 92 632 12 1021 71 862
5579 1.4975464808766541 1.5076163601492594 2.6314326202133942 117 105 81 1.9700867895400305 6 829 92 767 12 1121 71 975
5580 1.2054881967101161 0.752045477197955 1.6677959992945861 255 198 52 0.092894115291474746 18 249 57 29 17 24
5581 0.8839190195036466 0.97766510632190695 1.8113857027085418 206 143 34 0.91308358078641838 18 25 57 42
5582 0.1572380687115135 1.1623928722768782 2.0725870356181355 169 140 42 0.074492504305599228 18 289 57 61
5583 1.4352987272819153 2.0451156041984748 2.246716527882143 234 219 184 0.071708679891199917 18 131 57 97 17 139
5584 -0.2196407115558856 0.59201340870575025 2.5427915772184804 253 231 71 0.15773853156072629 31 608 57 116 79 355
5585 -0.32323608141072951 0.63404783271982268 2.5915142138418608 249 189 50 0.41172063120093161 18 84 57 128 17 227
5586 0.66934240378462651 1.1256266435849025 2.6371942512046576 80 81 92 0.069990215181755133 18 146 57 160
5587 0.4768592618919496 1.0895668852097025 2.7439408759216706 82 83 97 0.41298235461566485 6 394 57 193 71 224
5588 0.59162375096883024 1.218570603880585 2.79607859059977 129 128 143 0.010381756691394888 18 536 57 216
5589 -0.28364482284174691 0.75797026689543778 2.9829473405490923 78 79 91 0.090411495116852189 18 533 57 242 17 326
5590 -0.28364482284174691 0.75797026689543778 2.9829473405490923 78 79 91 0.090411495116852189 18 534 57 243 17 327
5591 -0.22919684051666081 0.83259423731139615 3.0246615853347323 77 80 93 0.064301047542474288 18 172 57 256
5592 -0.22919684051666081 0.83259423731139615 3.0246615853347323 77 80 93 0.064301047542474288 18 173 57 257
5593 -0.23442128034030948 0.8672661718824094 3.0522230226369103 158 154 169 0.14699552979434227 18 553 57 261 17 336
5595 0.45227171795058507 1.071015775885499 1.5072096258354186 1 1 1 0.33196181301603328 31 695 79 706 57 294 74 379 5 407 35 325 5 690
5596 0.89016121779195279 0.6768141544452233 1.569901019512542 27 23 18 0.2028070356476033 18 239 57 296 17 10
5597 1.1191750661075459 0.70479673448818347 1.6827125893001813 163 117 25 0.18537379484018487 18 246 57 304 17 394
5598 0.36433488925166158 1.2249590415741005 1.6386567989854031 2 1 1 0.21096620897171089 57 305 17 687 5 423 74 390 18 258 35 346
5599 1.0984024450807468 0.73704114290060863 1.742884361281801 255 197 53 0.54131852346975151 18 586 57 311 17 39
5600 1.1947827818078216 0.77756023398990215 1.7554434873975255 170 122 25 0.60542204652840104 6 435 18 257 57 314 17 42
5601 0.20676175455904316 1.1786653758335515 1.8843749301097479 49 51 59 0.23156998341806881 18 276 57 332 17 417
5602 0.73532105024214645 0.9141318412067001 2.0237208948129197 59 60 70 0.04068830424598207 18 614 57 350 17 430
5605 0.69753870828877829 1.1772721645407698 2.1415386656816255 68 70 79 0.045688220708422288 18 309 57 375 17 450
5606 0.20582837085301481 0.96246892687855645 2.2238400428509641 217 164 46 0.21367318747811401 18 304 57 378 17 485 5 105 74 92 35 109
5607 0.67108995241228131 1.1842100194845513 2.171963739527333 232 167 42 0.025925864967932439 18 643 57 380 17 120
5608 0.0089297298925750338 0.794560671908073 2.3961152414308842 253 224 61 0.093790049234127482 18 321 57 435 17 777
5609 0.1501460488851897 0.82062463825697829 2.4271794218777782 124 76 11 0.15127153959522474 18 75 57 458 17 561
5610 0.1501460488851897 0.82062463825697829 2.4271794218777782 124 76 11 0.15127153959522474 18 76 57 459 17 562
5611 0.6112723188882806 1.3030105353577446 2.3796331089932825 163 101 24 0.15767391165443817 18 352 57 471
5612 -0.22018690155074189 0.72415656347099622 2.6973346053617417 255 199 53 0.27120934798324597 79 1078 57 511 31 1070
5613 0.50475042319279084 1.1224119543403943 2.7664684589455364 159 154 166 0.20637849069804035 18 506 57 521 17 610
5615 -0.21975093876620591 0.75221725502091952 2.9081818076908394 78 78 90 0.00055123687614088497 18 490 57 541
5617 -0.096926711211387517 0.84718247402782221 2.9327598381918283 82 83 95 0.058192906322848813 18 524 57 547 17 316
5618 -0.22282266737043988 0.79053983649491155 2.9665633956250645 81 82 93 0.096326820554626325 18 531 57 552 17 640
5620 1.1519572139243912 1.2181998758590256 2.8430359837509291 49 30 22 0.32566767581933631 82 265 57 556 35 488 18 559
5621 -0.57766192008211248 0.95398194306326356 3.0541141224214843 127 125 113 0.33651890735007334 18 545 57 557 17 924
5622 -0.63894281132680875 0.93342591075538273 3.0756470983792825 138 132 116 0.072998574203751831 18 174 57 560 17 644
5623 0.49541209295680683 1.0145524306754674 1.5175266009392809 117 126 152 0.40819584166306672 18 242 57 593 17 950
5624 0.32442756758026065 1.2080446591634169 1.6261240128046486 108 118 143 0.31139422678694245 57 599 17 686 5 699 74 657 48 897 18 256 35 603
5625 -0.034722225174402252 0.69023831569052696 2.5105026823142773 163 105 28 0.22252983298741547 18 661 57 694 17 827 5 791 74 723 35 690
5626 0.66861620984827919 1.3342957893360754 2.4345321083812603 69 63 65 1.930005599416001 82 901 57 696 17 179
5627 -0.096562720777718519 0.65250144815700917 2.5341980082254554 28 26 23 0.15032705954072265 18 663 57 697 17 843
5628 -0.10124166602667246 0.66550789559581358 2.5341029823449874 28 26 23 0.29540907413313472 18 664 57 698 17 844 5 793 74 727 35 694
5629 -0.062998402227720851 0.68838491872505958 2.5320938892728195 255 205 54 0.62530534006743743 6 501 57 699 5 523
5630 -0.15828734749381121 0.62190640172200529 2.5500006874950509 158 101 30 0.19088615255542107 18 665 57 702 17 852
5631 -0.16367459985294747 0.63616273975419002 2.5499772791383153 158 101 30 0.31410951964512873 18 666 57 703 17 853 5 798 74 730 35 697
5632 -0.38737693674552331 0.6219687148204226 2.5978314075339601 67 67 74 0.3327936110247412 18 667 57 707 17 871 5 802 74 738 35 700
5633 1.6348759251073248 1.6400179305677398 2.59083707661072 231 217 180 0.37672452566534415 18 539 57 783 17 845
5634 0.78735896706534425 1.1669422265791258 2.7062518882352351 231 211 170 0.178692272450477 18 717 57 798
5635 1.5994423086585496 1.4915408095412639 2.6566904500910242 226 212 177 0.11428384321813687 18 550 57 810
5636 0.65729753532196789 1.2540708781100462 2.7742741106383106 34 31 25 0.46303471606232782 18 749 57 814
5637 -0.64441134090974084 1.0351055158678566 2.9681139970745587 136 127 106 0.10745653640320642 18 733 57 822 17 915
5638 1.4504654152679288 1.3916599741147393 2.7322104843460324 151 102 77 0.14292753146028353 18 789 57 824 17 603
5639 -0.20866011298803766 0.87833744499989952 3.0727353215291324 11 10 11 0.15725561135765195 18 791 57 839 17 929
5640 1.0372704213311783 0.63410768826535957 1.6297553485626113 149 124 34 0.079420660937574397 18 822 57 862 17 952
5641 0.27188729030288755 1.2300276258286227 1.6939216467291274 16 16 18 0.49108001003268809 79 971 57 868 17 953 5 883 48 898 74 820 18 837 35 777
5642 0.27336734885324981 1.2339505554720021 1.6926131087902956 16 16 18 0.37535498927165395 57 869 17 954 5 884 48 899 74 821 18 838 35 778
5643 0.79189186203904682 0.9737110417046797 1.9136683718024776 222 160 41 0.19949256503841251 18 942 57 887 17 964
5645 0.57870590360724738 1.1096336208545496 2.6833723783785604 141 134 147 0.20682608073015457 18 970 57 948
5646 0.57595828692102979 1.125410711344677 2.6841549041348696 141 134 147 0.39345710666882039 18 971 57 949 35 826
5647 1.4310199293116217 1.4766143634944684 2.658247913638117 229 215 179 0.30800777122730078 18 767 57 950 17 1016
5648 -0.018544726918272827 0.75658343651781967 3.1963781612557769 150 99 70 0.040738207409734301 18 812 57 984 17 1047
5649 -0.066952538999078492 0.6772256466288572 2.4864944136661333 255 241 61 0.52906496814357418 18 960 57 1014 17 1087 5 915 74 869 35 810
5650 0.64596936029083463 1.1202775930099944 2.6113858312913965 139 131 144 0.61787421633395323 18 1018 57 1020 17 1090 5 973 74 941
5652 0.79174693924521145 1.0927464176318298 2.9560155700530264 67 42 32 0.30359507956221471 18 986 57 1033 5 985 74 951 35 885
5654 1.4598242789614873 0.97954717797066981 1.7200364306440434 255 228 70 0.85307299800679248 18 936 57 1044 17 1113 5 694 74 651 35 600
5655 0.15680826356037411 1.1721308357899523 1.8402272645038174 218 186 65 0.1542799716538194 18 941 57 1047
5656 -0.28274510665415575 0.81796910500688591 3.0186328563612248 127 118 127 0.039954183908741538 18 1022 57 1076
5657 -0.38254760241630142 0.58062069043803533 3.3128185188077137 68 48 46 1.014094429904677 18 1027 57 1079 17 1137 5 1017 74 1008
5658 0.38290144150499966 1.0726314351462578 1.5146600356313802 234 193 59 0.25106211131943329 18 1029 57 1080 17 1139 5 991 74 958 35 892
5659 0.38215505521529025 1.0792408629567374 1.5143014192161393 234 193 59 0.15200318217402223 18 1030 57 1081 17 1140
5660 1.4483498730211213 2.0146941519471264 2.3074774454703633 163 147 116 0.67531744262098037 18 1034 57 1089 17 1154 5 1030 74 1019
5661 0.73639981150543854 1.1950010361882015 2.6603026255261901 9 9 10 0.74244462572956937 18 1021 57 1093 17 1160
5662 0.59335960430221057 1.2476806562195415 2.8481351081121709 20 19 18 0.87976709783029539 18 1037 57 1094 5 1040 74 1003 35 943
5663 0.23504150919242217 0.93979498323100497 3.1067262935647348 78 51 38 0.48029852009161544 82 1062 5 1046
5664 1.1045142151839615 0.82172719525519244 1.7919724701865825 255 196 52 0.46425283019888752 18 1061 57 1106 17 1183
5665 0.19014302086753165 1.1770894206341771 1.8354718244947115 191 145 34 0.89889865851054362 18 1043 31 1255 57 1108 79 1257 17 1168
5666 0.1902987520388108 1.2039690532091183 1.8288010403213555 191 145 34 0.45788029330130559 18 1044 57 1109 17 1169
5668 -0.17442115109157302 0.71178328684023717 2.6363579454285051 255 196 52 0.74415841906737068 18 1066 57 1125 17 1195
5669 -0.25793107512087105 0.7242865594916883 2.782872303269964 57 56 61 0.13578449840096452 57 1146 17 1210
5670 -0.085647457139999314 0.71498351231585255 3.2111174419889439 154 101 72 0.54620242711594802 12 535 67 544 71 473 6 419 18 814 57 987 100 724 82 746 40 356 17 1049
5671 0.17787900502951712 0.84662803510035312 2.4121289373739305 253 196 51 0.37984547796431994 57 452 17 181 35 126
5672 -0.036767012099157219 0.69478324435938932 2.4860260992575469 255 232 67 0.26911094690168391 57 107 17 198 5 140
5673 1.2067255917870174 1.2695110715489331 2.7746043004117253 41 25 18 0.31987919876749915 57 228 17 270 5 228 74 192
5674 0.30370980790261382 0.86062059919432399 3.0747932857272393 106 71 53 0.064010071136545998 57 272 17 341
5675 0.0094893273980862607 0.766469040144375 3.1870690472915286 50 32 26 0.33098740360284856 57 283 17 360 5 642 74 327 35 278
5676 0.86406662502140552 0.71222428208709676 1.5311581899776918 34 39 49 0.17941090008409896 57 7 17 389 5 405 74 376
5677 1.2454077657342668 0.59816092862453052 1.6628035701046777 2 2 0 2.6587503727558093 57 863 17 392
5678 1.3164215347548101 0.94124023165060555 1.6242274024814205 2 2 0 0.82736456163125849 18 254 17 393
5679 0.45630348560425493 1.2409437005611597 1.8685598957126799 194 133 29 0.1059619094957315 57 336 17 416
5680 0.44459397861048533 1.2244484469355361 1.8988056111940337 134 83 20 0.10559364656292727 57 342 17 418
5681 0.56388937018179797 1.0035070581883807 2.1525080449565164 81 79 83 0.099375652400193276 57 369 17 454
5682 0.50313674367686778 0.99219963608319017 2.2982447464166822 31 29 27 0.16216903914190436 57 671 17 517 5 481 74 444 35 421
5683 -0.19421552923295646 0.72948171634883985 2.4282117273293853 84 85 99 0.35176473750641635 57 441 17 564 74 118
5684 1.2214703695107982 1.2375682030933912 2.7980463708463796 49 28 20 0.19855990043524069 57 550 17 615 5 544 74 499 35 476
5685 0.83971089219436867 1.1216698536982219 2.9245918709144121 48 31 25 0.21648388441405381 57 834 17 630 5 571 74 237 35 504
5687 0.16172374192202096 0.79976779551912369 2.3240127675021038 83 67 15 1.7922997563311871 57 923 17 762 5 905 74 857
5689 0.57716238861385849 1.2256379688435692 2.8318159965567342 8 7 8 0.29747751611334555 57 825 17 905 5 816 74 748
5690 -0.16677849623662522 0.91232790035656341 3.062384452958216 7 7 7 0.11728097065823492 57 836 17 927
5691 -0.67723043410405737 0.9291346164627371 3.076241788895814 130 122 105 0.43644386237563698 57 831 17 928 35 749
5692 1.057305385693837 0.61003892231403489 1.5639878454173859 150 123 34 0.32188187505194832 18 819 57 592 17 948 5 678 74 636 35 585
5693 0.29976465135642277 1.2133994748264512 1.8721134223893292 200 172 60 2.1710314347686324 48 390 57 883 17 963
5694 -0.12502345623652839 0.6615658708606118 2.5068246593451873 255 239 62 0.55424146093837823 57 935 17 1014 5 918 74 871 35 812
5695 0.67659268678086293 1.1957613704715024 2.6706407868690651 125 121 133 0.25144677116329173 57 947 17 1018
5696 0.56986621342024113 1.1818372890274056 2.7884208493198783 120 112 121 0.035373944796265835 57 952 17 1023
5697 0.30768531013677214 0.92256305669329353 3.003742787224378 221 204 164 0.85652444870079769 57 973 17 1036 5 832 74 766
5698 0.24529711763412493 0.89367501083688361 3.0225665444485976 220 203 164 0.9288743252007422 57 974 17 1037 74 768 5 835
5699 -0.61411694044465626 0.85337412840682292 3.1510438807853069 126 127 117 0.16105653720706775 31 1080 79 1091 17 1043
5700 -0.2846652695112552 0.72495853797489151 3.2297084105927678 53 37 32 0.82698560809871202 48 1020 57 851 17 1051 5 941 74 896
5701 0.59448046778371888 1.0584211977137643 1.3156944168907823 0 0 0 0.56123480443661755 57 855 17 1055
5702 0.10481063795110281 0.79060665037568323 2.4154331310151904 255 202 60 0.51668937368023682 57 1010 17 1081 5 909 74 865
5703 -0.4276529464763954 0.57791942487000392 2.5871851926159386 255 225 63 0.33669346970390357 57 1017 17 1091 5 975 74 942
5704 1.6192656183415404 1.4709131733382634 2.6941701808425087 72 44 32 0.16965064902872173 18 981 17 1092
5705 1.1777709771613363 1.3116204215500191 2.7579393612629213 74 47 33 0.32781602591297171 57 955 17 1094 5 808 74 743 35 712
5706 0.96666960429646398 1.1841698341305469 2.901727238943042 86 58 47 0.095696168335462711 18 983 17 1097
5707 -0.31286241402373655 0.82957761599532631 3.0243093263598682 136 123 130 0.0014898490260410462 57 966 17 1102
5708 -0.21861907368824035 0.82003377466557414 3.1727110268708976 220 205 168 0.17705915328827931 57 1035 17 1104 5 938 74 892
5709 -0.098261616749607095 0.77060188854768008 3.1712971597082871 38 24 18 0.30104945382074583 57 980 17 1105 5 988 74 955
5710 -0.4398380031003446 0.65835869714804984 3.2890178282601115 220 208 173 0.41938709715213313 57 1038 17 1108 5 989 74 900 35 758
5712 -0.34646671419331798 0.63598924446734373 2.5592537600486653 255 229 65 0.40479186396694972 57 1015 17 1131 5 971 74 937 35 871
5713 1.6727452241098659 1.5668368445523853 2.6086492572842492 231 216 176 1.958447110623408 18 1036 17 1132 5 1013
5714 0.46421376514993878 1.1696899502903471 2.8119963508122661 166 160 173 0.79084273080355838 57 1027 17 1134 5 979 74 945 35 881
5715 0.22835392590473796 0.88775929640358409 2.3619992758319088 254 214 62 0.81132185533524426 57 1088 17 1155 5 1028 74 995 35 908
5716 -0.28184404080166181 0.66217188792832349 2.595599701205312 77 75 84 1.2447688806468256 57 1091 17 1158 35 938
5717 -0.28184404080166181 0.66217188792832349 2.595599701205312 77 75 84 1.2447688806468256 57 1092 17 1159 35 937
5718 -0.26794656829033175 0.79442744829689038 3.0144879416553203 143 136 147 1.3389136085264346 17 1162 5 1058 35 964
5719 -0.26759950972102464 0.77118693191621046 3.0103686314230349 143 136 147 1.4221727808405535 17 1163 5 1059
5720 -0.58476777456007811 0.56826983689499977 1.9908579094312906 255 233 60 0.38248960137942001 57 1084 17 1174
5721 -0.58476777456007811 0.56826983689499977 1.9908579094312906 255 233 60 0.38248960137942001 57 1085 17 1175
5722 -0.4643555690400939 0.50152707642300953 2.0438481231145196 250 213 62 1.6078956963792546 57 1149 17 1213 5 1100 74 1054 35 989
5723 0.70923318899843935 1.0756468523713592 2.9658962373383564 73 50 41 0.54917526297817554 18 216 57 264 17 318 31 428 79 653 40 160 28 182
5724 -0.96862668316714928 1.2770337927873616 2.6708598606774019 128 131 124 0.47997829910832474 57 1123 17 1204
5725 0.7747410662596772 0.76201853878435233 1.5861924802077287 158 162 186 0.2752950845952058 17 13 48 4 5 6
5726 1.2115646723261031 0.79995971822049594 1.7003069148214287 236 172 46 0.10080522083167318 17 395 5 16 74 15 35 18
5727 0.49369273556420634 1.2358253714247893 1.6492845664087585 174 133 33 0.33524450599339117 17 37 5 36
5728 0.016124302448923357 0.8355675171324155 2.3676322429043655 81 47 4 0.20158211254157185 17 164 5 125 74 106
5729 0.7434874537816436 1.1756841609721371 2.5361708861552081 231 214 174 0.81978192154351393 48 492 5 158 74 133
5730 0.97961353062477463 1.2727298682422896 2.8390387237129535 52 34 23 0.25674399396368042 17 289 5 253 74 218
5731 -0.36226114196190179 0.77217192522357481 2.7792927227362809 25 19 7 0.18183223782750871 17 286 5 271 74 239
5733 -0.10182532953005047 0.85923512308859695 2.9321238466856561 63 67 81 0.27898310577781099 17 317 5 310 74 285 35 239
5735 -0.75055470981324257 0.93020267727492023 3.0712421740002269 162 142 113 0.18871291488662936 48 357 5 358 74 334 35 279
5736 -0.054049865562033457 0.7379168918530834 3.2056532505330595 62 40 30 0.3546906681637696 17 367 5 360 74 331 35 284
5737 -0.053503919567128466 0.74202277042446363 3.2065815696428643 62 40 30 0.37441026818153161 17 368 5 361 74 332
5738 -0.4875171983241704 0.86942380751865456 3.1424695904022135 122 116 100 0.44626547084665064 17 354 5 366 74 336
5739 -0.5370469884398491 0.74540240412475589 3.2331367724049103 119 118 104 0.37114590258793861 17 375 5 386 74 353
5740 1.1055243186546584 0.60087071309418771 1.5320209839616428 254 204 58 1.0243699020102195 18 1028 5 402 74 0 35 316
5741 0.36102359666921241 1.2165398631115143 1.6415767245532877 2 2 1 0.24102785905935678 48 383 5 424 74 391 35 347
5742 0.5362614682885174 1.2468340273924887 1.789543159350115 54 54 62 0.15357591829507591 17 406 5 436 74 401
5743 0.49973055572299191 1.2401265208295296 1.8136297305314586 191 130 34 0.21957379985858205 17 408 5 438 74 402
5744 -0.05947525710376296 0.56957889779977144 2.1792562634923232 93 85 81 0.29962275219075707 17 456 5 457 74 426 35 72
5745 0.38820295269821137 1.0609759635015983 2.2229378508789974 27 19 16 0.14386947868005298 5 477 74 439 35 671
5746 -0.21280687803847112 0.66623177383271448 2.3489909397717526 254 220 57 0.62250689661413583 17 158 5 489 74 100
5747 1.2299880512683774 1.3583334530648568 2.7054724113530146 232 215 176 0.6016779877538142 17 880 5 536 74 494
5748 0.60065013989262217 1.1991770566980744 2.8162808263565573 8 8 9 0.25496673259498648 17 618 5 560 74 517 35 494
5749 0.53245274382368324 1.1970341200134051 2.8170221821105552 140 134 150 0.14883409017149796 17 282 5 562 74 518 35 723
5750 0.75653311638212917 0.769373007975654 1.6034473353857246 25 25 26 0.17742876749081957 17 677 5 685 74 642
5751 0.75315756613449658 0.75766813759864327 1.6053986330011916 25 25 26 0.52935438371318222 17 678 5 686 74 643 35 9
5752 0.96238121982521152 0.75630748732565167 1.629961120896074 123 102 26 0.54869790599531731 17 680 5 687 74 644 35 592
5753 0.96238121982521152 0.75630748732565167 1.629961120896074 123 102 26 0.54869790599531731 17 681 5 688 74 645 35 593
5754 0.52244482772227274 1.2451628421032961 1.67072288983416 3 2 0 0.19958440055856977 17 689 5 703 74 659 35 352 74 395
5755 0.52244482772227274 1.2451628421032961 1.67072288983416 3 2 0 0.19958440055856977 17 690 5 704 74 660 35 353 74 396
5756 0.82523135374069656 0.95413465172033474 1.8744809378740739 195 136 35 0.29108182660578835 17 702 5 708 35 614
5757 -0.67870972220345005 0.86346655998350585 3.1256841257348182 188 178 151 0.16790251835628969 48 861 5 858 74 610
5758 0.92702043399343848 0.79728744246780547 1.6389918682046782 138 117 34 0.22082022123848991 48 686 5 871 74 809 35 764
5760 0.87148415249204647 0.91543080284944034 1.855980845731273 86 85 99 0.16285208801165785 17 959 5 882 74 819
5761 -0.2136804663883192 0.84776792732745732 3.1695516639684587 220 206 169 0.69588879154722016 18 805 5 939 74 893
5762 -0.51095594017318136 0.58982041122201101 3.3091570471233598 222 210 175 0.18164491465813434 48 968 5 990 74 901 35 847
5763 -0.3256199264406528 0.58519762460717561 1.9426115458280226 246 1 0 0.44884558503712541 17 1146 5 996 74 963
5764 0.077926877373542258 0.79539269604234952 2.4798480458983261 136 114 91 1.0322057674488614 17 1085 5 1011 74 981
5765 0.66690914026095527 1.1817497532959145 2.5424406389823093 25 23 20 1.7007646910601595 57 1072 5 1012 74 982
5766 0.062049636999968218 0.77991286968604245 3.1714439077787855 38 24 18 1.0051293778609867 57 1101 5 1047 74 1006 35 922 18 1026
5767 0.56175839417180429 1.0940174135986087 2.6859011227009875 127 125 142 1.7032782301006124 17 1196 5 1072 74 1029 35 976
5768 0.48650853078263828 1.1673234483350385 2.7459482545255045 79 85 103 0.74381722937505224 57 1143 5 1074 74 1031
5769 0.37727653938204531 1.1914201944562366 2.8789224029811442 14 11 10 0.40780667266001996 18 1070 5 1076 74 1033 35 979
5770 -0.40777896428046312 0.65143526849684341 2.6951290746991639 248 188 50 0.59972090705869574 17 1205 5 1082 74 1039 35 984
5771 0.80188967467061145 0.79209319845633275 1.4426159884436174 150 152 161 0.090480798469523782 5 2 74 2 35 2
5772 1.1155434210967732 0.70838893134324787 1.6813885720959232 159 114 21 0.071652951111466065 5 11 74 9 35 11
5773 1.2230031712541765 0.77551605017966274 1.6790813204712229 167 111 17 0.051765341216524347 5 12 74 10 35 13
5774 1.2230031712541765 0.77551605017966274 1.6790813204712229 167 111 17 0.051765341216524347 5 13 74 11 35 14
5775 1.2083087933057703 0.79458668688904277 1.7024723930083205 234 170 46 0.068065835447169709 5 15 74 14 35 17
5776 1.2083342772479961 0.77517833797830282 1.7679579062490771 174 124 23 0.092263963008659744 5 21 74 19 35 23
5777 1.2083342772479961 0.77517833797830282 1.7679579062490771 174 124 23 0.092263963008659744 5 22 74 20 35 24
5778 1.1906228799788521 0.80292027169112579 1.7508395636298324 170 119 21 0.052634384070607797 5 19 74 21 35 25
5779 1.1906228799788521 0.80292027169112579 1.7508395636298324 170 119 21 0.052634384070607797 5 20 74 22 35 26
5780 0.36906295809850009 1.0504741154240769 1.5698920304608002 217 174 46 0.1020791464889651 5 18 74 23 35 22
5781 0.47290475759780853 1.0437845967830133 1.6026137377422796 111 112 126 0.15883577671238641 5 23 74 25 35 28
5782 1.0080240757464509 1.0098535863309088 1.7275648281753053 130 90 20 0.23746886082163923 5 27 74 31 35 335
5783 0.64546026370964038 0.72386746647567191 1.8352622973564834 68 72 89 0.071641995046252571 5 422 74 33 35 331
5784 0.45417613184747951 1.1930112118735308 1.6525984833433365 116 70 8 0.12184441799864985 5 33 74 36 35 34
5785 0.40922997878080286 1.2096876418197151 1.6893736337001719 104 66 7 0.028327794530237493 5 38 74 41 35 42
5786 -0.48324962687013606 0.36715847263443313 2.1183458530337727 255 242 66 0.13647200470707044 5 68 74 57 35 50
5787 -0.038851851294942487 0.55536759499963295 2.1586245293204747 92 91 100 0.17331288271486053 5 78 74 62 35 64
5788 0.34170531228563589 1.2630213248376652 1.9856152567014869 152 115 29 0.17341480370803888 5 80 74 66 35 92
5789 0.74178682962347653 1.2057192370136784 2.0908531113853726 224 162 42 0.96067294207017029 5 462 74 68 35 790 74 841
5790 -0.4966560209346596 0.45134887102860111 2.251321397100154 3 2 1 0.29335700245422563 5 470 74 81 35 83
5791 0.66641114607321317 1.1894591334652829 2.1786934141264682 231 168 44 0.062029820817940305 5 99 74 85 35 414
5792 0.53032043484090785 0.99769500704002534 2.310951059819665 251 196 52 0.43944866218520084 5 484 74 97 35 425 17 759
5793 0.19902606114994997 0.84190371177957624 2.4115903248789357 148 88 7 0.10192397667268989 5 131 74 109 35 125
5794 -0.5888020559819882 0.88178340005467482 2.3032285077146004 123 76 12 0.14082816851278926 5 501 74 112 35 430
5795 -0.40966480451915821 0.50503946707812541 2.4796403903052147 163 160 176 0.08203850755106061 5 141 74 122 35 122
5796 -0.40966480451915821 0.50503946707812541 2.4796403903052147 163 160 176 0.08203850755106061 5 142 74 123 35 123
5797 -0.38870422109862013 0.51838671697404215 2.4866995130425646 63 67 83 0.025305619793936352 5 514 74 125 35 439
5798 -0.10891491943476203 0.6418944230217053 2.5101184083451513 254 229 66 0.18054705309042407 5 150 74 130 35 136
5799 -0.33325873215874946 0.61401123068709196 2.565256483488362 252 224 64 0.12275110406654462 5 182 74 155 35 148
5800 -0.51095911280680828 0.70404100356486932 2.5577859792015243 150 123 34 0.1668695526539419 5 201 74 170 35 153
5801 0.49628690323169139 1.1366858957090775 2.7657524199379373 161 154 167 0.044716297567440964 5 248 74 213 35 478
5802 0.49628690323169139 1.1366858957090775 2.7657524199379373 161 154 167 0.044716297567440964 5 249 74 214 35 479
5803 1.0891391927482632 1.2123343890075524 2.8744611368552571 111 76 61 0.20473819934506668 5 257 74 221 35 210
5804 -0.10891369487981803 0.18276844562490321 2.8719717683538453 212 149 34 0.34060849737327448 5 563 74 230
5805 -0.76840784272809137 1.499060806026006 2.646305741175274 72 70 60 0.14235966193997268 5 274 74 247 35 218
5806 -0.76255010770883425 1.4854187404480728 2.6708893845790569 91 98 96 0.10212862633927848 5 576 74 255 35 223
5808 -0.24607280868321488 0.75696447837127523 2.933643227569513 137 129 140 0.068164032506813119 5 315 74 291 35 237
5811 -0.49829995410503286 1.1028550961912098 2.9222400932333348 87 75 59 0.097998542100714126 5 324 74 306 35 260
5812 -0.23029847787712604 0.82643562693330785 3.0713886866505176 15 13 15 0.040656881145223936 5 341 74 317
5813 -0.71150463594553548 1.0042713214674559 2.9868509300457444 150 138 112 0.16850391301121878 5 342 74 320 35 268
5814 -0.52384835500519988 0.73166056972763494 3.2190190334930264 227 213 177 0.12093026318110624 5 662 74 351 35 294
5815 -0.53873384554859927 0.73531089060580634 3.2315985035546246 118 118 103 0.062867935474826372 5 385 74 352 35 296
5816 -0.41728468288898002 0.70001659973664143 3.271461310618879 224 210 173 0.074615862363142937 5 387 74 354
5817 1.0681967462123159 0.60884645292712358 1.5117334898831976 177 151 54 0.085642944274499144 5 401 74 373 35 1
5818 0.73381715527922464 0.88797368683291422 1.3696654218093942 152 153 157 0.049629595852102838 5 1 74 374 35 317
5819 1.1255928040437049 0.68143092040219067 1.6709833817024964 255 209 56 0.18903095576885542 5 406 74 377 35 322
5820 1.0083817990718271 0.66070741230421348 1.6929432498828958 154 122 36 0.30900497301677815 5 689 74 378 35 594
5821 0.45277910315603992 1.0744450029651564 1.5055677637019227 1 1 0 0.4275852529123535 5 408 57 295 74 380 35 326 5 691
5822 0.34485992806258564 1.0541233326396675 1.5512579404382085 111 71 9 0.12224943822257657 5 410 74 383 35 21
5823 1.0584890331652743 0.82364055260681568 1.8075986628223786 123 84 16 0.099836078139027548 5 418 74 385 35 332
5824 0.43409758208776855 1.1396527641902929 1.6144177244470654 50 47 48 0.057051184908582651 5 415 74 386 35 333
5825 0.66771884826991212 1.2040498378775883 1.632633657500917 41 43 51 0.06806084229079705 5 420 74 388 35 344
5826 1.0749901147203447 0.91437807653562453 1.8004887594126524 138 99 23 0.17024896911498066 5 31 74 389 35 342
5827 0.66793964497637581 1.2297985312413571 1.6715363236202743 181 124 33 0.045753129775250291 5 425 74 393 35 612
5828 0.59995778748466522 1.2475007423160969 1.6925460381553283 181 131 36 0.022154264801767479 5 428 74 398
5829 0.53862897919342834 1.2102128323049031 1.7666682177231481 192 133 35 0.10765065399934881 5 435 74 399 35 360
5830 0.31264811916555646 1.0195470646475178 1.9422884452867679 139 88 11 0.32926165588377426 5 61 74 406 35 59
5831 -0.047206968602693758 0.560498552017621 2.1020035462127029 66 67 81 0.045891021601084041 5 448 74 409 35 370
5832 0.68608119326586736 0.95891415270908942 2.0578613286749197 102 58 6 0.051444026427047797 5 449 74 414 35 388
5833 -0.5073567264938893 0.38761556398385499 2.1562300155086578 241 190 50 0.16358866095456598 5 451 74 421 35 369
5834 0.38901822890958904 0.85709292980282559 2.1885393404799736 113 68 9 0.11353354688408206 5 464 74 430 35 399
5835 0.37266278766926836 1.0907070188203043 2.1473321517071269 124 97 24 0.14861325256873678 5 744 74 433 35 409
5836 0.47948617483765948 0.92470224456478101 2.2499821024210429 166 103 16 0.051125200657733294 5 473 74 435 35 413
5837 -0.43741170752781 0.86680292122038549 2.1815209869965093 147 123 33 2.3663767386158683 5 476 74 438 35 412
5838 0.47459757244567152 0.97807846666214815 2.3303691608502812 252 196 54 0.049978068915542739 5 485 74 447 35 427
5839 0.44825506955189187 0.98288587499997282 2.3351397360602166 103 61 8 0.17422651565451472 5 487 74 449 35 117
5840 0.00464009298451793 0.82196989837129864 2.3219630926767079 112 72 10 0.19873799846851625 5 486 74 450 35 420
5841 0.47402728949208217 0.94614241631886598 2.3836268734095811 205 207 230 0.036882821777608377 5 495 74 456 35 435
5842 0.11347792837703606 0.75649833174691528 2.4638010015756509 186 190 213 0.13603339825563077 5 505 74 462 35 440
5843 -0.43712202281111034 0.51977926948177267 2.4638435356479382 79 80 99 0.17828358617124837 5 508 74 463 35 432
5844 -0.58973599118838027 0.91246951979621982 2.3730747341679379 54 53 58 0.086408629559288311 5 788 74 467 35 688
5845 -0.67607162657498499 0.92766277379882289 2.3623407069142974 160 122 28 0.16206776561083375 5 515 74 470 35 442
5846 -0.67607162657498499 0.92766277379882289 2.3623407069142974 160 122 28 0.16206776561083375 5 516 74 471 35 443
5847 -0.3847089597144035 0.54687489766022834 2.5042989773333577 158 156 172 0.14101112353337555 5 522 74 475 35 441
5848 -0.42557695783063759 0.61658129487214886 2.5115702543947331 153 91 25 0.24834545609458045 5 525 74 478 35 691
5849 0.081814956849427703 0.87413270493714268 2.5511472954302961 187 112 16 0.20574127651786753 5 528 74 481 35 152
5850 0.73402181913740505 1.0710420985318951 2.6108175127303008 7 6 7 0.40762441446754177 5 799 74 482 35 455
5851 0.058872175568853949 0.80257122655830304 2.5908681844355717 254 237 59 0.11324159118778603 5 529 74 486 35 156
5852 1.7929380822644123 1.5404129264047273 2.7027364784547721 220 190 149 0.26937316289227153 17 600 57 538 74 488 35 707
5853 0.70783635890220076 1.2214199851672105 2.7025303879850209 9 7 7 0.053020832366735028 5 541 74 498 35 469
5854 -0.49909294428482948 0.60311708645630813 2.6717767171845392 79 86 107 0.090458915125212411 5 234 74 504 35 166
5855 1.1898630309915612 1.226924749368137 2.8273295395572293 150 98 69 0.071215645546505765 5 812 74 506 35 718
5856 1.0683574634901714 1.2905522435419692 2.8051149079526594 49 32 25 0.073278561316100221 5 813 74 507 35 483
5857 0.64302166367808944 1.1972459884572171 2.7821955608878128 5 5 6 0.42233036204606228 5 549 17 611 74 512 35 484
5858 0.74116073986319209 1.2388800010337244 2.8206467918271878 233 214 172 0.11085858310163532 5 557 74 516
5859 0.90460637389472809 1.1487399025275069 2.9042102470002846 46 31 26 0.070130991927251515 5 818 74 521 35 501
5860 0.016217569445074881 0.91603257817459904 2.8182943825435598 132 77 10 0.042248017898847877 5 568 74 524
5861 -0.60192624440943954 0.96996578018555657 2.712919178958825 2 1 1 0.46836558873632111 5 819 74 526 35 195
5862 -0.81622420205688984 1.5751853275083849 2.5814274810066418 41 27 20 0.35979144354096704 5 565 74 527 35 495
5863 0.64675936790228727 1.287561602012314 2.8684450954984477 19 18 19 0.47184572092444971 5 820 57 828 74 528
5864 -0.8627602368937014 1.5552002021109177 2.5939469174852312 40 27 21 0.27395129381467292 5 566 74 530 35 211
5865 -0.52285720613918096 0.74374208421142551 2.779464049344619 109 111 126 0.18679036718824746 5 572 74 531 35 482
5866 -0.88682088603050369 1.4972302511853606 2.6617425677929392 101 101 88 0.1477227816810566 5 580 74 536 35 507
5867 -0.88349033545072675 1.4368065167324267 2.7045486078272196 121 125 118 0.14939076801792764 5 587 74 544 35 234
5868 -0.78963339583222025 1.4134448346416537 2.7281198211421458 112 114 107 0.11757642477561144 5 590 74 546 35 517
5869 -0.6970208578173166 1.3669784119333439 2.7553054938460249 102 101 89 0.075944384059218759 5 593 74 549 35 518
5870 -0.62474370154715164 1.1098221128074774 2.9062568149935841 119 114 98 0.11994927490605607 5 614 74 564 35 539
5871 -0.45686893237226889 1.1610675947768185 2.9507863816219633 71 67 56 0.32231671382748694 5 617 74 568 35 744
5872 -0.49388418909304693 1.0628375664669747 2.9837495784057646 115 111 94 0.054314104289121194 5 623 74 575 35 550
5873 -0.55675208567429035 1.0286135593636376 3.0052794852089963 128 122 103 0.12177568867104889 5 629 74 580 35 556
5874 -0.36203104408375414 0.91025362210654037 3.0977918954459027 70 67 60 0.15407426672592792 5 852 74 587 35 562
5875 -0.043587029477928953 0.71103480331021374 3.1919356642330192 147 97 68 0.3868469072539365 5 647 74 593 35 280
5876 -0.38545713386977704 0.86651887300650132 3.1324439880141202 101 102 91 0.067914794756723448 5 651 74 597 35 571
5877 -0.6450803734401811 0.92337264912593853 3.0812251207553598 145 135 113 0.10630759671442952 5 644 74 602 35 567
5878 -0.08602563386305126 0.72744755661931504 3.2071177534429487 148 98 69 0.18085921019598938 5 854 74 604 35 573
5879 -0.22275892872024053 0.70571676866009103 3.2043327934613188 39 27 24 0.10570441253013392 5 857 74 607 35 287
5880 -0.41248052405640412 0.78762091034440018 3.192754176330955 113 112 98 0.044251283491285688 5 659 74 611 35 289
5881 -0.55264197599771203 0.62587669858640782 3.3126038491232852 223 211 175 0.086081969760314681 5 668 74 624 35 581
5882 -0.49808062322145985 0.51107294579182094 3.3792259141020144 73 50 38 0.039964517616598229 5 669 74 627 35 582
5883 1.0284022686260712 0.64491735437443343 1.4866167066839557 187 156 51 0.058816595510709058 5 674 74 631 35 315
5884 0.66055111481842965 0.96779969812127298 1.3158821997392198 137 148 179 0.033014711058354122 5 677 74 633 35 318
5885 0.61439948957230195 1.1574467203749395 1.2660659931048239 138 127 51 0.36740707501078346 5 679 74 637 35 4
5886 1.0059265491989764 0.69126075828866762 1.5495248718553007 151 135 53 0.35142956668056952 5 681 74 638 35 588
5887 1.0327698651545176 0.63980247292514569 1.6277308491335032 152 124 39 0.097587903699297304 5 683 74 639 35 589
5888 0.39209813027477097 1.0371164253201188 1.5933851962240333 94 84 78 0.11564416855983545 5 692 74 649 35 597
5889 0.62610076834611916 0.73849268937577439 1.867297300456896 244 193 53 0.091130888577052052 5 702 74 658 35 602
5890 0.64901880788084798 0.73098584142246525 1.9016649462769213 102 101 110 0.16639025243098535 5 706 74 661 35 605
5891 0.79149390618320303 0.98469876333116679 1.9086676182105755 222 160 42 0.27244844844508859 5 886 74 664 35 620
5892 -0.39007518062479163 0.41040566530782041 2.1169349472505452 174 120 24 0.14497645100557924 5 719 74 668 35 361
5893 0.29391091724108986 1.3012828212058856 1.9447325132176996 1 0 0 0.035098592429941032 5 725 74 670 35 649
5894 0.29391091724108986 1.3012828212058856 1.9447325132176996 1 0 0 0.035098592429941032 5 726 74 671 35 650
5895 -0.4213379544211594 0.39896948376401625 2.2211332103838539 69 65 63 0.016633294263385126 5 735 74 675 35 628
5897 -0.079886381200056672 0.56023013543755285 2.220500923235087 175 180 205 0.11274823022613718 5 739 74 679 35 391
5898 -0.43680673375567791 0.41587216060001408 2.2544682444199498 254 197 54 0.094863396711435663 5 745 74 681 35 643
5899 0.48092336633142624 0.8634690695787447 2.2329703551013811 252 191 52 0.32056163221418249 5 897 74 684 35 662
5900 0.017257797685555808 0.71111878011107255 2.2389591853934672 171 106 21 0.10830166653462418 5 748 74 686 35 658
5901 -0.37868572005648016 0.82627209679478442 2.1726720931314354 160 95 15 2.3749753481713483 5 750 74 687 35 663
5902 -0.37868572005648016 0.82627209679478442 2.1726720931314354 160 95 15 2.3749753481713483 5 751 74 688 35 664
5903 0.40664106945549161 0.88632786646716244 2.2446889225260409 114 73 12 0.17863771203484913 5 752 74 693 35 410
5904 -0.58970463601194645 0.78063269530231416 2.1983963951023116 126 79 21 0.11369708590336323 5 760 74 698 35 665
5906 0.038473462521685715 0.75552225310875942 2.2874277596766683 178 109 19 0.086305430344828613 5 762 74 702 35 668
5907 0.42916006133274814 0.94344754417900745 2.2894063834806571 112 71 12 0.10728713311055789 5 766 74 703 35 674
5908 -0.58928666478300185 0.82492548369945284 2.260044064080089 55 55 63 0.070119708632115654 5 773 74 710 35 673
5909 -0.42172965661907541 0.52373211057019931 2.3881861667512907 172 106 19 0.026381881824116486 5 778 74 712
5910 -0.60650818582143862 0.84378063391411351 2.2919237065228653 196 138 33 0.07642864407862493 5 779 74 714 35 677
5911 0.25371323406154073 0.89157781135516234 2.3958557729727343 235 178 46 0.38049647362863659 5 781 74 715 35 683 17 1006
5912 0.013386262846026098 0.72733385127974692 2.508399615778159 254 197 54 0.11202997897377087 5 790 74 722 35 814
5913 -0.10555771912776729 0.64785046758986453 2.53878197888156 34 30 26 0.023991260721089553 5 792 74 726 35 693
5914 1.6825007814310433 1.6836796777702185 2.5641161247350408 228 204 161 0.44545277186622467 18 750 74 728 35 461
5915 1.4631171662713509 1.4470922668220236 2.6905536918927302 65 41 31 0.16464165637816341 5 801 74 735 35 467
5916 -0.65850287270786456 0.94591956308529113 2.48632005468966 115 119 135 0.21055574508844699 5 800 74 737 35 701
5917 0.66593393296154402 1.1679613448959383 2.671913185702508 127 121 133 0.12132960379603781 5 803 74 739 35 706
5918 -0.70484613280185648 0.94735306744520509 2.5323852073572946 94 112 146 0.14125291759863609 5 805 74 742 35 165
5919 -0.47920104518153062 0.68763306269818114 2.702338983585852 89 73 13 0.44982266507809421 5 814 74 745 35 824 74 882
5920 -0.50876254390050901 0.66546645029722895 2.7062426966513797 110 106 118 0.19501081518570487 5 553 74 746 35 705
5921 -0.52608441085050062 0.69598286878298576 2.7417303261338657 159 144 154 0.25947275606228454 5 564 74 750 35 708
5922 -0.77961657060481382 1.5479952995782946 2.6067776170553083 104 111 109 0.30021901748901086 5 817 74 752 35 496
5923 -0.10621555742509528 0.83688842184658985 2.9091157045317546 145 136 147 0.02952629983764098 5 826 74 761 35 731
5925 0.37740887637889731 0.84398092096601307 3.0069988413398905 117 77 55 0.73917166259630462 5 831 57 840 74 765
5926 0.23464486829681908 1.0263276360147582 2.9998996302243444 19 18 15 0.27800207996829407 5 834 74 767 35 739
5927 0.22137179967676968 0.99132648556070135 3.037396759182267 219 201 162 0.012909947459146856 5 836 74 772 35 542
5928 0.16712863264566427 0.37037824462831154 3.0909154550207933 40 25 19 1.914829826559485 5 837 57 847 74 773
5929 -0.58946380814950383 1.060340654631063 2.9468513662077749 132 123 102 0.22658129091328191 5 842 74 776 35 544
5930 -0.65127825418856256 1.0322701140060526 2.9679564945218644 142 131 108 0.15237264470803191 5 844 74 782 35 548
5931 -0.65127825418856256 1.0322701140060526 2.9679564945218644 142 131 108 0.15237264470803191 5 845 74 783 35 549
5932 -0.3686347759765915 0.96912179019051858 3.0368483502494117 69 71 65 0.30419784612445083 5 847 74 784 35 746
5933 0.69845210796635127 0.94252579541513637 1.3958057209747508 95 107 134 0.098374278817351654 5 868 74 804 35 761
5934 0.48596565356595084 1.0284890380515797 1.5239541111377894 147 157 182 0.19094549416190909 5 872 74 810 35 596
5935 0.68751149935909883 0.77531430749539421 1.6803745510344004 28 27 28 0.12016466778939601 5 874 74 811 35 765
5936 0.51707306855987045 1.0665124715145506 1.5537199722997426 0 0 1 0.23327914483941348 5 875 74 812 35 767
5938 -0.60032420594376024 0.54467813119999187 1.9909968372844644 229 169 38 0.12799554218182932 5 951 74 828 35 776
5939 0.71068774384498634 1.0885058317482474 2.0810028022772693 1 1 0 0.22793497285486852 5 894 74 838 35 859
5940 0.34375536585632083 1.2209033176954525 2.0271294145940693 83 56 8 0.17291634546813542 5 895 74 839 35 656
5941 -0.016675779199802242 0.6846369914395436 2.2264185529499767 247 185 49 0.09041129561231652 5 898 74 843 35 785
5942 0.32802046293081405 1.0064052619291655 2.2151935956821389 175 134 32 0.12639871293748545 5 899 74 847 35 800
5943 0.0060887309340355257 0.74152417720223585 2.2698999797154245 254 197 53 0.07390630819566249 5 901 74 850 35 794
5944 -0.39187724478990876 0.84803800103838156 2.2076205951735277 254 199 55 2.3700801187545544 5 903 74 853 35 798
5945 0.024282393806091249 0.77634636984605399 2.322943154956925 254 198 55 0.040279150704529275 5 906 74 860 35 802
5946 0.23560511639865347 0.85041440308250449 2.4456223745322663 44 38 35 0.23304092369921867 5 911 74 866 35 809
5947 -0.60949248393856714 0.88319557152450745 2.3456168389768264 187 138 32 0.043093916018441737 5 914 74 868 35 808
5948 0.14728151184173796 0.87274859807032112 2.5268189196144486 131 112 89 0.39133289062223797 5 919 74 872 35 817
5949 1.6931536914846856 1.5880992996097372 2.6206030837630676 227 212 174 0.2326155130852621 5 969 74 873 35 704
5950 -0.84153603944126965 1.0707060767856735 2.4711964412488827 106 112 135 0.089384820840996901 5 922 74 874 35 821
5951 -0.84153603944126965 1.0707060767856735 2.4711964412488827 106 112 135 0.089384820840996901 5 923 74 875 35 822
5952 0.85252208043048872 1.1703009478727688 2.8883728212215205 229 213 175 1.1504145087919759 5 928 74 883 35 726
5953 -0.37796450211416904 0.60557156447419269 3.2019142586588445 221 208 171 1.9320994731043861 5 940 17 1106 74 895
5954 -0.47765836734551204 0.53427781451320155 3.4025671611227106 212 182 142 0.23769517127913256 5 946 74 902 35 891
5955 0.81891712242990189 0.81145659373311219 1.6116949704270207 143 112 27 0.63154335198411449 5 947 74 904 35 848
5956 1.2682063166914848 0.81601462085484056 1.7039811880610136 254 197 55 0.13324915231855591 5 948 74 905 35 851
5957 1.1349705511483186 0.72688957592802395 1.7327158407463135 255 198 55 0.12267839381015382 5 949 74 906 35 850
5958 0.84808776393067531 0.94750049257422753 1.6516452340222818 150 125 37 0.54035087845579677 5 993 74 907 35 768
5959 -0.37447229373832291 0.67713138267229878 1.8857210768739476 253 215 52 0.11071002212316178 5 950 74 909 35 608
5960 -0.16787369410876593 0.55841419844908102 2.0426677420154324 255 199 56 1.4983829571643248 5 887 74 911 35 616
5961 -0.48979531471084697 0.3928064639321755 2.1222438436749811 255 213 57 0.085824787783829418 5 952 74 914 35 852
5962 0.73354076733701468 0.95887066130688448 2.0622768228741055 226 169 46 0.091675998763029634 5 953 74 915 35 855
5963 0.34143479339695476 1.2641531200590337 1.9509892897656527 155 117 30 0.074300457498895259 5 892 74 916 35 784
5964 0.43992885759018224 0.8135030118836919 2.1934192879868863 95 84 78 0.16482795449656196 5 1002 74 919 35 901
5965 -0.62879148467958734 0.77833426132246608 2.1569534553073892 154 125 31 0.058540555584417973 5 956 74 921 35 862
5966 0.34672553232280451 0.91902407254040785 2.3668962721437774 157 124 32 0.36922899234994766 5 961 74 925 35 867
5967 1.4635386899158513 2.2147916295659407 2.1652467974348486 2 2 1 1.0918634148626449 5 1027 74 926 35 816
5968 -0.63873451544809945 0.89909640124773427 2.2945707590750266 118 0 0 0.31321034172203344 5 963 74 927 35 805
5969 -0.63873451544809945 0.89909640124773427 2.2945707590750266 118 0 0 0.31321034172203344 5 964 74 928 35 806
5970 -0.69301127921110517 0.97137163204767973 2.3071638862069559 137 118 37 0.11364880281026039 5 912 74 931 35 868
5971 -0.20248355185167383 0.6053244534808867 2.5323970835579352 255 226 58 0.079682879622105449 5 966 74 932 35 869
5972 -0.61188540041717931 0.8635150953856463 2.4299628154355646 165 134 34 0.094969709776521527 5 967 74 933 35 815
5973 -0.74071835423416854 1.0940620525597282 2.3883078212264013 0 0 0 0.068464846855574704 5 968 74 934 35 873
5974 0.64235895996396908 1.1174933535849165 2.6136975262570621 136 131 143 0.093779851381064372 5 972 74 940 35 877
5975 -0.50436955248398418 0.55990493197510538 3.3467058973822934 93 64 48 0.23802469275351851 5 945 48 1023 74 957 35 890
5976 0.88069492356710044 0.86401384147270199 1.686404241109031 110 69 11 0.064606694195702793 5 992 74 959 35 924
5977 0.54522208687538554 1.2690490847218774 1.6154789650047341 0 0 0 0.27723888261871421 5 994 74 961 35 895
5978 0.54522208687538554 1.2690490847218774 1.6154789650047341 0 0 0 0.27723888261871421 5 995 74 962 35 896
5979 0.28913908782441206 1.2298454494736366 1.9204523813359593 0 0 0 0.33435174369142567 5 998 74 966 35 899
5980 0.28370159536573064 0.85441089905118972 2.3089900129696082 106 62 8 1.7516553480657258 17 1123 74 973 35 903
5981 0.012093030266903971 0.73166625913202854 2.448417809153431 255 225 60 0.12759311668291065 5 1010 74 980 35 909
5982 -0.66685503388206269 0.95285837492693437 2.5693123608441941 82 95 121 0.27573704929824611 5 977 74 983 35 878
5983 -0.71239012549208258 1.1976385853403206 2.5421381568809611 4 4 5 0.5267948432002526 5 978 74 984 35 916
5984 0.43141123511428603 1.1811240146773925 1.6761615699717578 179 135 36 0.17965058364858688 5 1020 74 990 35 925
5985 0.4238840516716722 0.82689381395777029 2.0938826149172627 240 204 66 0.29966715166910313 5 1021 74 991 35 926 17 1176
5986 0.46368039734290256 0.90572683532540488 2.2522885475009877 186 125 27 0.41936689734204141 5 1025 74 993 35 933
5987 -0.48233327644284196 0.57388331669250736 2.4817920835418583 123 0 0 0.10484589897031682 5 1033 74 996 35 959
5988 -0.48233327644284196 0.57388331669250736 2.4817920835418583 123 0 0 0.10484589897031682 5 1034 74 997 35 960
5989 0.57820618008754487 1.2029267330217137 2.8573232046429315 9 8 7 0.51009950724796904 5 1041 74 1004 35 944
5990 0.59960674160054772 1.2050495812713868 1.695952646629999 164 114 31 0.22078310331323278 5 1051 74 1009 35 950
5991 0.32558825177156514 1.1752804914973201 1.7610025032852568 0 0 0 0.70251614261132156 5 1052 74 1010 35 952
5992 0.32558825177156514 1.1752804914973201 1.7610025032852568 0 0 0 0.70251614261132156 5 1053 74 1011 35 953
5993 -0.13016686228902488 0.64853854495008734 2.1560046004429934 0 0 0 0.62545793575740893 5 1023 74 1012 35 929
5994 -0.13016686228902488 0.64853854495008734 2.1560046004429934 0 0 0 0.62545793575740893 5 1024 74 1013 35 930
5995 -0.48386542624454987 0.95639786587036024 2.1435742202078427 0 0 0 1.6890705149274485 5 1026 74 1017 35 932
5996 0.69352214150227376 1.0751996068776455 1.2047436970171137 132 108 39 0.37205009600937755 5 1061 74 1022 35 946
5997 1.1047444932659909 0.63867627903010915 1.6000018948774661 255 198 55 0.17429726858747233 5 1062 74 1023 35 966
5998 -0.60958032249310046 0.81676159079089061 2.1887421003385907 164 124 32 0.38809938109770065 5 1067 74 1026 35 969
5999 -0.53387958647771505 0.72377717514249351 2.6332853141057257 81 87 96 0.64263652003077232 5 1073 74 1030 35 975
6000 0.59591324339830221 1.0344900142539974 1.8979059256032815 0 0 0 1.1091807159827514 5 1079 74 1034 35 967
6001 -0.40382743996691806 0.50697277482779901 2.3801886068780043 254 201 54 1.087355513280502 5 1080 74 1036 35 970
6002 0.81586608810859873 1.3430676409113398 2.3902794244002585 198 176 135 2.0180318885385038 5 1091 74 1038 35 961
6003 -0.20306709634177145 0.76463970823245309 2.964735251289488 154 146 158 0.72075120502583401 5 1084 74 1043 35 995
6004 -0.20306709634177145 0.76463970823245309 2.964735251289488 154 146 158 0.72075120502583401 5 1085 74 1044 35 996
6005 -0.24255086363429243 0.69553374570166782 2.7763076938975493 50 50 55 0.65985587203068019 5 1095 74 1050 35 985
6006 1.1791741695130462 0.82322076528153099 1.7161547281235623 255 197 52 0.25923522777575336 5 1097 74 1051 35 999
6007 1.026526809257738 1.0214708454514165 1.8686377091348745 0 0 0 0.36734535936465385 5 1099 74 1053 35 1001
6008 -0.6373471301925604 0.82007271025871331 2.4355923528457661 147 125 36 1.0111157088085845 5 1092 74 1055 35 991
6009 -0.078270906920853214 0.70605963012772333 2.587678045077431 255 196 53 0.35060211052928342 5 1093 74 1056 35 1003
6010 -0.39244169177890409 0.68895047927825714 2.9634840802589499 6 8 13 1.2322256138717016 5 1096 48 1125 74 1058 35 1005
6011 0.27902456626439343 1.0141671370040324 3.1136298903727497 100 65 49 1.4896075830679767 5 1103 74 1059 35 998
6012 0.63213384376051929 1.1966427724863717 2.7460870674794027 133 126 136 1.0144992225224787 18 975 57 1023 17 1022 5 810 74 744 57 523 35 828
6013 0.86698226371465847 0.90674444077298688 1.8582804031744491 94 93 107 0.05239076650845384 5 881 74 818
6014 0.80125944203944055 2.3219388103398275 2.0029252260224335 146 97 70 1.0352415005506783 26 1249 89 1368 97 1277 8 1289 16 1094 95 1180 24 1119 61 1118 54 1015 59 1370 51 1528 68 1214 46 1313 22 1309 94 1245 52 1167 39 910 33 929 90 951 99 1086 84 1064 93 1195 13 1499 86 944 38 1040 7 1050 81 1014 55 1052 63 1054 70 1017 23 957 42 995 72 965 21 1251 49 1131 83 845 29 1121 32 823 58 854 73 968 67 991 19 887 11 864 12 1001 60 954 4 961 50 928 66 908 62 819 96 959 76 947 85 739
6015 -0.45204028351149378 0.55068398489090442 3.352804367596097 150 101 76 1.8886351372479728 91 549 42 497 46 1172 22 1117 94 1086 98 1027 52 738 39 695 33 684 90 659 34 900 63 1108 16 526 54 829 9 1122 36 987 15 1006 55 1109 23 1028 91 746 47 1002 79 1158 65 948 88 706 75 185 40 884 28 828 32 813 19 940 11 892 19 923 53 201 83 424
6016 -0.33260332883843235 0.5714987703064176 1.9396725156303689 206 0 0 0.69337808832794634 26 1223 89 1371 41 1204 97 1253 8 1297 16 1098 24 1146 61 1152 59 1445 68 1321 46 1464 51 1568 13 1548 34 1177 89 1372 41 1205 97 1254 8 1298 95 1152 61 1153 24 1147 54 1070 59 1446 51 1567 68 1322 46 1463 22 1435 94 1337 98 1264 52 1239 33 1059 90 1124 99 1240 84 1217 93 1247 13 1547 34 1176 86 1093 36 1159 15 1133 79 1223 31 1224 47 1078 100 1059 82 1045 40 948 28 902 26 1222 16 1097 95 1153 91 1071 38 1179 7 1204 81 1145 55 1166 9 1194 44 1072 63 1184 87 1043 70 1020 23 1167 42 999 54 1069 86 1092 38 1178 7 1203 81 1144 55 1165 44 1071 63 1183 9 1193 87 1042 70 1021 36 1158 15 1132 23 1166 91 1072 42 1000 79 1222 31 1223 47 1077 88 976 88 977 100 1058 40 947 28 901 32 872 72 947 72 948 21 1213 83 852 83 853 57 1045 17 1147 73 978 11 842 37 776 37 777
6017 0.98718211542961909 2.3609863665782087 2.0001810838873921 98 58 38 0.6512468725444347 12 539 60 590 71 440 92 457 57 371 18 341 50 658 62 528
6020 -0.11600331170221789 0.84092095596043759 2.7553514513782322 21 18 17 1.2376997878735432 11 936 60 1056 4 1054 50 1019
6021 0.72926848310078196 0.92071709466965634 2.0261103145132267 57 57 66 0.064297140345202453 5 66 35 62
6022 -0.31699555399522356 0.7652153783117237 2.7395102595479619 21 14 9 0.51377919998499777 5 561 57 157 35 184
6023 0.17385488626911869 2.9958383824910242 2.4174035694756837 61 62 76 1.4130429595927472 18 153 35 231
6024 -0.14509014196048403 0.86356306882987677 2.9668821802166567 154 147 157 0.65440245564636401 17 323 35 253
6025 0.21610564873938362 0.8596754568649787 2.3129843348452717 89 46 3 0.41094722542499307 18 311 35 418
6026 -0.0016431039614459493 0.87284128157023644 2.8776341899542941 31 24 20 0.057112117340358454 5 286 35 502
6027 -0.16566718475025183 0.84045139425797 2.9508011699730408 68 67 77 0.57330984067515933 17 320 35 524
6028 -0.16952911823355241 0.83527407768968565 2.9487650576188331 68 67 77 0.12131344486000359 18 528 35 525
6029 -0.23170043012792935 0.7855497040793965 2.967487155762834 67 67 79 0.18082366576121134 74 296 35 529
6030 -0.42860959043939972 0.95448403123797998 3.0607282009005763 118 113 97 0.08160841363005393 5 631 74 790 35 559
6031 1.4599561377365686 0.9805250873571193 1.7201009285789475 247 193 55 0.77965037892341982 5 693 74 650 35 599 17 1112 57 1043 18 935 74 814
6032 -0.64365441509704224 0.64029581377650313 1.9963646790177347 124 111 32 0.28337642952468312 5 444 35 619
6033 0.22989879330391627 0.94875419425058538 3.0769531027304744 54 35 25 0.48412703358008563 5 987 18 802 35 842
6034 0.66944279809975449 0.99463721589611553 2.6222638529573237 10 8 7 0.39450238938325571 74 999 35 940 5 1036
6035 0.48344810853046394 1.1076976484458592 2.7275184568046029 79 80 93 1.3819504287319955 18 1093 35 986 71 1000 6 881
6036 -0.10572563503708952 0.83905855872303348 2.9085602061945837 145 137 148 0.082379790746175199 5 827 74 762 35 732 18 725 57 542 17 635
6037 -0.41860642798751091 0.41747390206694596 2.2147086459813101 69 67 71 0.25482362981667339 5 736 74 676 35 629 57 354 17 737
6038 -0.22790678623453978 0.80168266440182401 2.9653633182758541 75 76 89 0.24453566036821778 18 532 57 553 35 528 5 321 74 295
6039 0.46758522876557251 0.95157132364835362 2.2845947807462377 254 198 54 0.088158508927243154 18 958 57 924 17 994 35 801 5 765 74 700
6040 0.31428470746772497 1.1285181537892701 1.5541106962953739 0 0 0 2.1315161165039052 5 877 74 813 35 894 18 994 57 1040 17 1111
6041 0.66578278851885864 1.249698808185451 1.325419316992944 226 110 10 0.11072799992085891 60 114 4 118 50 98 62 83
6042 -0.40437082029135557 0.53008381126649418 2.4457544391213344 225 225 243 0.1405962249178753 60 440 4 183 50 135
6043 0.6827961825026958 1.4280795967374953 1.9517079929628041 2 2 2 0.92488823472298465 12 733 4 215
6044 -0.36428767492124497 0.82274832442317603 3.0486718681986096 13 10 9 2.0601456026890328 12 474 92 437 4 257
6045 0.6795562955064538 1.2876378210029891 2.634682220856432 42 36 28 0.10504512819573153 4 277 50 211
6046 0.71887864427539694 1.1223442132630552 1.153985441367785 214 117 13 0.51275065649591189 60 371 4 426 50 391 66 362 62 608 85 469
6047 0.56945315541702535 1.0617315931490363 2.1834244857806002 153 90 11 0.18776949159747636 60 205 4 530 50 570 66 535 62 461
6048 0.52480893691786545 1.0726058302836607 2.2368904793907727 151 90 11 0.19663839717020154 60 210 4 533 50 572 66 167 62 648
6049 0.53000750751576642 1.0793733703709574 2.3071278758032068 254 189 46 0.19490823827726311 60 486 4 539 50 574 62 465 85 404
6050 0.65424682319699512 1.4474350553034934 2.1441479597613857 14 11 11 0.11619261239266665 60 492 4 551 50 581 66 555
6051 0.61849203986382428 1.5160787270208109 2.1253269421742966 157 151 162 0.16041632592774027 60 493 4 553 50 582
6052 -0.31562004395067911 0.66038897317865808 3.2299061859683884 242 222 175 1.013619038108434 92 180 4 580 66 183
6055 -0.43142453462140312 0.76337984527177027 3.2138130215547607 224 205 162 1.0847178644494979 60 1044 4 1010 50 974
6056 1.0868588220470921 0.60986126325290757 1.5362587109081218 255 237 71 0.90628318320480494 92 811 4 1014 50 982 60 1017 66 914 62 706
6057 1.0817606887916309 0.61225842709800615 1.5370289702821285 255 237 71 0.6025584674748472 60 1018 92 812 4 1015 50 983 66 915 62 848
6058 0.40489886250636337 1.4955517312978859 2.6366380197903827 137 99 68 0.87338466271453363 60 1013 4 1027 50 978
6059 1.5866522499208915 1.4942755318263938 2.6294925135599647 238 218 176 0.45219713161229319 60 1049 4 1045
6060 -0.30886172769736503 0.61152580001455725 2.0448057865582814 249 193 44 1.5113495226145597 60 1073 4 1061
6061 0.90742715128707219 1.4628948810974554 1.3241870058318466 255 208 45 1.8406931541598939 60 1074 4 1065 50 1023
6062 0.90742715128707219 1.4628948810974554 1.3241870058318466 255 208 45 1.8406931541598939 60 1075 4 1066 50 1024
6063 0.56059914863570226 1.3351230974388753 2.3940959324565769 252 188 46 1.9690124235757971 60 1077 4 1069 50 1026
6064 -0.42475085025783266 0.59807917704087377 2.532951127464278 4 0 0 1.5163725871681453 67 408 19 93 11 362 12 720 4 198 11 114 60 453 50 823 66 516 66 823
6065 0.62665499746943654 1.285089641915061 2.3204900540367972 164 90 11 0.43568565586010577 67 476 12 453 71 408 6 515 92 397 4 241 73 169 60 241
6066 0.41900965134353424 2.0891085428273874 2.190889082053463 153 96 65 0.36761292400525258 72 222 37 151 96 214 76 464
6067 1.0270803290870485 0.71234680101365022 1.8166271904018125 249 249 88 0.33484807523693805 83 450 62 425
6068 1.0114944260184033 2.4233807632342956 1.9208544010251705 152 101 73 0.26936571575451773 83 227 91 265 37 291
6069 0.98240139750166677 1.9483229349413205 2.3143958776366031 227 212 175 0.29709100452091075 72 579 37 464 96 618
6070 1.5193148081734991 1.4761357174901211 2.6981365619099154 224 211 176 0.88318044199243284 83 624 37 480 62 786 66 863
6071 1.663362419048386 1.5203249570609689 2.6303054197227507 227 214 179 0.25607967662473047 72 585 37 487 76 600 96 624
6072 0.95521093890440389 1.3749888184530936 2.8362908177935431 244 221 174 1.7070575992715749 83 686 37 533 96 692 76 670
6074 1.018398942480409 2.4533581937887616 1.9102713541996894 1 0 0 0.31572355870187996 83 702 37 672 62 763
6075 -0.21258919354653316 0.9478505888077553 1.8584786983811559 190 196 220 0.36678605488962529 83 774 37 706
6076 1.1409466794171519 0.74088241252059817 1.7054932009007753 255 252 80 1.7444092871688022 83 862 37 758 96 865 76 847
6077 -0.36952294501983013 0.45991911128590546 2.0847601252130503 255 234 71 0.60137590635116567 83 893 37 821
6078 1.2314358952964817 1.3783375133907678 2.7389426789589502 76 50 35 0.9222505395237437 99 675 84 651 93 906 13 1075 51 1058 77 361 21 800 95 834 72 654 29 712 37 561 47 943 91 834 88 797 100 948 82 917 83 696 66 624 96 711 76 701
6079 0.61483346778203285 2.2714663507737467 2.0703526535337509 97 66 51 1.2388365079026127 26 1144 89 1365 41 1201 97 1250 16 1029 95 1143 24 1061 61 960 59 1430 37 551 32 380 83 493
6080 1.2951589080230776 1.3474179503587378 2.720103532024897 119 77 54 0.38722976111777724 95 835 72 656 21 1066 13 1065 49 950 3 457 29 944 37 562 42 624 83 700 96 911 76 890 85 687
6081 1.3126694399616343 1.3965235855547995 2.7188633033781433 81 56 46 0.83247378448532172 95 844 72 661 37 575 100 578 82 264 40 446 81 418 55 423 9 113 44 626 36 780 15 819 91 845 47 827 47 947 88 684 28 444 32 203 83 705 66 784
6082 0.35443014759058472 1.1629805929952914 1.5691769887342653 56 66 86 0.086193681291751686 2 28 56 31 69 29 27 38
6083 0.3528102458610104 0.81496805992434029 2.1249419493814221 124 73 11 0.47758308508852626 80 50 56 57 69 251
6085 -0.74236687787413069 0.92978388924361177 3.0858361513399593 97 88 68 0.28025481379128453 2 312 56 240 1 371
6086 0.85540108249089053 0.70675570689323142 1.6060180056349136 143 122 46 0.25546683554665817 2 575 56 246 69 226 27 207 25 191
6087 0.31368617574803492 1.2225926138987349 1.6413243636310466 20 22 30 0.32522699761782647 2 35 56 267 69 246 27 44 1 36
6088 -0.37224683471785847 0.57062339196430789 3.2855459125321493 162 114 86 0.52733671954487671 2 662 56 321 27 407
6089 -1.1277972479931426 1.507786119672387 2.6580352253316288 65 47 37 0.44035093765545563 65 472 56 366 69 344 1 516 27 326
6090 -0.50665350576321933 0.76328500745974248 2.678987162893069 97 90 27 0.18745656555620718 65 757 56 420 69 406 1 572 27 379
6091 -0.52685660235252563 0.97722221585914659 2.7649507109166334 4 4 5 0.66347652283363212 2 656 56 432 69 419
6092 1.0561410659248587 0.62696286572437132 1.5863395104876512 146 128 48 0.27455549087185388 2 714 56 469 69 347 1 622 27 434 25 352
6093 -0.52949455221927832 0.8129366506531237 2.7149464436845987 99 92 29 0.54972691808288354 65 917 56 521 69 485 1 736 27 472
6095 -0.66556488125663826 1.4664990877777881 2.6953554765464069 82 88 82 0.24682552396137111 65 935 56 535 69 497 1 750 27 536 25 401
6096 -0.55399431196526661 0.66446038513936212 2.6285165855356212 92 63 11 1.0932746346788649 65 1041 56 555 69 521
6097 -0.62757834932799705 0.9269707214853663 2.5799122515883539 87 98 124 0.24899967867660266 2 767 56 559 69 526
6098 -0.52738355102491075 0.76389624558176117 2.5144752466575353 183 147 38 0.059326034831208983 2 859 56 584 69 555
6099 -0.65212010410958898 0.77713765630454712 2.1628195208721768 95 68 13 0.17830271976287151 2 86 56 64 69 67
6100 -0.3577369080783554 0.90212715306176694 3.1231630324064765 67 69 63 0.09486489584319352 2 489 56 202 69 186
6102 0.60505236689257946 1.0456871370302425 1.2809585225176456 31 36 43 0.072105058622211546 56 5 69 5 1 4 27 5
6103 0.61294464601492071 1.0482017270169595 1.2789148580294152 31 36 43 0.13976253952007037 56 6 69 6 1 5 27 6 25 2 14 1
6104 1.1209947546023904 0.69734058644518249 1.703126801466796 0 0 0 0.59484351551574965 65 7 1 12 27 18
6106 0.78637461528536523 1.4590217761048654 1.2846592409154136 4 3 1 0.18547017846820077 56 260 1 23 69 23
6108 -0.49497881670790289 0.60829006902301286 2.417266208928933 121 101 28 0.10182392939298607 56 80 69 77 1 83
6109 -0.47380906637472381 0.63626292639911386 2.517019060402311 156 109 29 0.26557235520833899 56 286 69 263 1 93 27 243
6110 -0.66299842489700533 0.90045233081119713 2.3391419027831946 104 80 19 0.30986371089297415 56 98 65 233 69 91 1 96 27 81 25 78 14 71
6111 -0.49877593757462779 0.64958643386855242 2.5833667494366872 99 77 11 0.2788612964879994 56 103 69 93 1 103 14 75
6112 -0.75150727682656759 1.0546817500860948 2.4766920374247809 91 108 142 0.2141175068010378 65 584 1 132 27 103 56 127
6113 -0.35271730460576023 0.69976572828706329 3.2630473621947869 104 101 86 0.27405000437135407 56 207 1 244 27 170
6117 -0.53760071203849913 0.6229356158229763 3.31528305880463 108 106 91 0.0024778058400893701 65 458 1 365
6118 -0.73872165704297132 1.0019285579583079 2.5071760747534992 95 106 131 0.41848228375386931 65 765 1 445 27 262 25 240 14 277
6119 -0.57474205495438768 1.3096866647941929 2.810361533835366 80 86 81 0.14222607459388339 65 621 1 483 27 408
6120 -0.87905425713644536 1.6089213276410619 2.5772854874305406 121 84 67 0.85080328593165666 56 231 65 638 69 210 1 486
6122 -0.52945232133429476 0.6407058080057737 2.6695661082490827 42 42 39 0.29689490371120492 65 751 1 566 27 376
6123 -0.552410840811007 0.71805985531315519 2.7415925428483638 12 12 14 0.07785303989812728 65 585 1 580 27 385 56 423 69 409
6124 -0.75994063670795997 1.0214045004426193 2.5128365067994527 12 12 14 0.19684937150016438 56 426 69 412 1 582 27 387 25 331 14 420
6125 -0.40068552697748355 0.78153549649771359 2.8546682285498219 20 31 47 0.13305833171037812 56 305 69 282 1 585 27 271
6126 -0.80880433372967087 1.6375106489401972 2.5618227255323274 112 80 65 0.71128398460687736 69 329 1 607 56 353
6127 -0.35388493513219549 0.72963187247914008 3.2535817263141347 221 208 173 0.22478945204111955 56 342 1 617 69 319 27 310
6128 0.71861523661309423 1.1367517412677834 1.2096986797052245 138 124 67 0.31745473971467231 56 468 69 453 1 623 27 436
6129 0.50180839325192739 1.0202956559056524 1.4754739777640296 23 29 39 0.39463524172370229 65 969 1 634 27 445
6130 -0.68598041277014832 1.218544420014863 2.5518632396684175 100 113 140 1.9511009159182953 2 657 1 661 27 480
6131 -0.70312794346203433 1.5091831415596588 2.6499737859619352 63 71 69 0.29908617369751439 65 936 1 673 27 486
6132 -0.37330504442645956 0.54377841390308179 3.3270844536793756 1 1 0 0.6071906643546473 65 1014 1 686 25 446
6133 -0.50108060456479808 0.55833291556331333 3.3993335065414718 103 105 95 0.35666434088972954 56 539 69 501 1 699 27 493 25 449
6134 0.7039459856236191 0.92958847465096761 1.3823252620783042 96 103 124 0.42552644420370545 65 964 1 706 27 440
6135 -0.6405961580425894 0.89122196681416599 2.6409822188554348 106 97 29 0.76952862941955291 69 528 1 738 25 430 14 542
6136 -0.61576537238114304 1.4226577034412775 2.7308772436524742 66 69 65 0.30280358911226968 56 534 69 496 1 749 27 535
6137 0.67917304234199327 1.2962328082264267 1.1454293647380569 0 0 0 0.67081808574938584 56 568 69 505 1 757 27 494 27 538
6138 -0.77112015614562623 1.5626907099565666 2.6296113585547287 117 123 118 0.76862942571071791 65 1067 1 771 27 559
6139 -0.23624108517304951 0.91907176036783633 3.0296732865612719 6 5 4 2.0904027970096104 1 824 27 599 56 637 69 609 25 520
6140 -0.69171601544115213 1.3804523290854385 2.6136220452413208 8 8 9 1.4429028224741283 65 1095 1 825 27 602
6141 -0.48491228771141931 0.56395998331722696 2.4113839442496268 48 34 5 0.2013083307303983 80 75 2 93 1 81 56 74 65 199 69 70 27 69
6142 1.0363510346338694 0.63275072266100696 1.5251538174500985 130 104 31 0.69262052827776832 34 419 53 6 80 339 2 365 1 384 9 913 63 912 23 694
6143 -0.5078706594953738 0.58584617803629457 3.3436077242717879 60 40 28 0.79148087425558145 68 378 46 391 34 330 30 285 80 506 2 521 56 355 69 332 1 513 23 363 65 468 27 317 25 350
6144 -0.54297342340962074 0.81217963742244192 2.7095146451691519 99 92 29 0.88231797562375092 2 766 56 522 69 486 1 737 63 1000 23 1000 65 1004
6145 0.34295150433347554 1.0683776900550215 1.5466575669906697 96 53 4 0.2919964786303198 75 292 53 511 45 523 30 637 80 588 2 586 56 388 69 368 1 528 23 735 65 699 27 352
6146 0.83456764264727612 0.68918420286977977 1.5445895145944202 34 37 45 0.033500110088889659 1 390 27 3
6147 -0.66118080249632005 0.60858834850410959 1.9899739716894502 102 87 21 0.22591339413701736 69 31 27 42 56 263
6148 -0.50038861935582768 0.39026977717465178 2.179935730925997 97 68 15 0.086892013644178936 56 36 69 35 27 45
6149 -0.50346096108970262 0.43165300833954434 2.2386221010960354 98 71 17 0.080751165725358495 56 44 69 44 27 47
6150 -0.48407351806685017 0.57137883335159656 2.4627749822252398 111 1 1 0.39311968461946906 1 85 69 80 27 73 56 282 25 221 14 64
6151 -0.6710536293270204 0.9174729816088576 2.3031517061339288 115 92 25 0.1290757361565231 56 287 69 264 27 79
6152 0.18111328112956845 1.6555607383205566 2.0507070329703634 0 0 0 0.12385629630285762 56 107 69 96 27 86
6153 -0.68692627310128207 0.96815835520370597 2.3919136921929578 67 66 74 0.17524513182283011 56 292 69 270 27 91
6154 -0.58514311320826484 0.8328748155667528 2.6473980044198302 84 97 124 0.21577496572823765 69 275 27 102 56 297
6155 0.53844466164771332 2.1350079947184923 2.1748038832896421 42 25 17 0.35918108249558472 56 301 27 104 69 278
6156 -0.70641754847239913 1.2686805113346677 2.5496368096604751 61 54 13 0.1815353278169031 56 161 69 146 27 133
6157 -0.42060364511986714 0.82501540772192583 2.9272291443709282 8 8 11 0.060728629179780558 56 167 69 152 27 143
6158 -0.42151097425136602 0.8221883604864817 2.9456885291379473 75 62 13 0.064804630387593182 56 168 69 158 27 145
6159 -0.70508629412440094 1.2435480755875046 2.6125067274224159 7 7 10 0.1038128129035593 69 160 27 147 56 170
6160 -0.70675966068282248 1.2634941906765602 2.6194970831508804 88 74 19 0.12983316313073415 56 172 69 164 27 149
6161 -0.53820074263839079 1.3022569358970342 2.8241626992045683 44 44 38 0.10639705946564734 65 357 27 167
6164 -0.49907675161246129 0.70503045155693966 3.2639023193711267 119 113 92 0.033882995590200651 1 499 69 206 27 187 56 226
6165 -0.49748679930024914 0.70546012368058575 3.264214909452622 119 113 92 0.032555882208495944 69 207 27 188 56 227
6166 0.77572720110307269 0.74904313939877787 1.5670929381132148 117 132 168 0.23848149360787185 1 394 27 205 25 189 14 196
6167 0.82456120594732663 0.75189272541935825 1.5837414045661846 133 116 66 0.35438108432923382 69 8 27 209 25 295 14 353
6168 0.36156161926022279 1.0297041455776026 1.5920675813038063 90 83 78 0.13754422600606037 1 402 56 256 69 237 27 215
6169 0.35420940970564507 1.1767559121745046 1.5407660514187169 83 99 132 0.10597802256367728 56 262 69 243 27 216
6170 -0.66187701286396639 0.63610052864261424 2.0236757489170065 92 72 17 0.1695568655991847 56 265 69 378 27 221
6171 0.56359588514668013 0.97286000010182927 2.0805181071130194 162 127 36 0.20466240367493224 56 272 69 252 27 226
6172 0.21935416749762796 1.3029810471508891 1.8802507206034589 1 1 1 0.074933729446181555 56 277 69 256 27 229
6173 -0.66485485287439017 1.0054792534814427 2.4794327444508788 115 98 28 0.55144027327719403 1 571 56 295 69 274 27 259
6174 -0.61640575157700894 0.77536139460621945 2.8280098349977076 22 24 32 0.056061876299044966 56 307 69 285 27 274
6175 -0.74320538029545169 1.2194352465978791 2.5586625859624901 12 14 18 0.9315013312540158 1 460 27 275 25 135
6176 -0.28759250102955625 1.0681893248350536 2.997100632451132 53 50 43 0.31578094229373971 1 474 56 319 69 300 27 295
6177 -0.72214940798499239 1.6438621589624887 2.5208662553657151 18 12 11 0.14132130138046914 56 330 69 307 27 296
6178 -0.30079513427880145 0.85662350381013663 3.1436647736850154 82 82 68 0.12887409295879368 56 324 27 300 69 303
6179 -0.40975208997136758 0.56108779363286054 3.3457106894570772 156 107 82 0.076662948012386725 56 215 69 194 27 313
6180 -0.67766820699576069 0.85370593499378189 3.1592963444604112 187 178 150 0.036914223380837101 56 363 69 340 27 323
6181 0.68203562178724697 0.9683841571462154 1.3527323478867761 21 18 14 0.31518451144278653 56 371 65 689 69 350 27 330
6182 0.66482511554000112 0.96338324560284982 1.3581357395075031 21 18 14 0.16596795864975483 1 520 56 372 69 351 27 331 25 291 14 343
6183 0.76929084509846712 0.91828229921246263 1.4367054886608106 113 96 41 0.29141460883739767 56 373 69 353 27 333 25 292 14 344
6184 0.83791687985808139 0.89213295535767623 1.4769829777787338 67 60 52 0.16582108703469892 56 376 69 356 27 334
6185 0.76724476667136332 0.77464580214131928 1.5914757886390725 16 22 30 0.08519200979490138 56 381 69 361 27 338
6186 0.35811150074183601 1.070876780910871 1.4990162664452438 240 207 69 0.16818808257626847 56 385 69 365 27 347
6187 0.45007701470213618 1.0311404589915736 1.5520008633023852 129 142 175 0.13382454072304939 56 386 69 366 27 348
6188 0.45007701470213618 1.0311404589915736 1.5520008633023852 129 142 175 0.13382454072304939 56 387 69 367 27 349
6189 0.33618035158222104 1.2174490236429756 1.6099523790378243 94 110 144 0.14855217008209201 56 394 69 375 27 354
6190 -0.48204651607652838 0.45669750881792831 2.2934521446641867 139 116 31 0.31203544766236191 69 382 27 361 56 270
6191 -0.66738368610317922 0.90902230156552766 2.314230412470184 122 87 24 0.60268003410010951 65 547 69 397 27 373 25 319 14 262
6192 -0.70995560022585469 0.97597199796183698 2.5330991803199536 90 107 142 0.21708396299006633 56 425 69 411 27 384 25 329 14 411
6193 -0.55399854446936581 0.71755396449939457 2.7414856635919471 13 14 16 0.080978787943797814 1 581 56 424 69 410 27 386
6194 -0.56833286826034357 0.78061633790289864 2.8018003288070576 98 110 140 0.2877821581542479 69 488 27 390 56 523
6195 -0.020066037233094712 1.9548380050869889 2.2921472541079222 32 23 18 0.21290902636339384 56 433 69 420 27 393
6196 -0.33954399957492321 0.94884364721715952 3.0791489892153829 85 89 82 0.13019789393873529 56 326 69 305 27 405
6197 -0.39238957303468242 1.0260487913748533 3.0165223303202957 59 59 53 0.13703053971219137 56 328 27 406 69 306
6198 -0.40884257899436782 0.9154160421201295 3.0998631575228597 116 114 98 0.094059367501025781 56 338 69 313 27 411
6199 -0.46181146206882651 0.74910306639233293 3.2311031562709469 228 214 177 0.4481080380386519 1 694 56 350 69 327 27 419
6200 -0.60354922968124569 0.74971559431650847 3.2339851738795491 215 203 168 0.066499173648325763 69 448 27 427 56 459
6201 -0.70690385358251573 0.90568063320914927 3.1201163399584604 167 160 136 0.066359169114313235 56 460 69 341 27 428
6202 0.72713939023522889 1.0463972516862132 1.1990071693597191 146 132 49 0.11180970518231781 56 464 69 452 27 430
6203 0.8828150403237589 0.65776967108002438 1.5722808837355473 148 132 47 0.11453368233086121 56 470 27 435 69 455
6204 0.6630650198069391 1.2564290605806945 1.2013903759203568 137 124 47 0.50265431981713615 56 474 27 443 25 297 14 352
6205 -0.0185176308173443 0.87074751966053388 2.293972415084462 10 6 3 0.079780008298973068 56 501 69 469 27 461
6206 -0.15884609464873323 0.86916219863471067 2.3227864390602084 242 192 49 0.41255767763076445 1 728 56 411 27 464
6207 -0.66624940862181525 0.93586830278626254 2.3854270014381691 115 110 81 0.34134527587814728 56 510 69 477 27 466
6208 -0.82145117980277416 1.4605448845765474 2.6964789025987632 113 117 110 0.38998508786067343 56 538 69 500 27 490
6209 -0.4348846048026363 0.73870021741688274 2.78744760368888 114 101 30 0.30965718026029593 56 520 69 527 27 524
6210 -0.45804197653363865 0.70114907242133551 2.8211600611783116 21 19 18 0.8037639256998238 56 585 69 558 27 526 25 392 14 423
6211 -0.33237011762388879 1.7316352767375256 2.4794363670661519 73 81 80 0.20610916882579655 56 611 69 584 27 554
6212 0.80677788322866706 0.70312432183653673 1.482534208679694 141 123 55 0.26170701601766033 56 593 69 564 27 560 25 480 14 572
6213 0.72349400224558957 0.77563517369754054 1.4310187602594391 138 125 64 0.27608056673073988 56 594 69 565 27 561 25 481
6214 -0.4844942541295667 0.61013533174680068 2.47320166720103 101 0 0 0.23998681065243144 1 796 56 603 69 572 27 566
6215 -0.65910591171343236 0.97442065664275657 2.4333112048311678 48 39 29 0.20879956416987885 56 606 69 578 27 569
6216 -0.21696003174171824 0.83231894891546154 3.1807949439161236 187 174 139 0.12566707480505393 56 613 69 587 27 577
6217 -0.33424836558943066 0.6114737082373457 2.5544975996274144 163 124 30 0.48562034345877247 56 605 69 575 27 586
6218 -0.57674429099218105 0.91425993788605864 2.3891807600251429 153 117 28 0.34090787839183517 56 623 69 595 27 587
6219 -0.70052864920853541 0.96238232462494222 2.3250328977577337 125 113 34 0.18840937008643399 56 621 69 593 27 588
6220 0.41217335662567872 1.3421502330572153 1.6108862574049991 0 0 0 0.070548530916356086 56 634 27 593 69 605
6221 0.050310171915666779 1.4914509051240954 2.7796377645665387 45 33 22 0.72963577034566507 56 640 69 612 27 598
6223 -0.95418389990007002 1.5095860076455396 2.6789592360399164 129 131 123 0.55583018436509768 1 827 56 643 69 615 27 604 25 522 14 628
6224 -0.58485640824693796 0.89806730721007733 2.6012294786053509 68 52 8 0.33095778891324296 63 602 23 618 65 761 48 576 1 575 27 383 45 122 80 643 2 641 69 408 56 422 56 515 25 391 14 496
6225 -0.43958687694384657 0.66616772372383326 3.2907927831966668 108 105 88 2.6294738746117972 69 197 27 179 56 224 27 186
6226 -0.46394581112426631 0.5818506904656261 3.3250982574601338 150 104 81 0.42728230800936517 65 446 1 315 27 184 46 372 34 316 30 269 80 234 2 257
6227 -0.69306720634324803 1.65834656847781 2.4701385578061963 31 22 18 0.48065363446256321 7 622 9 559 44 252 23 635 65 600 1 466 27 288 30 574 45 463 2 498 56 186 69 174
6228 -0.46931318338368921 0.60909099897581953 3.314319366280877 70 48 32 0.71096615398547558 65 660 1 497 27 314 46 384 22 873 94 403 94 851 52 235 39 699 33 693 90 159 34 678 75 425 53 208 45 447 80 496 2 502 56 220 69 203
6229 0.62370875575459306 1.0715651857314976 1.3008593870233702 46 44 31 0.94329147337752062 63 1044 65 861 1 627 27 442 34 1167 30 958 75 778 53 760 45 744 80 838 2 841 56 541 69 504 25 358 14 462
6230 0.46606595647633992 1.2377898581767472 1.2676006796870813 124 112 40 2.1750170947134251 1 10 65 13 27 16
6231 -0.41694428203586825 0.64715194144631605 2.4454567888383738 125 57 3 0.10359249244517772 4 194 50 141 66 130
6232 0.77606368484731347 1.2435652250876803 2.0826602159871785 58 52 41 0.1657193802558771 4 217 50 156 66 172 62 146
6233 0.65908691554956833 1.4170047269523438 2.0507641582196383 59 55 45 0.26853182348972277 4 225 50 160 66 545 62 467 96 454
6234 0.6159789719702069 1.5278381995265733 2.1518570291886538 7 7 6 0.21234633610888892 4 244 50 174 66 189 62 158
6235 0.60755395773699739 1.2638943350653349 2.638559590262052 40 36 30 0.94750570505988074 4 270 50 202 66 203 62 185
6236 0.14305953231888613 1.986420044813844 2.2659933277563029 128 80 55 0.13804258993245389 4 273 50 209 66 585
6237 0.19484714185256435 2.0052284363239052 2.3162401554732237 219 197 155 1.7264696171803307 60 525 50 225 66 594
6238 1.5359612601614432 1.4677049726043165 2.7118201518422285 121 79 56 0.9635004430442079 11 330 50 389 66 701
6239 0.65379400856445091 1.2416458246481363 1.3490791051995425 255 224 50 0.5084317864390776 4 124 50 503 66 466 62 408 76 393 96 425 85 85
6240 0.82600449213601079 1.3684611134274423 2.2510472919494773 5 3 4 1.7088047124778492 4 560 11 206 50 588
6241 0.62347519240526972 1.5496425541103782 2.1701780062783356 167 162 172 0.030070787640976832 4 561 50 590 62 482
6242 1.0658327171554696 0.66198843461639179 1.5027620694363353 175 107 19 0.43960193817749865 4 778 50 777 66 716 62 267
6243 1.5082800109476593 1.4769975383445015 2.6959677312944512 226 211 173 0.42289876718249381 60 364 50 881 66 793
6245 0.99844928381420228 1.2645348134692933 2.8328240611580862 99 64 45 0.71012613832348148 4 963 50 929 66 909
6247 0.50900750495766744 1.3466094113943869 1.7634683508352962 177 117 27 0.34560014863056415 4 976 50 966 62 803
6248 0.050065190632306078 0.6932236607007024 3.1793823852948551 146 94 67 1.8182878168127099 4 1064 50 1009
6249 0.66267327828685052 1.5666535921963076 2.3737993739309364 255 223 60 0.56569290836756869 4 1024 50 1010 66 953 62 864 96 955 85 757
6250 0.4722989063757263 1.7097690672061823 2.3579629658964563 3 4 5 2.01711436208091 4 1043 50 1012 66 963 62 872
6251 0.57609868544963405 1.0990156356598728 2.5365195959751579 28 33 42 0.53363226151394594 4 1062 50 1027
6252 1.0286202875669705 0.90246988636226511 1.5995632846375953 0 0 0 3.3151318926659123 11 853 60 906
6253 0.52371490716311653 1.0182193949518841 2.2668697465491014 255 212 60 0.050836718903900215 50 154 66 162 62 143
6254 0.67241891469568615 1.2309694569154446 2.5643277443266976 38 43 51 0.084359040139632302 50 193 66 196 62 177
6255 0.66705939719032781 1.2539750828937724 2.5925006288532466 35 32 29 0.13786036830684198 50 198 66 201 62 181
6256 0.42533925321211569 1.4671672502877096 2.6928359887808768 216 188 141 0.10963412377778738 50 238 66 213 62 193
6258 1.3959574015622198 2.0767658664269066 2.2483083850657941 249 222 171 0.18075537167733916 50 387 66 360 62 597
6259 0.65688538020638498 1.4268480574587299 2.1241133617753656 141 135 142 0.21456826315604557 4 545 66 549 62 473 96 458 29 473 76 428 85 531
6261 0.64060710518947095 1.1642778913145329 2.6520908775263243 42 43 49 0.74087334593532794 83 152 66 582 62 492
6262 0.68815469042864807 1.2714464401579351 1.3700601535021018 255 251 64 0.14860896416409022 50 510 66 720 62 614
6263 0.77005807318140784 1.6467963090677198 2.5577301802739076 214 185 137 0.08548048322403505 50 631 66 775 62 688
6264 1.4546611244497052 1.9536099681910231 2.3098653464108971 253 232 179 0.30514405483070967 50 879 66 796 62 702
6265 -1.2886188817298336 1.9176379072016945 4.7176118287200293 152 94 63 0.22630551612101607 83 306 66 801
6266 1.7515063672020306 1.5420192025101516 2.6442459031050967 152 94 63 0.71923919358922384 83 628 66 802 62 599
6267 0.68817342314170038 1.2691191261150685 2.2003718034634776 81 74 67 0.74130746611841003 50 950 66 835 62 740
6268 0.62652247433697983 1.4064893805368388 2.728325050080159 224 199 152 0.32218905361903616 50 853 66 851 62 683 76 647 96 674
6269 1.1478475704120314 2.463744376858731 1.9424452996656703 110 68 48 0.12923648187190287 60 841 66 860 62 696
6270 0.10849516119767924 1.9517362702553638 2.2544630497850195 92 58 39 0.2959144489841144 50 920 66 905 62 815
6271 0.31851456405940898 2.0927336308261295 2.1207174268850606 105 73 61 0.81568215901845331 4 955 66 907 62 816 76 651 96 908 85 713
6272 0.51542403890024169 1.0011096661219694 2.9660443564456895 130 86 62 1.0353065084306845 83 864 66 927 32 890
6273 0.72514333674337661 1.2481638646045012 2.1002251286931242 64 58 47 0.10248237686594285 50 992 66 941 62 837
6274 0.6628296576348971 1.5686667634028586 2.3730691279238951 255 221 60 0.61753876836315591 50 1011 66 954 62 865 76 942 96 956 85 758
6275 0.61132866655878282 1.3190539926540263 2.7270654033390995 42 37 26 0.61485000428349512 50 1014 66 955 62 867
6276 0.56320925918639453 1.2009532166534078 2.8541987637733244 26 22 18 0.5229107400948374 50 1015 66 956 62 868
6277 0.56351490342239041 1.2952190891419373 2.7472982516665598 30 26 18 1.8025805402207744 11 942 19 975 66 967
6278 -0.46963760275901634 0.40112325226154788 2.4949866621649135 0 0 0 0.61307364722020363 11 948 66 970
6279 0.99913886391401263 2.3981206542855378 2.0919634966983067 252 227 176 1.0305616086616733 60 1081 66 972
6280 0.99913886391401263 2.3981206542855378 2.0919634966983067 252 227 176 1.0305616086616733 60 1082 66 973
6281 0.46871825627886254 0.86632774646011601 2.1594201066702796 254 206 49 0.24927177615778737 73 113 19 340 11 382 66 520 60 791 4 820 50 555
6282 1.0662950874278123 1.5661096839310507 1.2874583203644228 218 167 49 1.5173909791369597 12 685 60 772 4 800 50 805 66 818 44 1049 87 1022 36 1140 15 1123 8 1314 24 1153 61 1147 54 1052 79 1211 31 1210 47 1088 88 996 100 1064 82 1010 40 957 28 919 32 885 58 885 73 936 67 1027 19 908 11 879 71 924 83 865 62 632
6284 1.0069341042485331 2.4687358315967951 1.8790493432570989 0 0 0 1.8116558090982628 67 1151 73 1058 19 976 11 943 12 1133 60 1065 71 992 92 841 4 1060 50 1022 66 968 72 1008 83 902 37 828 62 874 96 985 76 969
6285 1.0018562676846083 2.4205431635588353 1.9309967793426075 147 99 75 0.39209538723432513 40 791 19 849 11 867 66 910 26 1066 16 683 24 782 61 784 72 829 83 701
6286 -0.46208862814034579 1.3135662847981449 2.9506946954963347 0 0 0 1.9649924066105922 18 169 99 374 84 322
6287 0.25499186850829264 1.4397884981919056 1.9809054054685928 84 90 108 0.12094234261948089 66 161 62 145
6289 0.36309291659654952 2.138167562558368 2.0976017871401096 2 2 1 0.21296746629824939 50 613 66 590 62 190
6290 0.23926703703056459 1.4060502135305675 1.981513673176666 0 0 0 0.29077830430709839 66 534 62 462
6291 0.6466634054060878 1.5190964357966481 2.2366694787037664 23 22 22 0.20079673995122968 4 567 66 566 62 663 96 474 76 440 85 540
6292 0.57559249599062567 1.5771321652065116 2.5754206636226384 251 219 165 0.05281687159327516 50 625 66 598 62 680
6293 0.73859281409339772 1.3703998430281499 1.2095823919683966 254 252 75 0.18891630428508638 83 660 62 708
6295 0.64949077554259382 1.1479766795171422 2.5843808227652239 22 20 23 0.16159509451163165 50 954 66 903 62 810
6296 0.55365325363973383 2.2083470014222177 2.073065491304027 105 69 51 1.2990120445464775 50 979 62 847 96 937 76 919 85 716
6297 0.9644646158172161 1.2238149088963293 2.8575220355351405 224 208 170 0.87861374950364068 50 636 66 290 62 513 95 461 72 346 21 188 37 391 83 511 96 490 76 567
6298 -0.6178487362169397 1.0960792674761455 2.1032269450895971 185 115 23 0.85692187390229213 4 932 62 728
6299 0.98729962348254618 0.76042289652745176 1.6939997106263405 153 88 11 0.099224040101600366 29 136 96 85 76 83
6300 0.72610768625051647 1.2335849287772012 2.0610274163903206 14 22 38 0.076630595476188446 29 221 96 130 76 106
6301 1.3100271957823537 1.3153553555872262 2.7154980548900971 38 20 12 0.081923562301865552 95 247 96 230 76 467
6302 1.5561828277343104 1.4544879424509729 2.6824633379309231 66 48 36 0.20041643137705892 95 272 96 265 85 459
6303 1.0236105803146787 0.67471830949835743 1.488937101260609 173 106 17 0.091554591597402785 29 5 96 287 76 261 85 479
6304 0.90334699224287762 1.0724735647800456 1.1739068191489725 184 109 16 0.77025884817237222 66 365 96 298
6305 0.98800423397097281 0.66942520079091505 1.9259505193365276 255 252 113 1.6202724071874826 37 216 96 427 76 394
6306 0.98800423397097281 0.66942520079091505 1.9259505193365276 255 252 113 1.6202724071874826 37 217 96 428 76 395
6307 1.3204712388039455 0.94437313152747782 1.6778167422158161 255 248 79 0.13675290419249819 29 178 96 433 76 405
6308 0.69871479531222058 1.4277735679799481 2.3088378289524494 34 30 23 0.29760635613351527 62 485 66 569 96 472 76 442 85 425
6309 0.72512372657466295 1.0773778813677035 2.9652097200696952 78 52 42 0.30817714019844483 29 487 96 485 76 558
6310 -0.3355261327513232 2.539360768044459 3.1364570816411264 105 68 49 1.9253569437756037 37 159 96 525
6311 1.1198851314763496 2.4884636452083257 1.901951817732112 108 76 65 0.27032334290515903 72 379 96 532 76 258 85 231
6312 0.62672284171184667 1.6129934109597557 2.2682885959151848 181 179 190 0.37430245127607653 29 691 96 581 76 555 85 610
6313 1.2378246615268995 1.3653072971770115 2.6763502032040778 54 36 24 0.96240584701772247 37 285 96 614 76 587
6314 0.31406027177264878 1.8082324642257237 2.4565395580484752 201 181 142 0.28016835192966377 72 649 96 676 76 650 85 622
6316 0.77166092455666191 1.8341037072671171 2.3596929748089175 233 213 169 0.47962269613040376 37 536 96 689 76 665
6317 0.74774204969162539 1.8537408694554915 2.4142899506772695 235 215 171 0.30491702769591655 72 662 96 699 76 682 85 626
6318 1.2388837741206726 1.4739905704156524 2.6866001239968766 240 218 171 0.53519352339690551 62 760 96 732 76 722
6319 0.70062915519351088 1.3117153276298079 1.1689482773555639 0 0 0 0.30772364092660004 37 514 96 864 76 607
6320 0.72915997352602335 1.3220392704243373 2.0901901141466817 184 138 37 0.53314333785266954 62 839 96 896 76 879 85 675
6321 1.4578035055730429 1.0057158281631906 1.6826316776287151 255 225 65 0.24106293017516578 29 1094 96 923 76 932
6322 1.6538430433347093 1.7204834756257223 2.5061631757830893 238 214 172 0.31715565920333572 29 1119 96 961 76 950
6323 1.1258053451076422 0.85009827366140378 1.7342564122267314 160 102 21 1.2899932634673461 29 1160 72 987 96 966 76 953 85 748
6324 1.3968166818202095 2.115708810323663 2.1881421455709855 255 230 176 0.71470265309141501 29 1157 96 979 85 765
6325 0.64702963779868783 1.5554229262658279 2.2825067095617646 15 11 11 0.31010369356048939 21 195 29 274 96 479 11 210 12 178 60 518 4 573 50 596 66 578 76 450
6326 1.1394505156208119 2.5141906297019174 1.9411773687572564 229 202 158 0.5242803744748058 72 244 21 675 29 1021 37 186 96 861 4 964 50 930 66 861 11 552 60 847 62 789 76 844 85 690
6327 0.65715751751889495 1.4269797109480971 2.1245038131956022 147 139 145 0.19306041437881866 21 164 29 474 96 459 4 546 66 550 76 429 85 532
6328 0.64834695012242427 1.5548659826274087 2.2824159948420215 29 26 23 0.32905233347379242 21 194 29 273 96 478 19 197 11 209 12 177 60 517 4 572 50 595 66 577 62 665 76 449 85 546
6329 0.93245504533680035 0.78991400792815791 1.6753663197762201 212 129 17 0.29843441805162574 96 83 76 81 85 84 62 407
6338 1.1600329426806282 2.4636264283781073 1.9422082072905227 104 64 46 0.29286404426613716 29 374 76 260
6339 1.0053167165417667 0.71273128264951546 1.5063465994057572 184 114 17 0.19813775615490226 96 303 76 276 85 255
6340 1.0026191451509161 0.70084732780741621 1.5565036633196134 176 104 14 0.13873019545310358 96 328 76 294 85 272
6341 0.97921615884141433 0.73138499508161603 1.6200297413270546 180 105 13 0.079361656530382962 96 373 76 347 85 325
6342 0.68129599685942444 1.1905581848775419 1.2813673946603565 223 121 14 0.086416211066063911 96 389 76 357 85 310
6343 0.96512663078737437 0.7759440884007881 1.6300218532613022 191 115 15 0.15223021788981919 96 402 76 374 85 350
6344 0.65364392895224288 1.3438769453696535 1.2060683277365523 254 233 70 0.015008987132412839 96 408 76 378
6345 0.96153935416856617 0.76535659909695819 1.6791159546184211 185 105 12 0.079229000756539603 96 410 76 380 85 357
6346 0.66233818178594484 1.2227610143741237 1.3426520414285963 228 121 13 0.078441206465600974 96 421 76 389 85 358
6347 0.95609973789799541 0.78699400077719806 1.6878369844420162 255 213 53 0.16222852116839623 96 422 76 390 85 94
6348 0.76093032255167758 1.4500712399173987 1.2573648638090944 253 230 69 0.090708150837260401 96 429 76 396 85 367
6349 0.76093032255167758 1.4500712399173987 1.2573648638090944 253 230 69 0.090708150837260401 96 430 76 397 85 368
6350 1.2111741560843001 0.79484827085978538 1.7643653984475292 1 1 0 0.26766833621090047 96 93 76 399 85 100
6354 0.64975970897772528 1.4860183900876716 2.1882520568046435 28 27 25 0.14197243288090355 62 658 96 468 76 435 85 535
6356 1.1731815826494745 0.71718516913622843 1.6745176477415837 2 2 0 0.062377954281213704 96 414 76 504
6357 1.1731815826494745 0.71718516913622843 1.6745176477415837 2 2 0 0.062377954281213704 96 415 76 505
6360 0.17523675378963607 2.2224570016058132 2.2781625445892777 0 0 0 0.4012592035126159 37 378 85 454
6361 0.78677012824386916 1.4164036743523198 1.2416964298320716 3 2 1 0.058872064039543905 96 630 76 610 85 583
6362 0.93363517083985403 1.4890928581403149 1.2734117274467283 254 250 76 0.20890673510849567 96 885 76 616 85 587
6369 0.77166092455666058 1.8341037072671171 2.3596929748089188 236 214 169 0.47962269613038605 37 535 96 688 76 664
6372 0.96288156676718129 2.3383979532313068 2.0350453995016209 231 214 175 0.31700067567042683 96 622 76 801 85 578
6373 1.002763645374444 2.4124724327623848 1.922675322964837 147 100 77 0.19739499544551808 96 915 76 810 85 633
6374 1.6653813934236126 1.5853233040863615 2.574137152678853 248 225 176 0.32825776294654058 96 840 76 826 85 640
6375 0.67522729641975099 1.1834816724606911 1.09761908400466 255 253 76 0.099590595616625796 96 862 76 845 85 650
6376 0.67522729641975099 1.1834816724606911 1.09761908400466 255 253 76 0.099590595616625796 96 863 76 846 85 651
6377 0.91763782742178734 0.89496483111429681 1.6469595960752792 255 244 74 0.15350667675693086 96 869 76 850 85 657
6378 0.67917515231283254 1.2522936436093868 1.3872668466350608 255 254 71 0.41097667774133778 96 874 76 851 85 584
6383 0.73829049603886321 2.3183390822291119 1.9811607544209693 0 0 0 0.17928190202391744 37 576 96 741 76 892
6384 1.140296956815557 0.70275749023654221 1.6552863199005803 255 254 78 0.054581501566499067 96 919 76 896
6385 0.80422789757282154 1.3305466150490446 1.1651438659986928 254 252 77 0.099044964298342697 96 920 76 897 85 652
6386 1.685297723686995 1.6670423618682684 2.5504754424389953 233 206 163 0.27974042084505818 72 938 96 962 76 924
6392 1.0536878344440128 0.66010746893287164 1.4980569300197086 135 71 7 0.88564555462191985 72 261 95 325 21 14 10 1 49 510 3 332 29 626 96 288 76 262 11 346 12 340 60 389 66 717 62 268 85 236
6393 0.62215713292597252 1.4735856482047636 2.1280463767421725 134 130 142 0.22748422217123374 21 174 29 235 76 431 66 182 62 155
6394 0.65883728484701587 1.328474730829335 1.9755781385827909 188 132 30 0.083299477308161771 96 129 76 105 85 148
6395 0.71451631954343853 1.2856167654193007 2.1510357273229839 66 60 50 0.044341587879059709 96 143 76 119 85 407
6396 0.1149426073713213 1.532132629305696 2.3432475118049356 114 83 22 0.3934547905511987 96 153 76 125 85 171
6397 0.041678395340612885 1.4639828544559963 2.5385577130801371 91 65 9 0.17427938376855245 96 161 76 137 85 431
6398 0.3245481856350943 1.8120491697840806 2.1777171943693343 40 37 29 0.14391283157359594 96 181 76 155 85 187
6399 1.4952856784162702 1.4739465414832578 2.6685113858848082 93 56 37 0.043060891326827944 96 259 76 226
6400 1.6030358826724838 1.5320337781183768 2.6489045355186573 228 211 173 0.032588774906585752 96 272 76 243
6401 0.70748691303683198 1.3334468707142497 2.1580611409518555 18 17 16 0.090007439571054337 96 456 76 421 85 410
6402 0.70838792593289701 1.3656084841106699 2.206381263653387 22 21 20 0.16217313761411409 96 462 76 432 85 414
6403 0.70838792593289701 1.3656084841106699 2.206381263653387 22 21 20 0.16217313761411409 96 463 76 433 85 415
6404 0.71118592223787114 1.4322583876416317 2.2992888250157888 38 33 26 0.13533578757382295 96 473 76 443 85 426
6405 0.56751639416000044 1.0099226153278458 2.9355636874969586 27 13 7 0.54365057762560964 96 578 76 551 85 548
6406 1.064903892616915 1.3324778273878013 2.7758062314897392 226 211 176 0.064256181927621739 96 493 76 580
6407 0.68674355273648702 1.2375627763144912 2.04177612812224 184 131 31 0.2243244254818372 96 652 76 624 85 600
6408 0.060165200950346345 1.8801949588062141 2.3588461981609763 83 86 80 0.17953889688394523 96 667 76 638 85 617
6409 0.1421007028946607 1.9517935070450769 2.3121637832115263 89 59 42 0.21922630172130944 96 670 76 640 85 619
6410 0.65431273082605201 1.6055214370671074 2.3803187897556577 254 222 61 0.15707241266778904 96 668 76 641 85 616
6411 0.68568806104115831 1.2356065204974074 2.8699872163105806 223 204 163 0.07231594043141415 96 671 76 643 85 620
6412 0.27538207877245729 1.8603703408031778 2.421333914792815 194 178 141 0.19379644048276293 96 679 76 649 85 621
6413 1.3390044554422758 1.5888843686614094 2.6577809741505409 250 227 176 1.0329228585785082 96 786 76 778 85 631
6414 1.3390044554422758 1.5888843686614094 2.6577809741505409 250 227 176 1.0329228585785082 96 787 76 779 85 632
6415 0.68487581770499317 1.3732077381762136 2.0525065887437073 207 150 37 0.22155614328427298 96 897 76 877 85 703
6416 0.59278362572084875 1.0499541044676319 2.9538112709603133 156 99 68 0.18354244945174583 96 903 76 885 85 613
6417 0.65080032513493702 1.60448795467188 2.4642045580085652 111 88 65 0.095880187538153638 96 907 76 888 85 712
6418 0.59562431328254395 1.653724131435848 2.5367683334129012 244 216 164 0.092507173780673482 96 909 76 889 85 685
6419 0.69572455587274928 1.2225864931061317 2.1393150105297738 72 67 58 1.0599741816844388 96 947 76 936 85 753
6420 0.65596250556657465 1.4335051480946477 2.0873758833461973 73 71 69 0.11194767792856068 96 951 76 938 85 729
6421 0.29935205489256811 1.7835530689270447 2.3867946180236723 31 27 21 0.19619376714383432 96 958 76 944 85 759
6422 0.55703299428770769 1.2978052615019324 2.7250649243285472 30 26 20 1.8681817745534388 96 983 76 967 85 767
6423 0.25233676478289507 1.8159027345251384 2.3477211933415894 33 28 26 0.72894103158183421 96 984 76 968 85 768
6424 -0.54681667086312979 1.7116108242228316 2.4483091607895981 43 27 19 0.071549246863081853 76 123 96 148 85 180
6425 1.2977465165769475 1.467829703698126 2.6702691315944689 214 198 159 0.47892092556172911 76 962 85 738
6426 10.864554142709993 4.8033493965046672 -1.3529361885520821 202 150 41 1.1831740615978255 56 18 69 18 25 13
6427 -0.50654518363136214 0.63738202622783602 2.5273407528708369 99 75 19 0.099287768142857266 1 94 25 80 14 74
6428 -1.7643654109723796 0.3462134542351174 2.7348614981118318 18 26 39 0.53855898471945263 56 140 25 115
6429 -0.43958676027951454 1.1213768255730974 2.9413595619066788 57 48 37 1.8740237827559294 1 207 25 173 14 156
6430 -0.56464613081335835 1.0740226362140657 2.9625304525506104 125 114 93 1.4932858420819091 1 230 25 177 14 166
6431 -0.63176184705577543 0.77798151741671651 3.2032532023844773 99 100 88 0.32793134493157017 1 368 25 186
6432 0.67517454295379431 1.1728805037334915 1.1011625105520206 143 128 49 0.24973827391838932 1 704 27 433 25 287 14 338
6433 0.65228741205083574 0.97226701669862803 1.281420531134021 133 124 72 0.20032447597044489 27 562 25 483 14 573
6434 -0.44891017175912679 0.73322746205963829 3.2395717158000519 152 147 126 0.2369160826781963 1 826 25 523 14 622
6435 5.8146777850528544 3.1404184909141253 -0.031903341066431966 189 141 39 1.0037953613073309 56 19 14 8 69 19
6436 1.3165720226425139 0.84937495710518884 1.7308565059814938 2 1 0 0.025341134385903748 25 21 14 10
6437 0.59409759766360248 1.0731676102737331 1.7890562441858231 142 99 21 0.50091582792861244 56 43 14 24 69 39
6438 -0.76651419931523823 1.2980122910885346 2.4299347314169615 23 33 47 0.13544147743431645 25 251 14 105
6439 -1.5700986706874407 0.38082982166275625 2.7843927578883956 0 0 0 2.7291912451353526 56 142 14 125 69 129
6440 -0.41201221956677481 0.75079914667923298 2.9176977540046001 60 50 10 0.041493336939103675 25 141 14 132
6441 -0.46693550718965898 1.1105615145180836 2.9466941848455233 57 49 37 0.070089207718746688 25 172 14 164
6442 2.0647281319837036 2.6131282238355773 2.5369863561829349 106 104 118 1.5045304106831907 56 165 14 291 69 151
